edinet_code,sec_code,doc_id,filer_name,period_end,submit_date,doc_description
E34722,7058,S100W9QB,共栄セキュリティーサービス株式会社,2025-03-31,2025-06-30,有価証券報告書－第41期(2024/04/01－2025/03/31)
E05713,3856,S100W9LG,Ａｂａｌａｎｃｅ株式会社,2025-03-31,2025-06-30,有価証券報告書－第26期(2024/07/01－2025/03/31)
E05680,3843,S100WE4B,フリービット株式会社,2025-04-30,2025-07-23,有価証券報告書－第25期(2024/05/01－2025/04/30)
E01856,6905,S100WGO2,コーセル株式会社,2025-05-20,2025-08-07,有価証券報告書－第56期(2024/05/21－2025/05/20)
E32381,3544,S100WH8K,サツドラホールディングス株式会社,2025-05-15,2025-08-07,有価証券報告書－第9期(2024/05/16－2025/05/15)
E34102,9278,S100WJSD,ブックオフグループホールディングス株式会社,2025-05-31,2025-08-15,有価証券報告書－第7期(2024/06/01－2025/05/31)
E24129,3160,S100WJ4B,株式会社大光,2025-05-31,2025-08-19,有価証券報告書－第75期(2024/06/01－2025/05/31)
E10737,3549,S100WJXT,株式会社クスリのアオキホールディングス,2025-05-20,2025-08-19,有価証券報告書－第27期(2024/05/21－2025/05/20)
E03423,2791,S100WK2E,大黒天物産株式会社,2025-05-31,2025-08-19,有価証券報告書－第39期(2024/06/01－2025/05/31)
E00710,7921,S100WKEQ,株式会社ＴＡＫＡＲＡ　＆　ＣＯＭＰＡＮＹ,2025-05-31,2025-08-20,有価証券報告書－第88期(2024/06/01－2025/05/31)
E05027,4716,S100WK81,日本オラクル株式会社,2025-05-31,2025-08-20,有価証券報告書－第40期(2024/06/01－2025/05/31)
E05729,2168,S100WJZQ,株式会社パソナグループ,2025-05-31,2025-08-20,有価証券報告書－第18期(2024/06/01－2025/05/31)
E02968,3321,S100WKFZ,ミタチ産業株式会社,2025-05-31,2025-08-21,有価証券報告書－第49期(2024/06/01－2025/05/31)
E21606,3148,S100WK8P,株式会社クリエイトＳＤホールディングス,2025-05-31,2025-08-21,有価証券報告書－第28期(2024/06/01－2025/05/31)
E00059,1887,S100WKKV,日本国土開発株式会社,2025-05-31,2025-08-22,有価証券報告書－第96期(2024/06/01－2025/05/31)
E38684,5885,S100WKSA,株式会社ジーデップ・アドバンス,2025-05-31,2025-08-22,有価証券報告書－第10期(2024/06/01－2025/05/31)
E05527,2459,S100WKVQ,アウンコンサルティング株式会社,2025-05-31,2025-08-25,有価証券報告書－第27期(2024/06/01－2025/05/31)
E05289,2303,S100WKOH,株式会社ドーン,2025-05-31,2025-08-25,有価証券報告書－第34期(2024/06/01－2025/05/31)
E00687,3892,S100WKVW,株式会社岡山製紙,2025-05-31,2025-08-25,有価証券報告書－第184期(2024/06/01－2025/05/31)
E03386,2722,S100WL0T,株式会社ＩＫホールディングス,2025-05-31,2025-08-25,有価証券報告書－第44期(2024/06/01－2025/05/31)
E02842,7487,S100WKUS,小津産業株式会社,2025-05-31,2025-08-25,有価証券報告書－第114期(2024/06/01－2025/05/31)
E03424,2792,S100WKJF,株式会社ハニーズホールディングス,2025-05-31,2025-08-25,有価証券報告書－第47期(2024/06/01－2025/05/31)
E05313,8908,S100WKTA,株式会社毎日コムネット,2025-05-31,2025-08-25,有価証券報告書－第47期(2024/06/01－2025/05/31)
E30598,3297,S100WKV4,株式会社東武住販,2025-05-31,2025-08-25,有価証券報告書－第42期(2024/06/01－2025/05/31)
E05379,2796,S100WL4W,ファーマライズホールディングス株式会社,2025-05-31,2025-08-25,有価証券報告書－第39期(2024/06/01－2025/05/31)
E00006,1377,S100WKSN,株式会社　サカタのタネ,2025-05-31,2025-08-25,有価証券報告書－第84期(2024/06/01－2025/05/31)
E34960,4443,S100WKZJ,Ｓａｎｓａｎ株式会社,2025-05-31,2025-08-25,有価証券報告書－第18期(2024/06/01－2025/05/31)
E02336,7725,S100WL5W,株式会社インターアクション,2025-05-31,2025-08-25,有価証券報告書－第33期(2024/06/01－2025/05/31)
E04764,9765,S100WKLV,株式会社オオバ,2025-05-31,2025-08-25,有価証券報告書－第91期(2024/06/01－2025/05/31)
E03169,9812,S100WL8B,株式会社テーオーホールディングス,2025-05-31,2025-08-26,有価証券報告書－第71期(2024/06/01－2025/05/31)
E00890,4465,S100WL0G,株式会社ニイタカ,2025-05-31,2025-08-26,有価証券報告書－第63期(2024/06/01－2025/05/31)
E36350,4885,S100WL9D,室町ケミカル株式会社,2025-05-31,2025-08-26,有価証券報告書－第79期(2024/06/01－2025/05/31)
E01742,6505,S100WL6X,東洋電機製造株式会社,2025-05-31,2025-08-26,有価証券報告書－第164期(2024/06/01－2025/05/31)
E05162,4825,S100WL79,株式会社ウェザーニューズ,2025-05-31,2025-08-26,有価証券報告書－第39期(2024/06/01－2025/05/31)
E26831,5932,S100WJUP,三協立山株式会社,2025-05-31,2025-08-26,有価証券報告書－第80期(2024/06/01－2025/05/31)
E33254,6552,S100WLAB,株式会社ＧａｍｅＷｉｔｈ,2025-05-31,2025-08-26,有価証券報告書－第12期(2024/06/01－2025/05/31)
E00004,1376,S100WL4U,カネコ種苗株式会社,2025-05-31,2025-08-26,有価証券報告書－第78期(2024/06/01－2025/05/31)
E31306,1430,S100WLC9,ファーストコーポレーション株式会社,2025-05-31,2025-08-27,有価証券報告書－第14期(2024/06/01－2025/05/31)
E33393,9265,S100WKIB,ヤマシタヘルスケアホールディングス株式会社,2025-05-31,2025-08-27,有価証券報告書－第8期(2024/06/01－2025/05/31)
E02480,3791,S100WL1X,株式会社ＩＧポート,2025-05-31,2025-08-27,有価証券報告書－第36期(2024/06/01－2025/05/31)
E05706,2153,S100WLJ8,Ｅ・Ｊホールディングス株式会社,2025-05-31,2025-08-27,有価証券報告書－第18期(2024/06/01－2025/05/31)
E03465,3021,S100WLI3,株式会社パシフィックネット,2025-05-31,2025-08-27,有価証券報告書－第37期(2024/06/01－2025/05/31)
E02323,7713,S100WKLO,シグマ光機株式会社,2025-05-31,2025-08-27,有価証券報告書－第50期(2024/06/01－2025/05/31)
E01649,6496,S100WLJD,株式会社中北製作所,2025-05-31,2025-08-27,有価証券報告書－第99期(2024/06/01－2025/05/31)
E00574,3501,S100WLEX,ＳＵＭＩＮＯＥ株式会社,2025-05-31,2025-08-27,有価証券報告書－第136期(2024/06/01－2025/05/31)
E31454,6047,S100WLMH,株式会社Ｇｕｎｏｓｙ,2025-05-31,2025-08-27,有価証券報告書－第13期(2024/06/01－2025/05/31)
E05169,4829,S100WLO4,日本エンタープライズ株式会社,2025-05-31,2025-08-27,有価証券報告書－第37期(2024/06/01－2025/05/31)
E04873,9651,S100WL4H,日本プロセス株式会社,2025-05-31,2025-08-27,有価証券報告書－第58期(2024/06/01－2025/05/31)
E24187,4577,S100WLMY,ダイト株式会社,2025-05-31,2025-08-27,有価証券報告書－第83期(2024/06/01－2025/05/31)
E36637,4198,S100WLGP,株式会社テンダ,2025-05-31,2025-08-27,有価証券報告書－第30期(2024/06/01－2025/05/31)
E27305,1419,S100WL4I,タマホーム株式会社,2025-05-31,2025-08-27,有価証券報告書－第27期(2024/06/01－2025/05/31)
E27855,6083,S100WLGA,ＥＲＩホールディングス株式会社,2025-05-31,2025-08-27,有価証券報告書－第12期(2024/06/01－2025/05/31)
E03446,3349,S100WLSP,株式会社コスモス薬品,2025-05-31,2025-08-28,有価証券報告書－第43期(2024/06/01－2025/05/31)
E05449,3760,S100WL3H,株式会社ケイブ,2025-05-31,2025-08-28,有価証券報告書－第31期(2024/06/01－2025/05/31)
E04064,3236,S100WLW2,株式会社プロパスト,2025-05-31,2025-08-28,有価証券報告書－第39期(2024/06/01－2025/05/31)
E03989,8887,S100WLYW,株式会社シーラホールディングス,2025-05-31,2025-08-28,有価証券報告書－第47期(2024/06/01－2025/05/31)
E34663,4430,S100WLXE,東海ソフト株式会社,2025-05-31,2025-08-28,有価証券報告書－第56期(2024/06/01－2025/05/31)
E40147,277A,S100WLJK,グロービング株式会社,2025-05-31,2025-08-28,有価証券報告書－第10期(2024/06/01－2025/05/31)
E01380,5967,S100WLV7,ＴＯＮＥ株式会社,2025-05-31,2025-08-28,有価証券報告書－第90期(2024/06/01－2025/05/31)
E05536,2462,S100WLRT,ライク株式会社,2025-05-31,2025-08-28,有価証券報告書－第32期(2024/06/01－2025/05/31)
E02803,7434,S100WLHT,株式会社オータケ,2025-05-31,2025-08-28,有価証券報告書－第73期(2024/06/01－2025/05/31)
E33497,7808,S100WLYT,株式会社シー・エス・ランバー,2025-05-31,2025-08-29,有価証券報告書－第43期(2024/06/01－2025/05/31)
E00866,7888,S100WLZJ,三光合成株式会社,2025-05-31,2025-08-29,有価証券報告書－第92期(2024/06/01－2025/05/31)
E01508,6150,S100WLR3,タケダ機械株式会社,2025-05-31,2025-08-29,有価証券報告書－第54期(2024/06/01－2025/05/31)
E34644,7673,S100WM3R,ダイコー通産株式会社,2025-05-31,2025-08-29,有価証券報告書－第50期(2024/06/01－2025/05/31)
E37399,9216,S100WLY3,ビーウィズ株式会社,2025-05-31,2025-08-29,有価証券報告書－第26期(2024/06/01－2025/05/31)
E05601,3810,S100WM70,サイバーステップ株式会社,2025-05-31,2025-08-29,有価証券報告書－第25期(2024/06/01－2025/05/31)
E05450,2437,S100WM4T,Ｓｈｉｎｗａ　Ｗｉｓｅ　Ｈｏｌｄｉｎｇｓ株式会社,2025-05-31,2025-08-29,有価証券報告書－第36期(2024/06/01－2025/05/31)
E31379,6044,S100WLAF,株式会社三機サービス,2025-05-31,2025-08-29,有価証券報告書－第48期(2024/06/01－2025/05/31)
E03409,2769,S100WLQL,株式会社ヴィレッジヴァンガードコーポレーション,2025-05-31,2025-08-29,有価証券報告書－第37期(2024/06/01－2025/05/31)
E40662,372A,S100WMBE,株式会社レント,2025-05-31,2025-09-01,有価証券報告書－第41期(2024/06/01－2025/05/31)
E39505,208A,S100WNI1,株式会社構造計画研究所ホールディングス,2025-06-30,2025-09-05,有価証券報告書－第1期(2024/07/01－2025/06/30)
E33416,9267,S100WNXO,Ｇｅｎｋｙ　ＤｒｕｇＳｔｏｒｅｓ株式会社,2025-06-20,2025-09-10,有価証券報告書－第8期(2024/06/21－2025/06/20)
E30501,3191,S100WO68,株式会社ジョイフル本田,2025-06-20,2025-09-16,有価証券報告書－第50期(2024/06/21－2025/06/20)
E05163,4826,S100WOO0,株式会社ＣＩＪ,2025-06-30,2025-09-17,有価証券報告書－第50期(2024/07/01－2025/06/30)
E33026,3984,S100WPIP,株式会社ユーザーローカル,2025-06-30,2025-09-17,有価証券報告書－第20期(2024/07/01－2025/06/30)
E05191,4847,S100WP1M,株式会社インテリジェント　ウェイブ,2025-06-30,2025-09-17,有価証券報告書－第42期(2024/07/01－2025/06/30)
E02398,7962,S100WOZY,株式会社キングジム,2025-06-20,2025-09-17,有価証券報告書－第77期(2024/06/21－2025/06/20)
E00009,1381,S100WPSG,株式会社アクシーズ,2025-06-30,2025-09-18,有価証券報告書－第63期(2024/07/01－2025/06/30)
E02448,5903,S100WP45,シンポ株式会社,2025-06-30,2025-09-18,有価証券報告書－第55期(2024/07/01－2025/06/30)
E34288,4398,S100WPQK,株式会社ブロードバンドセキュリティ,2025-06-30,2025-09-19,有価証券報告書－第26期(2024/07/01－2025/06/30)
E34111,4396,S100WPID,株式会社システムサポート,2025-06-30,2025-09-19,有価証券報告書－第46期(2024/07/01－2025/06/30)
E05663,3836,S100WPOP,株式会社アバントグループ,2025-06-30,2025-09-19,有価証券報告書－第29期(2024/07/01－2025/06/30)
E04972,4657,S100WQ16,株式会社環境管理センター,2025-06-30,2025-09-22,有価証券報告書－第56期(2024/07/01－2025/06/30)
E30071,6090,S100WPSX,ヒューマン・メタボローム・テクノロジーズ株式会社,2025-06-30,2025-09-22,有価証券報告書－第22期(2024/07/01－2025/06/30)
E05695,2154,S100WQCA,株式会社オープンアップグループ,2025-06-30,2025-09-22,有価証券報告書－第21期(2024/07/01－2025/06/30)
E05576,2481,S100WPVC,株式会社タウンニュース社,2025-06-30,2025-09-22,有価証券報告書－第45期(2024/07/01－2025/06/30)
E02492,7821,S100WQAH,前田工繊株式会社,2025-06-30,2025-09-22,有価証券報告書－第53期(2024/07/01－2025/06/30)
E00476,2904,S100WQ1K,一正蒲鉾株式会社,2025-06-30,2025-09-22,有価証券報告書－第61期(2024/07/01－2025/06/30)
E01208,5283,S100WQGP,株式会社高見澤,2025-06-30,2025-09-24,有価証券報告書－第75期(2024/07/01－2025/06/30)
E02847,7500,S100WQDH,西川計測株式会社,2025-06-30,2025-09-24,有価証券報告書－第90期(2024/07/01－2025/06/30)
E33838,6571,S100WQ4P,キュービーネットホールディングス株式会社,2025-06-30,2025-09-24,有価証券報告書－第11期(2024/07/01－2025/06/30)
E02928,2689,S100WQ48,オルバヘルスケアホールディングス株式会社,2025-06-30,2025-09-24,有価証券報告書－第76期(2024/07/01－2025/06/30)
E01666,6340,S100WQN6,澁谷工業株式会社,2025-06-30,2025-09-24,有価証券報告書－第77期(2024/07/01－2025/06/30)
E05100,4767,S100WQIM,株式会社テー・オー・ダブリュー,2025-06-30,2025-09-24,有価証券報告書－第49期(2024/07/01－2025/06/30)
E02039,6874,S100WQ31,協立電機株式会社,2025-06-30,2025-09-24,有価証券報告書－第67期(2024/07/01－2025/06/30)
E32988,6547,S100WQPA,株式会社グリーンズ,2025-06-30,2025-09-24,有価証券報告書－第62期(2024/07/01－2025/06/30)
E31575,6239,S100WQEO,株式会社ナガオカ,2025-06-30,2025-09-24,有価証券報告書－第21期(2024/07/01－2025/06/30)
E31573,3916,S100WQQ5,デジタル・インフォメーション・テクノロジー株式会社,2025-06-30,2025-09-24,有価証券報告書－第24期(2024/07/01－2025/06/30)
E26444,6062,S100WQO9,株式会社チャーム・ケア・コーポレーション,2025-06-30,2025-09-24,有価証券報告書－第41期(2024/07/01－2025/06/30)
E01219,5380,S100WPZQ,新東株式会社,2025-06-30,2025-09-24,有価証券報告書－第62期(2024/07/01－2025/06/30)
E04008,8912,S100WQF8,株式会社エリアクエスト,2025-06-30,2025-09-24,有価証券報告書－第26期(2024/07/01－2025/06/30)
E00010,1382,S100WPAF,株式会社ホーブ,2025-06-30,2025-09-24,有価証券報告書－第39期(2024/07/01－2025/06/30)
E36412,5074,S100WQOK,テスホールディングス株式会社,2025-06-30,2025-09-24,有価証券報告書－第16期(2024/07/01－2025/06/30)
E32181,3538,S100WQBH,株式会社ウイルプラスホールディングス,2025-06-30,2025-09-24,有価証券報告書－第18期(2024/07/01－2025/06/30)
E27464,3286,S100WQTF,トラストホールディングス株式会社,2025-06-30,2025-09-24,有価証券報告書－第12期(2024/07/01－2025/06/30)
E05570,9421,S100WOVL,株式会社エヌジェイホールディングス,2025-06-30,2025-09-24,有価証券報告書－第34期(2024/07/01－2025/06/30)
E04069,3242,S100WQT7,株式会社アーバネットコーポレーション,2025-06-30,2025-09-24,有価証券報告書－第28期(2024/07/01－2025/06/30)
E03404,2762,S100WQ92,株式会社ＳＡＮＫＯ　ＭＡＲＫＥＴＩＮＧ　ＦＯＯＤＳ,2025-06-30,2025-09-24,有価証券報告書－第49期(2024/07/01－2025/06/30)
E33839,9450,S100WQ94,株式会社ファイバーゲート,2025-06-30,2025-09-24,有価証券報告書－第26期(2024/07/01－2025/06/30)
E03475,3028,S100WQEC,株式会社アルペン,2025-06-30,2025-09-24,有価証券報告書－第53期(2024/07/01－2025/06/30)
E05239,4326,S100WQAK,株式会社インテージホールディングス,2025-06-30,2025-09-24,有価証券報告書－第53期(2024/07/01－2025/06/30)
E34064,4385,S100WQDW,株式会社メルカリ,2025-06-30,2025-09-24,有価証券報告書－第13期(2024/07/01－2025/06/30)
E02324,6888,S100WQFV,アクモス株式会社,2025-06-30,2025-09-24,有価証券報告書－第34期(2024/07/01－2025/06/30)
E02349,7747,S100WQNM,朝日インテック株式会社,2025-06-30,2025-09-24,有価証券報告書－第49期(2024/07/01－2025/06/30)
E27421,3675,S100WQAV,株式会社クロス・マーケティンググループ,2025-06-30,2025-09-24,有価証券報告書－第13期(2024/07/01－2025/06/30)
E02491,3439,S100WQN3,株式会社三ツ知,2025-06-30,2025-09-25,有価証券報告書－第63期(2024/07/01－2025/06/30)
E31622,7812,S100WQQN,株式会社クレステック,2025-06-30,2025-09-25,有価証券報告書－第41期(2024/07/01－2025/06/30)
E36969,7135,S100WQJ2,ジャパンクラフトホールディングス株式会社,2025-06-30,2025-09-25,有価証券報告書－第4期(2024/07/01－2025/06/30)
E31602,7781,S100WR5J,株式会社平山ホールディングス,2025-06-30,2025-09-25,有価証券報告書－第59期(2024/07/01－2025/06/30)
E03528,3097,S100WR57,株式会社物語コーポレーション,2025-06-30,2025-09-25,有価証券報告書－第56期(2024/07/01－2025/06/30)
E03280,7532,S100WR05,株式会社パン・パシフィック・インターナショナルホールディングス,2025-06-30,2025-09-25,有価証券報告書－第45期(2024/07/01－2025/06/30)
E04025,8928,S100WQZC,穴吹興産株式会社,2025-06-30,2025-09-25,有価証券報告書－第62期(2024/07/01－2025/06/30)
E38139,9340,S100WR24,株式会社アソインターナショナル,2025-06-30,2025-09-25,有価証券報告書－第38期(2024/07/01－2025/06/30)
E02058,6785,S100WQD6,株式会社鈴木,2025-06-30,2025-09-25,有価証券報告書－第56期(2024/07/01－2025/06/30)
E05505,8945,S100WQZF,サンネクスタグループ株式会社,2025-06-30,2025-09-25,有価証券報告書－第27期(2024/07/01－2025/06/30)
E01068,4976,S100WR11,東洋ドライルーブ株式会社,2025-06-30,2025-09-25,有価証券報告書－第63期(2024/07/01－2025/06/30)
E22995,3154,S100WQP5,メディアスホールディングス株式会社,2025-06-30,2025-09-25,有価証券報告書－第16期(2024/07/01－2025/06/30)
E00329,1414,S100WQS8,ショーボンドホールディングス株式会社,2025-06-30,2025-09-25,有価証券報告書－第18期(2024/07/01－2025/06/30)
E21381,2180,S100WQST,株式会社サニーサイドアップグループ,2025-06-30,2025-09-25,有価証券報告書－第40期(2024/07/01－2025/06/30)
E32364,2820,S100WQUM,株式会社やまみ,2025-06-30,2025-09-25,有価証券報告書－第51期(2024/07/01－2025/06/30)
E31524,9417,S100WQZW,株式会社スマートバリュー,2025-06-30,2025-09-25,有価証券報告書－第78期(2024/07/01－2025/06/30)
E05187,4845,S100WPSD,株式会社スカラ,2025-06-30,2025-09-25,有価証券報告書－第39期(2024/07/01－2025/06/30)
E05458,2428,S100WQVK,ウェルネット株式会社,2025-06-30,2025-09-25,有価証券報告書－第43期(2024/07/01－2025/06/30)
E38979,2938,S100WQVV,株式会社オカムラ食品工業,2025-06-30,2025-09-25,有価証券報告書－第55期(2024/07/01－2025/06/30)
E39645,197A,S100WRAR,株式会社タウンズ,2025-06-30,2025-09-25,有価証券報告書－第10期(2024/07/01－2025/06/30)
E31216,6036,S100WR7B,ＫｅｅＰｅｒ技研株式会社,2025-06-30,2025-09-25,有価証券報告書－第33期(2024/07/01－2025/06/30)
E27868,5698,S100WR6T,株式会社エンビプロ・ホールディングス,2025-06-30,2025-09-25,有価証券報告書－第16期(2024/07/01－2025/06/30)
E36539,7377,S100WQ3S,ＤＮホールディングス株式会社,2025-06-30,2025-09-25,有価証券報告書－第4期(2024/07/01－2025/06/30)
E38898,3958,S100WQWB,笹徳印刷株式会社,2025-06-30,2025-09-25,有価証券報告書－第76期(2024/07/01－2025/06/30)
E05055,9439,S100WQ59,株式会社エム・エイチ・グループ,2025-06-30,2025-09-25,有価証券報告書－第36期(2024/07/01－2025/06/30)
E01991,6920,S100WQ7F,レーザーテック株式会社,2025-06-30,2025-09-25,有価証券報告書－第63期(2024/07/01－2025/06/30)
E36750,6227,S100WQVH,ＡＩメカテック株式会社,2025-06-30,2025-09-25,有価証券報告書－第9期(2024/07/01－2025/06/30)
E33392,7809,S100WQU3,株式会社壽屋,2025-06-30,2025-09-25,有価証券報告書－第72期(2024/07/01－2025/06/30)
E02485,7826,S100WR44,株式会社フルヤ金属,2025-06-30,2025-09-25,有価証券報告書－第57期(2024/07/01－2025/06/30)
E31284,3457,S100WQWR,株式会社Ａｎｄ　Ｄｏホールディングス,2025-06-30,2025-09-25,有価証券報告書－第17期(2024/07/01－2025/06/30)
E05564,2477,S100WQOA,手間いらず株式会社,2025-06-30,2025-09-25,有価証券報告書－第22期(2024/07/01－2025/06/30)
E03306,7585,S100WR5V,株式会社かんなん丸,2025-06-30,2025-09-25,有価証券報告書－第48期(2024/07/01－2025/06/30)
E31551,3135,S100WRDT,株式会社マーケットエンタープライズ,2025-06-30,2025-09-26,有価証券報告書－第19期(2024/07/01－2025/06/30)
E01713,6327,S100WQMF,北川精機株式会社,2025-06-30,2025-09-26,有価証券報告書－第69期(2024/07/01－2025/06/30)
E02920,3426,S100WQ9V,アトムリビンテック株式会社,2025-06-30,2025-09-26,有価証券報告書－第71期(2024/07/01－2025/06/30)
E04339,9361,S100WQSP,伏木海陸運送株式会社,2025-06-30,2025-09-26,有価証券報告書－第108期(2024/07/01－2025/06/30)
E33777,3446,S100WRL1,株式会社ジェイテックコーポレーション,2025-06-30,2025-09-26,有価証券報告書－第32期(2024/07/01－2025/06/30)
E03006,3076,S100WRM2,あいホールディングス株式会社,2025-06-30,2025-09-26,有価証券報告書－第19期(2024/07/01－2025/06/30)
E05255,4335,S100WRPN,ＩＰＳホールディングス株式会社,2025-06-30,2025-09-26,有価証券報告書－第29期(2024/07/01－2025/06/30)
E05470,9514,S100WRA0,株式会社エフオン,2025-06-30,2025-09-26,有価証券報告書－第29期(2024/07/01－2025/06/30)
E26301,3660,S100WRCU,株式会社アイスタイル,2025-06-30,2025-09-26,有価証券報告書－第26期(2024/07/01－2025/06/30)
E03512,3082,S100WR4M,株式会社きちりホールディングス,2025-06-30,2025-09-26,有価証券報告書－第27期(2024/07/01－2025/06/30)
E05597,3041,S100WRES,株式会社ビューティカダンホールディングス,2025-06-30,2025-09-26,有価証券報告書－第29期(2024/07/01－2025/06/30)
E22012,3632,S100WQWX,グリーホールディングス株式会社,2025-06-30,2025-09-26,有価証券報告書－第21期(2024/07/01－2025/06/30)
E32468,3469,S100WRQP,株式会社デュアルタップ,2025-06-30,2025-09-26,有価証券報告書－第19期(2024/07/01－2025/06/30)
E31344,7813,S100WLVW,株式会社プラッツ,2025-06-30,2025-09-26,有価証券報告書－第33期(2024/07/01－2025/06/30)
E40756,386A,S100WR75,株式会社みのや,2025-06-30,2025-09-26,有価証券報告書－第71期(2024/07/01－2025/06/30)
E33232,3986,S100WR2U,株式会社ビーブレイクシステムズ,2025-06-30,2025-09-26,有価証券報告書－第23期(2024/07/01－2025/06/30)
E38523,2962,S100WRPQ,株式会社テクニスコ,2025-06-30,2025-09-26,有価証券報告書－第57期(2024/07/01－2025/06/30)
E26446,6061,S100WRP5,株式会社ユニバーサル園芸社,2025-06-30,2025-09-26,有価証券報告書－第52期(2024/07/01－2025/06/30)
E01975,6594,S100WRH7,ニデック株式会社,2025-03-31,2025-09-26,有価証券報告書－第52期(2024/04/01－2025/03/31)
E01589,6728,S100WQX1,株式会社　アルバック,2025-06-30,2025-09-26,有価証券報告書－第121期(2024/07/01－2025/06/30)
E02343,6156,S100WQRX,株式会社エーワン精密,2025-06-30,2025-09-29,有価証券報告書－第35期(2024/07/01－2025/06/30)
E00259,1788,S100WROP,株式会社三東工業社,2025-06-30,2025-09-29,有価証券報告書－第71期(2024/07/01－2025/06/30)
E01446,5987,S100WRVO,株式会社オーネックス,2025-06-30,2025-09-29,有価証券報告書－第74期(2024/07/01－2025/06/30)
E02100,6662,S100WRTP,株式会社ユビテック,2025-06-30,2025-09-29,有価証券報告書－第49期(2024/07/01－2025/06/30)
E04230,9028,S100WRNH,株式会社ゼロ,2025-06-30,2025-09-29,有価証券報告書－第79期(2024/07/01－2025/06/30)
E34071,9273,S100WRWI,コーア商事ホールディングス株式会社,2025-06-30,2025-09-29,有価証券報告書－第11期(2024/07/01－2025/06/30)
E24392,3639,S100WRYE,株式会社ボルテージ,2025-06-30,2025-09-29,有価証券報告書－第26期(2024/07/01－2025/06/30)
E24340,3271,S100WS5Q,株式会社　ＴＨＥグローバル社,2025-06-30,2025-09-29,有価証券報告書－第15期(2024/07/01－2025/06/30)
E00607,3597,S100WRSF,株式会社自重堂,2025-06-30,2025-09-29,有価証券報告書－第65期(2024/07/01－2025/06/30)
E03331,7636,S100WRQD,株式会社ハンズマン,2025-06-30,2025-09-29,有価証券報告書－第61期(2024/07/01－2025/06/30)
E00320,1716,S100WRZ3,第一カッター興業株式会社,2025-06-30,2025-09-29,有価証券報告書－第58期(2024/07/01－2025/06/30)
E00282,1764,S100WRZI,工藤建設株式会社,2025-06-30,2025-09-29,有価証券報告書－第54期(2024/07/01－2025/06/30)
E40865,,S100WS54,株式会社ＵＮＩＣＯＮホールディングス,2025-06-30,2025-09-30,有価証券報告書－第7期(2024/07/01－2025/06/30)
E02515,8057,S100WU40,株式会社内田洋行,2025-07-20,2025-10-10,有価証券報告書－第87期(2024/07/21－2025/07/20)
E05705,3854,S100WVK4,株式会社アイル,2025-07-31,2025-10-17,有価証券報告書－第35期(2024/08/01－2025/07/31)
E02060,6387,S100WVTP,サムコ　株式会社,2025-07-31,2025-10-20,有価証券報告書－第46期(2024/08/01－2025/07/31)
E02484,2929,S100WW38,株式会社ファーマフーズ,2025-07-31,2025-10-21,有価証券報告書－第28期(2024/08/01－2025/07/31)
E39729,211A,S100WW30,株式会社カドス・コーポレーション,2025-07-31,2025-10-21,有価証券報告書－第27期(2024/08/01－2025/07/31)
E05327,2353,S100WW40,日本駐車場開発株式会社,2025-07-31,2025-10-22,有価証券報告書－第34期(2024/08/01－2025/07/31)
E36484,4194,S100WW0V,ビジョナル株式会社,2025-07-31,2025-10-22,有価証券報告書－第6期(2024/08/01－2025/07/31)
E05378,2391,S100WW9E,株式会社プラネット,2025-07-31,2025-10-22,有価証券報告書－第40期(2024/08/01－2025/07/31)
E32687,6535,S100WW4T,株式会社アイモバイル,2025-07-31,2025-10-23,有価証券報告書－第18期(2024/08/01－2025/07/31)
E26322,3172,S100WWIC,ティーライフ株式会社,2025-07-31,2025-10-23,有価証券報告書－第42期(2024/08/01－2025/07/31)
E36321,4936,S100WWME,株式会社アクシージア,2025-07-31,2025-10-23,有価証券報告書－第14期(2024/08/01－2025/07/31)
E02469,6267,S100WWCW,ゼネラルパッカー株式会社,2025-07-31,2025-10-23,有価証券報告書－第64期(2024/08/01－2025/07/31)
E02342,6778,S100WW7U,株式会社アルチザネットワークス,2025-07-31,2025-10-23,有価証券報告書－第35期(2024/08/01－2025/07/31)
E33313,7810,S100WWNJ,株式会社クロスフォー,2025-07-31,2025-10-23,有価証券報告書－第38期(2024/08/01－2025/07/31)
E31248,6037,S100WWO9,楽待株式会社,2025-07-31,2025-10-23,有価証券報告書－第20期(2024/08/01－2025/07/31)
E35614,2991,S100WWX1,株式会社ランドネット,2025-07-31,2025-10-24,有価証券報告書－第26期(2024/08/01－2025/07/31)
E33282,9262,S100WWED,株式会社シルバーライフ,2025-07-31,2025-10-24,有価証券報告書－第18期(2024/08/01－2025/07/31)
E36658,7126,S100WVWR,グローバルスタイル株式会社,2025-07-31,2025-10-24,有価証券報告書－第78期(2024/08/01－2025/07/31)
E35932,7692,S100WWYA,株式会社アースインフィニティ,2025-07-31,2025-10-27,有価証券報告書－第24期(2024/08/01－2025/07/31)
E02121,3441,S100WWVN,株式会社山王,2025-07-31,2025-10-27,有価証券報告書－第67期(2024/08/01－2025/07/31)
E30042,6091,S100WWUT,株式会社ウエスコホールディングス,2025-07-31,2025-10-27,有価証券報告書－第12期(2024/08/01－2025/07/31)
E01451,3421,S100WWG0,株式会社稲葉製作所,2025-07-31,2025-10-27,有価証券報告書－第78期(2024/08/01－2025/07/31)
E00239,1844,S100WWZA,株式会社大盛工業,2025-07-31,2025-10-28,有価証券報告書－第59期(2024/08/01－2025/07/31)
E30699,3193,S100WWX8,株式会社エターナルホスピタリティグループ,2025-07-31,2025-10-28,有価証券報告書－第39期(2024/08/01－2025/07/31)
E26369,3662,S100WXAF,株式会社エイチームホールディングス,2025-07-31,2025-10-28,有価証券報告書－第26期(2024/08/01－2025/07/31)
E32119,2424,S100WX02,株式会社ブラス,2025-07-31,2025-10-28,有価証券報告書－第22期(2024/08/01－2025/07/31)
E34853,4446,S100WXDJ,Ｌｉｎｋ－Ｕグループ株式会社,2025-07-31,2025-10-29,有価証券報告書－第12期(2024/08/01－2025/07/31)
E05635,3816,S100WXEV,株式会社大和コンピューター,2025-07-31,2025-10-29,有価証券報告書－第49期(2024/08/01－2025/07/31)
E00735,7850,S100WXH6,総合商研株式会社,2025-07-31,2025-10-29,有価証券報告書－第54期(2024/08/01－2025/07/31)
E32254,3539,S100WWAM,株式会社ＪＭホールディングス,2025-07-31,2025-10-30,有価証券報告書－第47期(2024/08/01－2025/07/31)
E35125,7682,S100WXPT,株式会社浜木綿,2025-07-31,2025-10-30,有価証券報告書－第58期(2024/08/01－2025/07/31)
E33235,3988,S100WXMD,株式会社ＳＹＳホールディングス,2025-07-31,2025-10-30,有価証券報告書－第12期(2024/08/01－2025/07/31)
E04024,8927,S100WXQ6,株式会社明豊エンタープライズ,2025-07-31,2025-10-31,有価証券報告書－第57期(2024/08/01－2025/07/31)
E02995,3035,S100WXKZ,ケイティケイ株式会社,2025-08-20,2025-11-11,有価証券報告書－第54期(2024/08/21－2025/08/20)
E03270,7513,S100X50A,株式会社コジマ,2025-08-31,2025-11-17,有価証券報告書－第63期(2024/09/01－2025/08/31)
E30454,9414,S100X54M,日本ＢＳ放送株式会社,2025-08-31,2025-11-18,有価証券報告書－第27期(2024/09/01－2025/08/31)
E02340,7730,S100X59Q,マニー株式会社,2025-08-31,2025-11-18,有価証券報告書－第66期(2024/09/01－2025/08/31)
E02809,7447,S100X5AK,ナガイレーベン株式会社,2025-08-31,2025-11-19,有価証券報告書－第76期(2024/09/01－2025/08/31)
E02896,7607,S100X5L9,株式会社進和,2025-08-31,2025-11-19,有価証券報告書－第75期(2024/09/01－2025/08/31)
E03481,3048,S100X5J8,株式会社ビックカメラ,2025-08-31,2025-11-19,有価証券報告書－第45期(2024/09/01－2025/08/31)
E00246,1997,S100X59V,暁飯島工業株式会社,2025-08-31,2025-11-19,有価証券報告書－第72期(2024/09/01－2025/08/31)
E03044,8254,S100X51A,株式会社さいか屋,2025-08-31,2025-11-19,有価証券報告書－第94期(2024/09/01－2025/08/31)
E05042,4728,S100X5JM,株式会社トーセ,2025-08-31,2025-11-20,有価証券報告書－第46期(2024/09/01－2025/08/31)
E04981,4668,S100X5JB,株式会社明光ネットワークジャパン,2025-08-31,2025-11-20,有価証券報告書－第41期(2024/09/01－2025/08/31)
E02478,6159,S100X5M8,ミクロン精密株式会社,2025-08-31,2025-11-20,有価証券報告書－第66期(2024/09/01－2025/08/31)
E25443,3168,S100X5OB,株式会社ＭＥＲＦ,2025-08-31,2025-11-20,有価証券報告書－第40期(2024/09/01－2025/08/31)
E32397,6199,S100X5OA,株式会社セラク,2025-08-31,2025-11-20,有価証券報告書－第38期(2024/09/01－2025/08/31)
E00600,8127,S100X5IF,ヤマトインターナショナル株式会社,2025-08-31,2025-11-20,有価証券報告書－第79期(2024/09/01－2025/08/31)
E30969,3697,S100X63F,株式会社ＳＨＩＦＴ,2025-08-31,2025-11-21,有価証券報告書－第20期(2024/09/01－2025/08/31)
E35488,7085,S100X61U,株式会社カーブスホールディングス,2025-08-31,2025-11-21,有価証券報告書－第17期(2024/09/01－2025/08/31)
E00617,3607,S100X5IQ,株式会社クラウディアホールディングス,2025-08-31,2025-11-21,有価証券報告書－第49期(2024/09/01－2025/08/31)
E03248,7453,S100X5NI,株式会社　良品計画,2025-08-31,2025-11-21,有価証券報告書－第47期(2024/09/01－2025/08/31)
E03223,9979,S100X5DP,株式会社大庄,2025-08-31,2025-11-25,有価証券報告書－第54期(2024/09/01－2025/08/31)
E01465,6264,S100X6CU,株式会社マルマエ,2025-08-31,2025-11-25,有価証券報告書－第38期(2024/09/01－2025/08/31)
E03271,7514,S100X67D,株式会社　ヒマラヤ,2025-08-31,2025-11-25,有価証券報告書－第50期(2024/09/01－2025/08/31)
E00327,1407,S100X68L,株式会社ウエストホールディングス,2025-08-31,2025-11-25,有価証券報告書－第20期(2024/09/01－2025/08/31)
E03391,2735,S100X626,株式会社ワッツ,2025-08-31,2025-11-25,有価証券報告書－第31期(2024/09/01－2025/08/31)
E03305,7581,S100X5Z0,株式会社サイゼリヤ,2025-08-31,2025-11-25,有価証券報告書－第53期(2024/09/01－2025/08/31)
E34729,4439,S100X6GX,株式会社東名,2025-08-31,2025-11-25,有価証券報告書－第28期(2024/09/01－2025/08/31)
E33514,9264,S100X5TH,ポエック株式会社,2025-08-31,2025-11-25,有価証券報告書－第37期(2024/09/01－2025/08/31)
E03000,3045,S100X6HQ,株式会社カワサキ,2025-08-31,2025-11-25,有価証券報告書－第54期(2024/09/01－2025/08/31)
E34238,7035,S100X6AI,ａｎｄ　ｆａｃｔｏｒｙ株式会社,2025-08-31,2025-11-25,有価証券報告書－第11期(2024/09/01－2025/08/31)
E35234,2999,S100X6G1,ホームポジション株式会社,2025-08-31,2025-11-25,有価証券報告書－第36期(2024/09/01－2025/08/31)
E24753,7818,S100X6MS,株式会社トランザクション,2025-08-31,2025-11-26,有価証券報告書－第39期(2024/09/01－2025/08/31)
E02238,7219,S100X6JZ,株式会社エッチ・ケー・エス,2025-08-31,2025-11-26,有価証券報告書－第52期(2024/09/01－2025/08/31)
E05083,4760,S100X5LJ,株式会社アルファ,2025-08-31,2025-11-26,有価証券報告書－第43期(2024/09/01－2025/08/31)
E34363,7805,S100X68N,プリントネット株式会社,2025-08-31,2025-11-26,有価証券報告書－第40期(2024/09/01－2025/08/31)
E01690,6289,S100X6JF,株式会社技研製作所,2025-08-31,2025-11-26,有価証券報告書－第44期(2024/09/01－2025/08/31)
E02493,3440,S100X6MC,日創グループ株式会社,2025-08-31,2025-11-26,有価証券報告書－第42期(2024/09/01－2025/08/31)
E31052,9418,S100X6EF,株式会社Ｕ－ＮＥＸＴ　ＨＯＬＤＩＮＧＳ,2025-08-31,2025-11-26,有価証券報告書－第18期(2024/09/01－2025/08/31)
E34739,4440,S100X6ND,株式会社ヴィッツ,2025-08-31,2025-11-26,有価証券報告書－第29期(2024/09/01－2025/08/31)
E31968,3536,S100X6JA,アクサスホールディングス株式会社,2025-08-31,2025-11-26,有価証券報告書－第10期(2024/09/01－2025/08/31)
E03392,2736,S100X6QO,フェスタリアホールディングス株式会社,2025-08-31,2025-11-26,有価証券報告書－第62期(2024/09/01－2025/08/31)
E03221,9978,S100X6SE,株式会社文教堂グループホールディングス,2025-08-31,2025-11-26,有価証券報告書－第75期(2024/09/01－2025/08/31)
E01031,7928,S100X6CC,旭化学工業株式会社,2025-08-31,2025-11-26,有価証券報告書－第59期(2024/09/01－2025/08/31)
E05498,2449,S100X6O3,株式会社プラップジャパン,2025-08-31,2025-11-26,有価証券報告書－第55期(2024/09/01－2025/08/31)
E31743,7065,S100X6QU,ユーピーアール株式会社,2025-08-31,2025-11-26,有価証券報告書－第47期(2024/09/01－2025/08/31)
E02092,6668,S100X6VA,株式会社アドテックプラズマテクノロジー,2025-08-31,2025-11-26,有価証券報告書－第41期(2024/09/01－2025/08/31)
E01064,2927,S100X6W8,株式会社ＡＦＣ－ＨＤアムスライフサイエンス,2025-08-31,2025-11-26,有価証券報告書－第45期(2024/09/01－2025/08/31)
E24998,3647,S100X6VP,株式会社ジー・スリーホールディングス,2025-08-31,2025-11-26,有価証券報告書－第15期(2024/09/01－2025/08/31)
E00311,8904,S100X6R9,株式会社ＡＶＡＮＴＩＡ,2025-08-31,2025-11-26,有価証券報告書－第36期(2024/09/01－2025/08/31)
E05584,2484,S100X153,株式会社出前館,2025-08-31,2025-11-26,有価証券報告書－第26期(2024/09/01－2025/08/31)
E40648,367A,S100X66L,プリモグローバルホールディングス株式会社,2025-08-31,2025-11-26,有価証券報告書－第5期(2024/09/01－2025/08/31)
E05716,2164,S100X6X1,株式会社地域新聞社,2025-08-31,2025-11-26,有価証券報告書－第41期(2024/09/01－2025/08/31)
E26579,3174,S100X6RU,株式会社ハピネス・アンド・ディ,2025-08-31,2025-11-26,有価証券報告書－第35期(2024/09/01－2025/08/31)
E34289,3498,S100X6TA,霞ヶ関キャピタル株式会社,2025-08-31,2025-11-26,有価証券報告書－第14期(2024/09/01－2025/08/31)
E31741,1434,S100X6GM,ＪＥＳＣＯホールディングス株式会社,2025-08-31,2025-11-26,有価証券報告書－第56期(2024/09/01－2025/08/31)
E03740,8783,S100X79I,ａｂｃ株式会社,2025-08-31,2025-11-27,有価証券報告書－第25期(2025/04/01－2025/08/31)
E34538,4433,S100X6V1,株式会社ヒト・コミュニケーションズ・ホールディングス,2025-08-31,2025-11-27,有価証券報告書－第7期(2024/09/01－2025/08/31)
E03471,3046,S100X74E,株式会社ジンズホールディングス,2025-08-31,2025-11-27,有価証券報告書－第38期(2024/09/01－2025/08/31)
E00471,2901,S100X7C2,株式会社ウェルディッシュ,2025-08-31,2025-11-28,有価証券報告書－第69期(2025/04/01－2025/08/31)
E04751,2157,S100X7DQ,株式会社コシダカホールディングス,2025-08-31,2025-11-28,有価証券報告書－第56期(2024/09/01－2025/08/31)
E03217,9983,S100X6X6,株式会社ファーストリテイリング,2025-08-31,2025-11-28,有価証券報告書－第64期(2024/09/01－2025/08/31)
E40917,428A,S100X7KP,サイプレス・ホールディングス株式会社,2025-08-31,2025-11-28,有価証券報告書－第7期(2024/09/01－2025/08/31)
E32991,3560,S100X6M7,株式会社ほぼ日,2025-08-31,2025-11-28,有価証券報告書－第47期(2024/09/01－2025/08/31)
E05409,2404,S100X7IQ,株式会社鉄人化ホールディングス,2025-08-31,2025-11-28,有価証券報告書－第27期(2024/09/01－2025/08/31)
E30020,3189,S100X7OR,株式会社ＡＮＡＰホールディングス,2025-08-31,2025-12-01,有価証券報告書－第34期(2024/09/01－2025/08/31)
E24991,4928,S100X8TQ,株式会社ノエビアホールディングス,2025-09-30,2025-12-08,有価証券報告書－第15期(2024/10/01－2025/09/30)
E04925,9795,S100X9C6,株式会社ステップ,2025-09-30,2025-12-10,有価証券報告書－第47期(2024/10/01－2025/09/30)
E24917,6050,S100X9H5,イー・ガーディアン株式会社,2025-09-30,2025-12-10,有価証券報告書－第28期(2024/10/01－2025/09/30)
E23492,3636,S100X9BV,株式会社三菱総合研究所,2025-09-30,2025-12-10,有価証券報告書－第56期(2024/10/01－2025/09/30)
E04807,9746,S100X9LY,株式会社　ＴＫＣ,2025-09-30,2025-12-11,有価証券報告書－第59期(2024/10/01－2025/09/30)
E22042,2185,S100X9E8,株式会社シイエム・シイ,2025-09-30,2025-12-12,有価証券報告書－第64期(2024/10/01－2025/09/30)
E35642,4051,S100X9ZE,ＧＭＯフィナンシャルゲート株式会社,2025-09-30,2025-12-12,有価証券報告書－第27期(2024/10/01－2025/09/30)
E05476,3769,S100X9RU,ＧＭＯペイメントゲートウェイ株式会社,2025-09-30,2025-12-12,有価証券報告書－第32期(2024/10/01－2025/09/30)
E30996,3698,S100XAH0,株式会社ＣＲＩ・ミドルウェア,2025-09-30,2025-12-15,有価証券報告書－第25期(2024/10/01－2025/09/30)
E33367,3992,S100XAHG,株式会社ニーズウェル,2025-09-30,2025-12-15,有価証券報告書－第39期(2024/10/01－2025/09/30)
E31776,6176,S100XAF9,株式会社ブランジスタ,2025-09-30,2025-12-15,有価証券報告書－第25期(2024/10/01－2025/09/30)
E01997,7711,S100XAGE,助川電気工業株式会社,2025-09-30,2025-12-15,有価証券報告書－第88期(2024/10/01－2025/09/30)
E00515,2926,S100XAAS,株式会社　篠崎屋,2025-09-30,2025-12-15,有価証券報告書－第39期(2024/10/01－2025/09/30)
E31681,3461,S100XAEN,株式会社パルマ,2025-09-30,2025-12-16,有価証券報告書－第58期(2024/10/01－2025/09/30)
E01034,4958,S100XAHE,長谷川香料株式会社,2025-09-30,2025-12-16,有価証券報告書－第64期(2024/10/01－2025/09/30)
E30537,3687,S100XAQJ,株式会社フィックスターズ,2025-09-30,2025-12-16,有価証券報告書－第24期(2024/10/01－2025/09/30)
E34965,4931,S100XA5Q,新日本製薬株式会社,2025-09-30,2025-12-16,有価証券報告書－第37期(2024/10/01－2025/09/30)
E32495,6200,S100XAOQ,株式会社インソース,2025-09-30,2025-12-16,有価証券報告書－第23期(2024/10/01－2025/09/30)
E34285,3496,S100XADZ,株式会社アズーム,2025-09-30,2025-12-16,有価証券報告書－第16期(2024/10/01－2025/09/30)
E30836,3690,S100XAFO,株式会社イルグルム,2025-09-30,2025-12-16,有価証券報告書－第25期(2024/10/01－2025/09/30)
E04072,3245,S100XAUW,株式会社ディア・ライフ,2025-09-30,2025-12-16,有価証券報告書－第21期(2024/10/01－2025/09/30)
E04691,9679,S100XAG9,ホウライ株式会社,2025-09-30,2025-12-16,有価証券報告書－第142期(2024/10/01－2025/09/30)
E05492,8789,S100XAOR,フィンテック　グローバル株式会社,2025-09-30,2025-12-16,有価証券報告書－第31期(2024/10/01－2025/09/30)
E03264,7505,S100XAQS,扶桑電通株式会社,2025-09-30,2025-12-17,有価証券報告書－第80期(2024/10/01－2025/09/30)
E32603,3939,S100XAZ4,株式会社カナミックネットワーク,2025-09-30,2025-12-17,有価証券報告書－第25期(2024/10/01－2025/09/30)
E32400,6194,S100XAZ6,株式会社アトラエ,2025-09-30,2025-12-17,有価証券報告書－第22期(2024/10/01－2025/09/30)
E34455,7681,S100XACD,株式会社レオクラン,2025-09-30,2025-12-17,有価証券報告書－第25期(2024/10/01－2025/09/30)
E02865,7539,S100XAO8,株式会社アイナボホールディングス,2025-09-30,2025-12-17,有価証券報告書－第71期(2024/10/01－2025/09/30)
E32380,6196,S100XAN1,株式会社ストライク,2025-09-30,2025-12-17,有価証券報告書－第29期(2024/10/01－2025/09/30)
E03343,7646,S100XAET,株式会社ＰＬＡＮＴ,2025-09-20,2025-12-17,有価証券報告書－第44期(2024/09/21－2025/09/20)
E01568,6316,S100XAQD,株式会社丸山製作所,2025-09-30,2025-12-17,有価証券報告書－第90期(2024/10/01－2025/09/30)
E04275,9233,S100XAIS,アジア航測株式会社,2025-09-30,2025-12-17,有価証券報告書－第78期(2024/10/01－2025/09/30)
E05424,3747,S100XB0Y,株式会社インタートレード,2025-09-30,2025-12-17,有価証券報告書－第27期(2024/10/01－2025/09/30)
E32156,6189,S100XAXC,株式会社グローバルキッズＣＯＭＰＡＮＹ,2025-09-30,2025-12-17,有価証券報告書－第10期(2024/10/01－2025/09/30)
E05280,8798,S100XB5U,株式会社アドバンスクリエイト,2025-09-30,2025-12-17,有価証券報告書－第30期(2024/10/01－2025/09/30)
E05340,3712,S100XAQC,株式会社情報企画,2025-09-30,2025-12-17,有価証券報告書－第39期(2024/10/01－2025/09/30)
E02548,3176,S100XABQ,三洋貿易株式会社,2025-09-30,2025-12-17,有価証券報告書－第79期(2024/10/01－2025/09/30)
E02810,7446,S100XAMG,東北化学薬品株式会社,2025-09-30,2025-12-17,有価証券報告書－第74期(2024/10/01－2025/09/30)
E27062,3668,S100XB7G,株式会社コロプラ,2025-09-30,2025-12-17,有価証券報告書－第17期(2024/10/01－2025/09/30)
E05073,4754,S100XBF5,株式会社トスネット,2025-09-30,2025-12-18,有価証券報告書－第49期(2024/10/01－2025/09/30)
E27043,6087,S100XARO,株式会社アビスト,2025-09-30,2025-12-18,有価証券報告書－第20期(2024/10/01－2025/09/30)
E00975,4554,S100XAU2,富士製薬工業株式会社,2025-09-30,2025-12-18,有価証券報告書－第61期(2024/10/01－2025/09/30)
E34271,3494,S100XAPZ,株式会社マリオン,2025-09-30,2025-12-18,有価証券報告書－第39期(2024/10/01－2025/09/30)
E02346,6677,S100XB6O,株式会社エスケーエレクトロニクス,2025-09-30,2025-12-18,有価証券報告書－第24期(2024/10/01－2025/09/30)
E04848,9699,S100XB09,ニシオホールディングス株式会社,2025-09-30,2025-12-18,有価証券報告書－第67期(2024/10/01－2025/09/30)
E02672,8151,S100X93C,株式会社東陽テクニカ,2025-09-30,2025-12-18,有価証券報告書－第73期(2024/10/01－2025/09/30)
E32619,3965,S100XB9Q,株式会社キャピタル・アセット・プランニング,2025-09-30,2025-12-18,有価証券報告書－第37期(2024/10/01－2025/09/30)
E01955,6965,S100XAWU,浜松ホトニクス株式会社,2025-09-30,2025-12-18,有価証券報告書－第78期(2024/10/01－2025/09/30)
E03173,9823,S100XBFS,株式会社マミーマートホールディングス,2025-09-30,2025-12-18,有価証券報告書－第60期(2024/10/01－2025/09/30)
E02352,7760,S100XAL6,ＩＭＶ株式会社,2025-09-30,2025-12-18,有価証券報告書－第79期(2024/10/01－2025/09/30)
E23465,7819,S100XAKV,粧美堂株式会社,2025-09-30,2025-12-18,有価証券報告書－第77期(2024/10/01－2025/09/30)
E05233,4320,S100XB2A,株式会社ＣＥホールディングス,2025-09-30,2025-12-18,有価証券報告書－第30期(2024/10/01－2025/09/30)
E37833,5036,S100XB8X,日本ビジネスシステムズ株式会社,2025-09-30,2025-12-18,有価証券報告書－第35期(2024/10/01－2025/09/30)
E01715,6338,S100XBFK,株式会社タカトリ,2025-09-30,2025-12-18,有価証券報告書－第69期(2024/10/01－2025/09/30)
E05181,9446,S100XB7R,株式会社サカイホールディングス,2025-09-30,2025-12-18,有価証券報告書－第35期(2024/10/01－2025/09/30)
E05419,2410,S100XBEJ,株式会社キャリアデザインセンター,2025-09-30,2025-12-18,有価証券報告書－第34期(2024/10/01－2025/09/30)
E05268,4346,S100XBEF,株式会社ＮＥＸＹＺ．Ｇｒｏｕｐ,2025-09-30,2025-12-18,有価証券報告書－第36期(2024/10/01－2025/09/30)
E00707,9470,S100XBI1,株式会社学研ホールディングス,2025-09-30,2025-12-18,有価証券報告書－第80期(2024/10/01－2025/09/30)
E00723,9476,S100XB7E,株式会社中央経済社ホールディングス,2025-09-30,2025-12-18,有価証券報告書－第88期(2024/10/01－2025/09/30)
E01682,6284,S100XB87,日精エー・エス・ビー機械株式会社,2025-09-30,2025-12-18,有価証券報告書－第47期(2024/10/01－2025/09/30)
E05049,9438,S100XBLK,株式会社エムティーアイ,2025-09-30,2025-12-19,有価証券報告書－第30期(2024/10/01－2025/09/30)
E31754,3920,S100XBM8,アイビーシー株式会社,2025-09-30,2025-12-19,有価証券報告書－第23期(2024/10/01－2025/09/30)
E01676,6277,S100XB4O,ホソカワミクロン株式会社,2025-09-30,2025-12-19,有価証券報告書－第81期(2024/10/01－2025/09/30)
E39259,166A,S100XBKO,株式会社タスキホールディングス,2025-09-30,2025-12-19,有価証券報告書－第2期(2024/10/01－2025/09/30)
E05414,4809,S100XB3E,パラカ株式会社,2025-09-30,2025-12-19,有価証券報告書－第29期(2024/10/01－2025/09/30)
E04038,8944,S100X9MO,株式会社ランドビジネス,2025-09-30,2025-12-19,有価証券報告書－第41期(2024/10/01－2025/09/30)
E02576,2874,S100XBSF,横浜冷凍株式会社,2025-09-30,2025-12-19,有価証券報告書－第78期(2024/10/01－2025/09/30)
E05585,2485,S100XBVP,株式会社ティア,2025-09-30,2025-12-19,有価証券報告書－第29期(2024/10/01－2025/09/30)
E24651,7148,S100XBXT,株式会社ＦＰＧ,2025-09-30,2025-12-19,有価証券報告書－第24期(2024/10/01－2025/09/30)
E31448,6046,S100XBUR,株式会社リンクバル,2025-09-30,2025-12-19,有価証券報告書－第14期(2024/10/01－2025/09/30)
E02858,7527,S100XBIV,株式会社システムソフト,2025-09-30,2025-12-19,有価証券報告書－第44期(2024/10/01－2025/09/30)
E05101,4769,S100XBNE,株式会社ＩＣ,2025-09-30,2025-12-22,有価証券報告書－第48期(2024/10/01－2025/09/30)
E02040,6877,S100XB5N,ＯＢＡＲＡ　ＧＲＯＵＰ株式会社,2025-09-30,2025-12-22,有価証券報告書－第67期(2024/10/01－2025/09/30)
E01609,6492,S100XBYD,岡野バルブ製造株式会社,2025-09-30,2025-12-22,有価証券報告書－第126期(2024/12/01－2025/09/30)
E02494,4243,S100XC1P,株式会社ニックス,2025-09-30,2025-12-22,有価証券報告書－第95期(2024/10/01－2025/09/30)
E02719,9869,S100XA3X,加藤産業株式会社,2025-09-30,2025-12-22,有価証券報告書－第79期(2024/10/01－2025/09/30)
E00495,2917,S100XBNR,株式会社大森屋,2025-09-30,2025-12-22,有価証券報告書－第72期(2024/10/01－2025/09/30)
E33391,3993,S100XC4P,株式会社ＰＫＳＨＡ　Ｔｅｃｈｎｏｌｏｇｙ,2025-09-30,2025-12-22,有価証券報告書－第13期(2024/10/01－2025/09/30)
E02470,7839,S100XC55,株式会社ＳＨＯＥＩ,2025-09-30,2025-12-22,有価証券報告書－第69期(2024/10/01－2025/09/30)
E01381,5921,S100XBJH,川岸工業株式会社,2025-09-30,2025-12-22,有価証券報告書－第79期(2024/10/01－2025/09/30)
E05623,2122,S100XC5E,株式会社インタースペース,2025-09-30,2025-12-22,有価証券報告書－第26期(2024/10/01－2025/09/30)
E03340,7643,S100XC2D,株式会社ダイイチ,2025-09-30,2025-12-22,有価証券報告書－第71期(2024/10/01－2025/09/30)
E33000,3563,S100XBTY,株式会社ＦＯＯＤ　＆　ＬＩＦＥ　ＣＯＭＰＡＮＩＥＳ,2025-09-30,2025-12-22,有価証券報告書－第11期(2024/10/01－2025/09/30)
E05288,2304,S100XC7V,株式会社ＣＳＳホールディングス,2025-09-30,2025-12-22,有価証券報告書－第41期(2024/10/01－2025/09/30)
E33272,6551,S100XCA9,株式会社ツナググループ・ホールディングス,2025-09-30,2025-12-22,有価証券報告書－第19期(2024/10/01－2025/09/30)
E35632,4499,S100XC4C,株式会社Ｓｐｅｅｅ,2025-09-30,2025-12-22,有価証券報告書－第18期(2024/10/01－2025/09/30)
E39778,220A,S100XBUA,株式会社Ｆａｂｅｒ　Ｃｏｍｐａｎｙ,2025-09-30,2025-12-22,有価証券報告書－第20期(2024/10/01－2025/09/30)
E34095,1446,S100XBZH,株式会社キャンディル,2025-09-30,2025-12-22,有価証券報告書－第12期(2024/10/01－2025/09/30)
E33040,3985,S100XBTL,テモナ株式会社,2025-09-30,2025-12-22,有価証券報告書－第17期(2024/10/01－2025/09/30)
E05395,3726,S100XCAO,株式会社フォーシーズＨＤ,2025-09-30,2025-12-22,有価証券報告書－第23期(2024/10/01－2025/09/30)
E05624,2120,S100X8TY,株式会社ＬＩＦＵＬＬ,2025-09-30,2025-12-22,有価証券報告書－第31期(2024/10/01－2025/09/30)
E27842,3288,S100XBTG,株式会社オープンハウスグループ,2025-09-30,2025-12-22,有価証券報告書－第29期(2024/10/01－2025/09/30)
E00263,1783,S100XC79,株式会社ｆａｎｔａｓｉｓｔａ,2025-09-30,2025-12-22,有価証券報告書－第80期(2024/10/01－2025/09/30)
E34273,6233,S100XBSH,ＫＬＡＳＳ株式会社,2025-09-30,2025-12-22,有価証券報告書－第77期(2024/10/01－2025/09/30)
E34335,4421,S100XCIO,株式会社ディ・アイ・システム,2025-09-30,2025-12-23,有価証券報告書－第29期(2024/10/01－2025/09/30)
E38716,5843,S100XCA4,ニッポンインシュア株式会社,2025-09-30,2025-12-23,有価証券報告書－第25期(2024/10/01－2025/09/30)
E03259,7494,S100XC1F,株式会社コナカ,2025-09-30,2025-12-23,有価証券報告書－第52期(2024/10/01－2025/09/30)
E01716,6466,S100XBK6,株式会社ＴＶＥ,2025-09-30,2025-12-23,有価証券報告書－第26期(2024/10/01－2025/09/30)
E36968,9249,S100XCE0,日本エコシステム株式会社,2025-09-30,2025-12-23,有価証券報告書－第28期(2024/10/01－2025/09/30)
E21649,5724,S100XCLW,株式会社アサカ理研,2025-09-30,2025-12-23,有価証券報告書－第58期(2024/10/01－2025/09/30)
E02922,2667,S100XAH7,株式会社イメージワン,2025-09-30,2025-12-23,有価証券報告書－第42期(2024/10/01－2025/09/30)
E35945,4059,S100XBZX,株式会社まぐまぐ,2025-09-30,2025-12-23,有価証券報告書－第27期(2024/10/01－2025/09/30)
E36223,9248,S100XBUH,人・夢・技術グループ株式会社,2025-09-30,2025-12-23,有価証券報告書－第4期(2024/10/01－2025/09/30)
E32194,6191,S100XCN2,株式会社エアトリ,2025-09-30,2025-12-23,有価証券報告書－第19期(2024/10/01－2025/09/30)
E05646,2498,S100XBHA,株式会社オリエンタルコンサルタンツホールディングス,2025-09-30,2025-12-23,有価証券報告書－第20期(2024/10/01－2025/09/30)
E36991,2961,S100XCJ8,日本調理機株式会社,2025-09-30,2025-12-24,有価証券報告書－第87期(2024/10/01－2025/09/30)
E38634,5533,S100XCQ3,株式会社エリッツホールディングス,2025-09-30,2025-12-24,有価証券報告書－第14期(2024/10/01－2025/09/30)
E34028,7800,S100XCGX,株式会社アミファ,2025-09-30,2025-12-24,有価証券報告書－第55期(2024/10/01－2025/09/30)
E34256,3495,S100XCMA,香陵住販株式会社,2025-09-30,2025-12-24,有価証券報告書－第44期(2024/10/01－2025/09/30)
E36002,4172,S100XCQ7,東和ハイシステム株式会社,2025-09-30,2025-12-24,有価証券報告書－第48期(2024/10/01－2025/09/30)
E04365,9376,S100XCUO,株式会社ユーラシア旅行社,2025-09-30,2025-12-24,有価証券報告書－第40期(2024/10/01－2025/09/30)
E05072,4751,S100XCU9,株式会社サイバーエージェント,2025-09-30,2025-12-24,有価証券報告書－第28期(2024/10/01－2025/09/30)
E36532,4196,S100XCJL,株式会社ネオマーケティング,2025-09-30,2025-12-24,有価証券報告書－第26期(2024/10/01－2025/09/30)
E00254,1795,S100XCIB,株式会社マサル,2025-09-30,2025-12-24,有価証券報告書－第70期(2024/10/01－2025/09/30)
E30022,6080,S100XCS6,Ｍ＆Ａキャピタルパートナーズ株式会社,2025-09-30,2025-12-24,有価証券報告書－第20期(2024/10/01－2025/09/30)
E32682,1438,S100XCY4,株式会社岐阜造園,2025-09-30,2025-12-24,有価証券報告書－第60期(2024/10/01－2025/09/30)
E03485,3067,S100XCZ1,株式会社東京一番フーズ,2025-09-30,2025-12-25,有価証券報告書－第27期(2024/10/01－2025/09/30)
E02971,3323,S100XD4C,レカム株式会社,2025-09-30,2025-12-25,有価証券報告書－第32期(2024/10/01－2025/09/30)
E36635,4071,S100XD0A,株式会社プラスアルファ・コンサルティング,2025-09-30,2025-12-25,有価証券報告書－第19期(2024/10/01－2025/09/30)
E02604,423A,S100XCRL,株式会社ライオン事務器,2025-09-30,2025-12-25,有価証券報告書－第125期(2024/10/01－2025/09/30)
E03347,2652,S100XD0Z,株式会社まんだらけ,2025-09-30,2025-12-25,有価証券報告書－第39期(2024/10/01－2025/09/30)
E35140,7071,S100XD1A,株式会社アンビスホールディングス,2025-09-30,2025-12-25,有価証券報告書－第9期(2024/10/01－2025/09/30)
E02762,9941,S100XD30,太洋物産株式会社,2025-09-30,2025-12-25,有価証券報告書－第85期(2024/10/01－2025/09/30)
E38007,9564,S100XDAL,株式会社ＦＣＥ,2025-09-30,2025-12-25,有価証券報告書－第9期(2024/10/01－2025/09/30)
E27280,3672,S100XCNH,株式会社オルトプラス,2025-09-30,2025-12-25,有価証券報告書－第16期(2024/10/01－2025/09/30)
E34053,7030,S100XCTM,株式会社スプリックス,2025-09-30,2025-12-26,有価証券報告書－第29期(2024/10/01－2025/09/30)
E05336,3710,S100XDG9,ジョルダン株式会社,2025-09-30,2025-12-26,有価証券報告書－第46期(2024/10/01－2025/09/30)
E39677,253A,S100XCCN,株式会社ＥＴＳグループ,2025-09-30,2025-12-26,有価証券報告書－第1期(2024/10/01－2025/09/30)
E33382,4124,S100XDGQ,大阪油化工業株式会社,2025-09-30,2025-12-26,有価証券報告書－第64期(2024/10/01－2025/09/30)
E02075,6731,S100XCO8,株式会社ピクセラ,2025-09-30,2025-12-26,有価証券報告書－第44期(2024/10/01－2025/09/30)
E40991,,S100XDEA,辻・本郷ＩＴコンサルティング株式会社,2025-09-30,2025-12-26,有価証券報告書－第14期(2024/10/01－2025/09/30)
E37733,9552,S100XDNQ,株式会社Ｍ＆Ａ総研ホールディングス,2025-09-30,2026-01-05,有価証券報告書－第7期(2024/10/01－2025/09/30)
E05015,4707,S100XFRF,株式会社キタック,2025-10-20,2026-01-19,有価証券報告書－第53期(2024/10/21－2025/10/20)
E04862,9678,S100XGOW,株式会社カナモト,2025-10-31,2026-01-21,有価証券報告書－第61期(2024/11/01－2025/10/31)
E05286,2301,S100XGG2,株式会社学情,2025-10-31,2026-01-22,有価証券報告書－第48期(2024/11/01－2025/10/31)
E04013,8917,S100XH4J,ファースト住建株式会社,2025-10-31,2026-01-22,有価証券報告書－第27期(2024/11/01－2025/10/31)
E04077,3248,S100XH8O,株式会社アールエイジ,2025-10-31,2026-01-23,有価証券報告書－第39期(2024/11/01－2025/10/31)
E02204,7279,S100XGCL,株式会社ハイレックスコーポレーション,2025-10-31,2026-01-23,有価証券報告書－第82期(2024/11/01－2025/10/31)
E34814,4441,S100XH6J,トビラシステムズ株式会社,2025-10-31,2026-01-26,有価証券報告書－第19期(2024/11/01－2025/10/31)
E25148,3480,S100XHE2,株式会社ジェイ・エス・ビー,2025-10-31,2026-01-26,有価証券報告書－第37期(2024/11/01－2025/10/31)
E32814,3974,S100XH0H,ＳＣＡＴ株式会社,2025-10-31,2026-01-26,有価証券報告書－第58期(2024/11/01－2025/10/31)
E24550,2198,S100XH65,アイ・ケイ・ケイホールディングス株式会社,2025-10-31,2026-01-26,有価証券報告書－第30期(2024/11/01－2025/10/31)
E00240,1840,S100XHBD,株式会社土屋ホールディングス,2025-10-31,2026-01-26,有価証券報告書－第50期(2024/11/01－2025/10/31)
E00915,4627,S100XH69,ナトコ株式会社,2025-10-31,2026-01-26,有価証券報告書－第79期(2024/11/01－2025/10/31)
E37082,7131,S100XHE7,のむら産業株式会社,2025-10-31,2026-01-26,有価証券報告書－第61期(2024/11/01－2025/10/31)
E02232,7265,S100XH0G,エイケン工業株式会社,2025-10-31,2026-01-26,有価証券報告書－第57期(2024/11/01－2025/10/31)
E05376,3733,S100XHCP,株式会社ソフトウェア・サービス,2025-10-31,2026-01-26,有価証券報告書－第57期(2024/11/01－2025/10/31)
E00828,4996,S100XH23,クミアイ化学工業株式会社,2025-10-31,2026-01-27,有価証券報告書－第77期(2024/11/01－2025/10/31)
E34336,9279,S100XHK4,株式会社ギフトホールディングス,2025-10-31,2026-01-27,有価証券報告書－第16期(2024/11/01－2025/10/31)
E02376,7983,S100XHE6,株式会社ミロク,2025-10-31,2026-01-27,有価証券報告書－第94期(2024/11/01－2025/10/31)
E34148,7034,S100XHNU,株式会社プロレド・パートナーズ,2025-10-31,2026-01-27,有価証券報告書－第18期(2024/11/01－2025/10/31)
E02570,8077,S100XHJG,トルク株式会社,2025-10-31,2026-01-27,有価証券報告書－第85期(2024/11/01－2025/10/31)
E03375,2695,S100XHP5,くら寿司株式会社,2025-10-31,2026-01-27,有価証券報告書－第30期(2024/11/01－2025/10/31)
E04358,9603,S100XHDP,株式会社エイチ・アイ・エス,2025-10-31,2026-01-27,有価証券報告書－第45期(2024/11/01－2025/10/31)
E05516,3804,S100XHGC,株式会社システム　ディ,2025-10-31,2026-01-28,有価証券報告書－第44期(2024/11/01－2025/10/31)
E02681,8079,S100XHU7,正栄食品工業株式会社,2025-10-31,2026-01-28,有価証券報告書－第78期(2024/11/01－2025/10/31)
E00639,7827,S100XHFP,株式会社オービス,2025-10-31,2026-01-28,有価証券報告書－第66期(2024/11/01－2025/10/31)
E01053,7856,S100XHSU,萩原工業株式会社,2025-10-31,2026-01-28,有価証券報告書－第63期(2024/11/01－2025/10/31)
E01705,6309,S100XHQ6,巴工業株式会社,2025-10-31,2026-01-28,有価証券報告書－第96期(2024/11/01－2025/10/31)
E02999,3038,S100XHUJ,株式会社神戸物産,2025-10-31,2026-01-28,有価証券報告書－第40期(2024/11/01－2025/10/31)
E34800,7804,S100XHVC,株式会社ビーアンドピー,2025-10-31,2026-01-28,有価証券報告書－第40期(2024/11/01－2025/10/31)
E01864,6838,S100XHR9,株式会社多摩川ホールディングス,2025-10-31,2026-01-28,有価証券報告書－第58期(2024/11/01－2025/10/31)
E05356,2375,S100XHRP,ギグワークス株式会社,2025-10-31,2026-01-28,有価証券報告書－第49期(2024/11/01－2025/10/31)
E30726,3475,S100XHS4,株式会社グッドコムアセット,2025-10-31,2026-01-28,有価証券報告書－第20期(2024/11/01－2025/10/31)
E35169,4880,S100XHWF,セルソース株式会社,2025-10-31,2026-01-28,有価証券報告書－第10期(2024/11/01－2025/10/31)
E04979,4666,S100XHMO,パーク二四株式会社（定款上の商号　パーク２４株式会社）,2025-10-31,2026-01-28,有価証券報告書－第41期(2024/11/01－2025/10/31)
E00545,3121,S100XHQ8,マーチャント・バンカーズ株式会社,2025-10-31,2026-01-28,有価証券報告書－第102期(2024/11/01－2025/10/31)
E25969,1383,S100XHX5,ベルグアース株式会社,2025-10-31,2026-01-28,有価証券報告書－第25期(2024/11/01－2025/10/31)
E05353,2373,S100XHNL,株式会社ケア２１,2025-10-31,2026-01-28,有価証券報告書－第32期(2024/11/01－2025/10/31)
E02742,9824,S100XHVV,泉州電業株式会社,2025-10-31,2026-01-28,有価証券報告書－第76期(2024/11/01－2025/10/31)
E03993,8894,S100XI3C,株式会社ＲＥＶＯＬＵＴＩＯＮ,2025-10-31,2026-01-29,有価証券報告書－第40期(2024/11/01－2025/10/31)
E00748,7831,S100XI2U,株式会社ウイルコホールディングス,2025-10-31,2026-01-29,有価証券報告書－第47期(2024/11/01－2025/10/31)
E30881,3195,S100XHU3,株式会社ジェネレーションパス,2025-10-31,2026-01-29,有価証券報告書－第24期(2024/11/01－2025/10/31)
E03336,7640,S100XI4H,株式会社トップカルチャー,2025-10-31,2026-01-29,有価証券報告書－第41期(2024/11/01－2025/10/31)
E39732,212A,S100XHWN,フィットイージー株式会社,2025-10-31,2026-01-29,有価証券報告書－第8期(2024/11/01－2025/10/31)
E05331,2315,S100XHQT,株式会社ＣＡＩＣＡ　ＤＩＧＩＴＡＬ,2025-10-31,2026-01-29,有価証券報告書－第37期(2024/11/01－2025/10/31)
E01170,5218,S100XHTP,株式会社オハラ,2025-10-31,2026-01-29,有価証券報告書－第117期(2024/11/01－2025/10/31)
E05481,9425,S100XIBW,ＲｅＹｕｕ　Ｊａｐａｎ株式会社,2025-10-31,2026-01-30,有価証券報告書－第38期(2024/11/01－2025/10/31)
E05320,2345,S100XIHR,株式会社クシム,2025-10-31,2026-01-30,有価証券報告書－第30期(2024/11/01－2025/10/31)
E03408,2734,S100XL6L,株式会社サーラコーポレーション,2025-11-30,2026-02-16,有価証券報告書－第24期(2024/12/01－2025/11/30)
E02988,3377,S100XLTO,株式会社バイク王＆カンパニー,2025-11-30,2026-02-18,有価証券報告書－第28期(2024/12/01－2025/11/30)
E02722,9872,S100XM1D,北恵株式会社,2025-11-20,2026-02-18,有価証券報告書－第67期(2024/11/21－2025/11/20)
E02395,7965,S100XL0K,象印マホービン株式会社,2025-11-20,2026-02-18,有価証券報告書－第81期(2024/11/21－2025/11/20)
E01377,6136,S100XM3S,オーエスジー株式会社,2025-11-30,2026-02-19,有価証券報告書－第113期(2024/12/01－2025/11/30)
E34707,2975,S100XM43,スター・マイカ・ホールディングス株式会社,2025-11-30,2026-02-19,有価証券報告書－第28期(2024/12/01－2025/11/30)
E33390,3994,S100XM4Q,株式会社マネーフォワード,2025-11-30,2026-02-19,有価証券報告書－第14期(2024/12/01－2025/11/30)
E27693,3186,S100XM1X,株式会社ネクステージ,2025-11-30,2026-02-19,有価証券報告書－第27期(2024/12/01－2025/11/30)
E01006,4361,S100XLSD,川口化学工業株式会社,2025-11-30,2026-02-20,有価証券報告書－第124期(2024/12/01－2025/11/30)
E00896,4616,S100XMOI,川上塗料株式会社,2025-11-30,2026-02-20,有価証券報告書－第111期(2024/12/01－2025/11/30)
E00552,3201,S100XLV8,日本毛織株式会社,2025-11-30,2026-02-20,有価証券報告書－第195期(2024/12/01－2025/11/30)
E01001,4992,S100XMF0,北興化学工業株式会社,2025-11-30,2026-02-20,有価証券報告書－第76期(2024/12/01－2025/11/30)
E00855,4187,S100XLS3,大阪有機化学工業株式会社,2025-11-30,2026-02-24,有価証券報告書－第79期(2024/12/01－2025/11/30)
E04213,9369,S100XMO8,株式会社キユーソー流通システム,2025-11-30,2026-02-24,有価証券報告書－第60期(2024/12/01－2025/11/30)
E00464,2809,S100XMJE,キユーピー株式会社,2025-11-30,2026-02-24,有価証券報告書－第113期(2024/12/01－2025/11/30)
E01524,6217,S100XMJD,津田駒工業株式会社,2025-11-30,2026-02-24,有価証券報告書－第115期(2024/12/01－2025/11/30)
E31729,3139,S100XMUD,株式会社ラクト・ジャパン,2025-11-30,2026-02-24,有価証券報告書－第28期(2024/12/01－2025/11/30)
E02703,9837,S100XMFU,モリト株式会社,2025-11-30,2026-02-24,有価証券報告書－第88期(2024/12/01－2025/11/30)
E01603,6474,S100XMRN,株式会社不二越,2025-11-30,2026-02-24,有価証券報告書－第143期(2024/12/01－2025/11/30)
E02774,9972,S100XMNZ,アルテック株式会社,2025-11-30,2026-02-24,有価証券報告書－第50期(2024/12/01－2025/11/30)
E36077,4016,S100XMVG,ＭＩＴホールディングス株式会社,2025-11-30,2026-02-24,有価証券報告書－第16期(2024/12/01－2025/11/30)
E01370,5942,S100XMRB,日本フイルコン株式会社,2025-11-30,2026-02-25,有価証券報告書－第126期(2024/12/01－2025/11/30)
E32571,3267,S100XMZE,株式会社フィル・カンパニー,2025-11-30,2026-02-25,有価証券報告書－第21期(2024/12/01－2025/11/30)
E04296,9313,S100XN1B,丸八倉庫株式会社,2025-11-30,2026-02-25,有価証券報告書－第130期(2024/12/01－2025/11/30)
E05555,2471,S100XN00,株式会社エスプール,2025-11-30,2026-02-25,有価証券報告書－第26期(2024/12/01－2025/11/30)
E02372,7997,S100XN3N,株式会社くろがね工作所,2025-11-30,2026-02-25,有価証券報告書－第106期(2024/12/01－2025/11/30)
E04566,9720,S100XMSL,株式会社ホテル、ニューグランド,2025-11-30,2026-02-25,有価証券報告書－第148期(2024/12/01－2025/11/30)
E03007,3089,S100XN4S,テクノアルファ株式会社,2025-11-30,2026-02-25,有価証券報告書－第36期(2024/12/01－2025/11/30)
E04021,8923,S100XMC1,トーセイ株式会社,2025-11-30,2026-02-25,有価証券報告書－第76期(2024/12/01－2025/11/30)
E22612,3266,S100XMVL,株式会社ファンドクリエーショングループ,2025-11-30,2026-02-25,有価証券報告書－第17期(2024/12/01－2025/11/30)
E00636,7879,S100XMYW,株式会社ノダ,2025-11-30,2026-02-25,有価証券報告書－第88期(2024/12/01－2025/11/30)
E38367,5250,S100XN9A,プライム・ストラテジー株式会社,2025-11-30,2026-02-25,有価証券報告書－第23期(2024/12/01－2025/11/30)
E32592,3547,S100XN24,株式会社串カツ田中ホールディングス,2025-11-30,2026-02-25,有価証券報告書－第24期(2024/12/01－2025/11/30)
E04987,4673,S100XN3U,川崎地質株式会社,2025-11-30,2026-02-25,有価証券報告書－第75期(2024/12/01－2025/11/30)
E02585,8095,S100XN2T,アステナホールディングス株式会社,2025-11-30,2026-02-25,有価証券報告書－第86期(2024/12/01－2025/11/30)
E05607,3454,S100XMR5,ファーストブラザーズ株式会社,2025-11-30,2026-02-25,有価証券報告書－第22期(2024/12/01－2025/11/30)
E05702,6634,S100XN0W,株式会社ネクスグループ,2025-11-30,2026-02-25,有価証券報告書－第42期(2024/12/01－2025/11/30)
E03505,3077,S100XN95,ホリイフードサービス株式会社,2025-11-30,2026-02-25,有価証券報告書－第44期(2025/04/01－2025/11/30)
E02095,6664,S100XNIW,株式会社オプトエレクトロニクス,2025-11-30,2026-02-26,有価証券報告書－第50期(2024/12/01－2025/11/30)
E04884,9647,S100XMZO,株式会社協和コンサルタンツ,2025-11-30,2026-02-26,有価証券報告書－第65期(2024/12/01－2025/11/30)
E37913,7388,S100XN8S,株式会社ＦＰパートナー,2025-11-30,2026-02-26,有価証券報告書－第16期(2024/12/01－2025/11/30)
E02848,7501,S100XMV5,株式会社ティムコ,2025-11-30,2026-02-26,有価証券報告書－第56期(2024/12/01－2025/11/30)
E05611,2493,S100XNBS,イーサポートリンク株式会社,2025-11-30,2026-02-26,有価証券報告書－第28期(2024/12/01－2025/11/30)
E31256,3907,S100XNL3,シリコンスタジオ株式会社,2025-11-30,2026-02-26,有価証券報告書－第27期(2024/12/01－2025/11/30)
E30504,3192,S100XN0D,株式会社白鳩,2025-11-30,2026-02-27,有価証券報告書－第54期(2025/03/01－2025/11/30)
E01999,6866,S100XNNG,日置電機株式会社,2025-12-31,2026-02-27,有価証券報告書－第74期(2025/01/01－2025/12/31)
E37502,4197,S100XNPA,株式会社アスマーク,2025-11-30,2026-02-27,有価証券報告書－第24期(2024/12/01－2025/11/30)
E01176,5341,S100XNR4,ＡＳＡＨＩ　ＥＩＴＯホールディングス株式会社,2025-11-30,2026-02-27,有価証券報告書－第75期(2024/12/01－2025/11/30)
E02378,7936,S100XOKI,株式会社アシックス,2025-12-31,2026-03-04,有価証券報告書－第72期(2025/01/01－2025/12/31)
E01834,7944,S100XNYW,ローランド株式会社,2025-12-31,2026-03-05,有価証券報告書－第54期(2025/01/01－2025/12/31)
E05416,2408,S100XPFN,株式会社ＫＧ情報,2025-12-20,2026-03-09,有価証券報告書－第46期(2024/12/21－2025/12/20)
E01714,6328,S100XPJL,荏原実業株式会社,2025-12-31,2026-03-09,有価証券報告書－第87期(2025/01/01－2025/12/31)
E00816,4151,S100XPTY,協和キリン株式会社,2025-12-31,2026-03-10,有価証券報告書－第103期(2025/01/01－2025/12/31)
E00444,2811,S100XQN0,カゴメ株式会社,2025-12-31,2026-03-13,有価証券報告書－第82期(2025/01/01－2025/12/31)
E31331,3912,S100XQ8M,株式会社モバイルファクトリー,2025-12-31,2026-03-13,有価証券報告書－第25期(2025/01/01－2025/12/31)
E02306,6858,S100XR77,株式会社小野測器,2025-12-31,2026-03-16,有価証券報告書－第72期(2025/01/01－2025/12/31)
E01267,6326,S100XR0M,株式会社　クボタ,2025-12-31,2026-03-16,有価証券報告書－第136期(2025/01/01－2025/12/31)
E00474,2268,S100XQHI,Ｂ－Ｒ　サーティワン　アイスクリーム株式会社,2025-12-31,2026-03-16,有価証券報告書－第53期(2025/01/01－2025/12/31)
E01971,6817,S100XQT8,スミダコーポレーション株式会社,2025-12-31,2026-03-16,有価証券報告書－第71期(2025/01/01－2025/12/31)
E02257,7309,S100XQSE,株式会社シマノ,2025-12-31,2026-03-17,有価証券報告書－第119期(2025/01/01－2025/12/31)
E00559,3302,S100XQYR,帝国繊維株式会社,2025-12-31,2026-03-17,有価証券報告書－第100期(2025/01/01－2025/12/31)
E02794,7422,S100XRD8,東邦レマック株式会社,2025-12-20,2026-03-17,有価証券報告書－第68期(2024/12/21－2025/12/20)
E00523,3003,S100XR5L,ヒューリック株式会社,2025-12-31,2026-03-17,有価証券報告書－第96期(2025/01/01－2025/12/31)
E02097,6663,S100XRF9,太洋テクノレックス株式会社,2025-12-20,2026-03-17,有価証券報告書－第65期(2024/12/21－2025/12/20)
E01613,6395,S100XQP3,株式会社タダノ,2025-12-31,2026-03-18,有価証券報告書－第78期(2025/01/01－2025/12/31)
E05123,4784,S100XRMD,ＧＭＯインターネット株式会社,2025-12-31,2026-03-18,有価証券報告書－第27期(2025/01/01－2025/12/31)
E01350,5819,S100XRBT,カナレ電気株式会社,2025-12-31,2026-03-18,有価証券報告書－第53期(2025/01/01－2025/12/31)
E02701,9830,S100XRJW,トラスコ中山株式会社,2025-12-31,2026-03-18,有価証券報告書－第63期(2025/01/01－2025/12/31)
E01659,5946,S100XRH4,株式会社長府製作所,2025-12-31,2026-03-18,有価証券報告書－第72期(2025/01/01－2025/12/31)
E02991,3386,S100XRR0,コスモ・バイオ株式会社,2025-12-31,2026-03-18,有価証券報告書－第43期(2025/01/01－2025/12/31)
E05147,4812,S100XRJK,株式会社電通総研,2025-12-31,2026-03-18,有価証券報告書－第51期(2025/01/01－2025/12/31)
E02371,7972,S100XRIU,株式会社イトーキ,2025-12-31,2026-03-18,有価証券報告書－第76期(2025/01/01－2025/12/31)
E05545,3788,S100XREJ,ＧＭＯグローバルサイン・ホールディングス株式会社,2025-12-31,2026-03-18,有価証券報告書－第33期(2025/01/01－2025/12/31)
E01086,5108,S100XRPR,株式会社ブリヂストン,2025-12-31,2026-03-18,有価証券報告書－第107期(2025/01/01－2025/12/31)
E30841,7172,S100XRRA,株式会社ジャパンインベストメントアドバイザー,2025-12-31,2026-03-18,有価証券報告書－第20期(2025/01/01－2025/12/31)
E02389,7989,S100XRWE,立川ブラインド工業株式会社,2025-12-31,2026-03-18,有価証券報告書－第80期(2025/01/01－2025/12/31)
E05467,2429,S100XRUO,株式会社ワールドホールディングス,2025-12-31,2026-03-18,有価証券報告書－第33期(2025/01/01－2025/12/31)
E27486,4587,S100XRP4,ペプチドリーム株式会社,2025-12-31,2026-03-18,有価証券報告書－第20期(2025/01/01－2025/12/31)
E01678,6481,S100XRWN,ＴＨＫ株式会社,2025-12-31,2026-03-18,有価証券報告書－第56期(2025/01/01－2025/12/31)
E01114,5184,S100XRDM,株式会社ニチリン,2025-12-31,2026-03-18,有価証券報告書－第142期(2025/01/01－2025/12/31)
E00664,3944,S100XRPZ,古林紙工株式会社,2025-12-31,2026-03-19,有価証券報告書－第96期(2025/01/01－2025/12/31)
E00903,4634,S100XRLA,ａｒｔｉｅｎｃｅ株式会社,2025-12-31,2026-03-19,有価証券報告書－第188期(2025/01/01－2025/12/31)
E02404,7956,S100XS40,ピジョン株式会社,2025-12-31,2026-03-19,有価証券報告書－第69期(2025/01/01－2025/12/31)
E22101,3633,S100XS5R,ＧＭＯペパボ株式会社,2025-12-31,2026-03-19,有価証券報告書－第24期(2025/01/01－2025/12/31)
E05494,3776,S100WZGB,株式会社ブロードバンドタワー,2025-12-31,2026-03-19,有価証券報告書－第47期(2025/01/01－2025/12/31)
E34276,7037,S100XRYQ,株式会社テノ．ホールディングス,2025-12-31,2026-03-19,有価証券報告書－第11期(2025/01/01－2025/12/31)
E02081,6723,S100XR06,ルネサスエレクトロニクス株式会社,2025-12-31,2026-03-19,有価証券報告書－第24期(2025/01/01－2025/12/31)
E00397,2533,S100XRFQ,オエノンホールディングス株式会社,2025-12-31,2026-03-19,有価証券報告書－第119期(2025/01/01－2025/12/31)
E02322,7744,S100XS3C,ノーリツ鋼機株式会社,2025-12-31,2026-03-19,有価証券報告書－第71期(2025/01/01－2025/12/31)
E00373,2206,S100XRXN,江崎グリコ株式会社,2025-12-31,2026-03-19,有価証券報告書－第121期(2025/01/01－2025/12/31)
E01660,6498,S100XS6X,株式会社キッツ,2025-12-31,2026-03-19,有価証券報告書－第112期(2025/01/01－2025/12/31)
E33039,3983,S100XR9Z,株式会社オロ,2025-12-31,2026-03-19,有価証券報告書－第28期(2025/01/01－2025/12/31)
E32664,9160,S100XSAX,株式会社ノバレーゼ,2025-12-31,2026-03-19,有価証券報告書－第10期(2025/01/01－2025/12/31)
E03366,2702,S100XS22,日本マクドナルドホールディングス株式会社,2025-12-31,2026-03-19,有価証券報告書－第55期(2025/01/01－2025/12/31)
E00417,2579,S100XR1L,コカ・コーラボトラーズジャパンホールディングス株式会社,2025-12-31,2026-03-19,有価証券報告書－第68期(2025/01/01－2025/12/31)
E35959,4012,S100XS04,株式会社アクシス,2025-12-31,2026-03-19,有価証券報告書－第35期(2025/01/01－2025/12/31)
E05474,3765,S100XRW5,ガンホー・オンライン・エンターテイメント株式会社,2025-12-31,2026-03-19,有価証券報告書－第29期(2025/01/01－2025/12/31)
E35340,2982,S100XS5K,株式会社ＡＤワークスグループ,2025-12-31,2026-03-19,有価証券報告書－第6期(2025/01/01－2025/12/31)
E00736,7849,S100XSPB,スターツ出版株式会社,2025-12-31,2026-03-23,有価証券報告書－第43期(2025/01/01－2025/12/31)
E00905,4633,S100XSP9,サカタインクス株式会社,2025-12-31,2026-03-23,有価証券報告書－第148期(2025/01/01－2025/12/31)
E31723,6171,S100XSOI,株式会社土木管理総合試験所,2025-12-31,2026-03-23,有価証券報告書－第41期(2025/01/01－2025/12/31)
E00901,4631,S100XS2N,ＤＩＣ株式会社,2025-12-31,2026-03-23,有価証券報告書－第128期(2025/01/01－2025/12/31)
E05609,2492,S100XSO1,株式会社インフォマート,2025-12-31,2026-03-23,有価証券報告書－第28期(2025/01/01－2025/12/31)
E27622,2587,S100XSOA,サントリー食品インターナショナル株式会社,2025-12-31,2026-03-23,有価証券報告書－第17期(2025/01/01－2025/12/31)
E01901,6856,S100XSIJ,株式会社堀場製作所,2025-12-31,2026-03-23,有価証券報告書－第88期(2025/01/01－2025/12/31)
E04048,8996,S100XS94,株式会社ハウスフリーダム,2025-12-31,2026-03-23,有価証券報告書－第31期(2025/01/01－2025/12/31)
E31037,4248,S100XSML,竹本容器株式会社,2025-12-31,2026-03-23,有価証券報告書－第75期(2025/01/01－2025/12/31)
E27361,3673,S100XS43,株式会社ブロードリーフ,2025-12-31,2026-03-23,有価証券報告書－第17期(2025/01/01－2025/12/31)
E00374,2211,S100XS9W,株式会社不二家,2025-12-31,2026-03-23,有価証券報告書－第131期(2025/01/01－2025/12/31)
E00703,7915,S100XS06,ＮＩＳＳＨＡ株式会社,2025-12-31,2026-03-23,有価証券報告書－第107期(2025/01/01－2025/12/31)
E33588,6560,S100XRW4,株式会社エル・ティー・エス,2025-12-31,2026-03-23,有価証券報告書－第24期(2025/01/01－2025/12/31)
E00678,8113,S100XSEU,ユニ・チャーム株式会社,2025-12-31,2026-03-23,有価証券報告書－第66期(2025/01/01－2025/12/31)
E31023,3901,S100XSGJ,マークラインズ株式会社,2025-12-31,2026-03-23,有価証券報告書－第25期(2025/01/01－2025/12/31)
E01596,6440,S100XSJU,ＪＵＫＩ株式会社,2025-12-31,2026-03-23,有価証券報告書－第111期(2025/01/01－2025/12/31)
E04560,9722,S100XS71,藤田観光株式会社,2025-12-31,2026-03-23,有価証券報告書－第93期(2025/01/01－2025/12/31)
E21122,3964,S100XSDA,株式会社オークネット,2025-12-31,2026-03-23,有価証券報告書－第18期(2025/01/01－2025/12/31)
E34130,5699,S100XSK6,株式会社イボキン,2025-12-31,2026-03-23,有価証券報告書－第42期(2025/01/01－2025/12/31)
E35220,4251,S100XS6Z,恵和株式会社,2025-12-31,2026-03-23,有価証券報告書－第79期(2025/01/01－2025/12/31)
E27054,2931,S100XSL3,株式会社ユーグレナ,2025-12-31,2026-03-23,有価証券報告書－第21期(2025/01/01－2025/12/31)
E05041,9449,S100XSG3,ＧＭＯインターネットグループ株式会社,2025-12-31,2026-03-23,有価証券報告書－第35期(2025/01/01－2025/12/31)
E01542,6361,S100XS6E,株式会社荏原製作所,2025-12-31,2026-03-23,有価証券報告書－第161期(2025/01/01－2025/12/31)
E00834,4221,S100XSNI,大倉工業株式会社,2025-12-31,2026-03-23,有価証券報告書－第106期(2025/01/01－2025/12/31)
E01054,4971,S100XRJV,メック株式会社,2025-12-31,2026-03-23,有価証券報告書－第57期(2025/01/01－2025/12/31)
E02168,7272,S100XRTH,ヤマハ発動機株式会社,2025-12-31,2026-03-23,有価証券報告書－第91期(2025/01/01－2025/12/31)
E03859,8804,S100XSKF,東京建物株式会社,2025-12-31,2026-03-23,有価証券報告書－第208期(2025/01/01－2025/12/31)
E26815,7177,S100XSFM,ＧＭＯフィナンシャルホールディングス株式会社,2025-12-31,2026-03-23,有価証券報告書－第15期(2025/01/01－2025/12/31)
E41149,471A,S100XSQQ,ＮＳグループ株式会社,2025-12-31,2026-03-23,有価証券報告書－第5期(2025/01/01－2025/12/31)
E00990,4911,S100XSCU,株式会社資生堂,2025-12-31,2026-03-23,有価証券報告書－第126期(2025/01/01－2025/12/31)
E02350,6266,S100XS15,タツモ株式会社,2025-12-31,2026-03-23,有価証券報告書－第54期(2025/01/01－2025/12/31)
E05692,3252,S100XS0T,地主株式会社,2025-12-31,2026-03-23,有価証券報告書－第26期(2025/01/01－2025/12/31)
E00492,2914,S100XSSA,日本たばこ産業株式会社,2025-12-31,2026-03-23,有価証券報告書－第41期(2025/01/01－2025/12/31)
E02366,7976,S100XRVX,三菱鉛筆株式会社,2025-12-31,2026-03-23,有価証券報告書－第151期(2025/01/01－2025/12/31)
E30649,3299,S100XT1L,株式会社ムゲンエステート,2025-12-31,2026-03-24,有価証券報告書－第36期(2025/01/01－2025/12/31)
E01122,5201,S100XSTU,ＡＧＣ株式会社,2025-12-31,2026-03-24,有価証券報告書－第101期(2025/01/01－2025/12/31)
E02644,8060,S100XS8C,キヤノンマーケティングジャパン株式会社,2025-12-31,2026-03-24,有価証券報告書－第58期(2025/01/01－2025/12/31)
E26086,3277,S100XSVW,株式会社サンセイランディック,2025-12-31,2026-03-24,有価証券報告書－第50期(2025/01/01－2025/12/31)
E00841,4099,S100XSPO,四国化成ホールディングス株式会社,2025-12-31,2026-03-24,有価証券報告書－第106期(2025/01/01－2025/12/31)
E01110,5110,S100XT7A,住友ゴム工業株式会社,2025-12-31,2026-03-24,有価証券報告書－第134期(2025/01/01－2025/12/31)
E22554,7314,S100XT5I,株式会社小田原機器,2025-12-31,2026-03-24,有価証券報告書－第47期(2025/01/01－2025/12/31)
E05293,2311,S100XSPG,株式会社エプコ,2025-12-31,2026-03-24,有価証券報告書－第36期(2025/01/01－2025/12/31)
E00881,4404,S100XSY8,ミヨシ油脂株式会社,2025-12-31,2026-03-24,有価証券報告書－第100期(2025/01/01－2025/12/31)
E30697,4979,S100XSHI,ＯＡＴアグリオ株式会社,2025-12-31,2026-03-24,有価証券報告書－第16期(2025/01/01－2025/12/31)
E36460,4072,S100XSJW,株式会社電算システムホールディングス,2025-12-31,2026-03-24,有価証券報告書－第5期(2025/01/01－2025/12/31)
E01692,6149,S100XSNC,株式会社小田原エンジニアリング,2025-12-31,2026-03-24,有価証券報告書－第47期(2025/01/01－2025/12/31)
E31354,3913,S100XT1W,ＧｒｅｅｎＢｅｅ株式会社,2025-12-31,2026-03-24,有価証券報告書－第19期(2025/01/01－2025/12/31)
E00375,2212,S100XQ5C,山崎製パン株式会社,2025-12-31,2026-03-24,有価証券報告書－第78期(2025/01/01－2025/12/31)
E38118,7115,S100XT1E,株式会社アルファパーチェス,2025-12-31,2026-03-24,有価証券報告書－第16期(2025/01/01－2025/12/31)
E04011,8914,S100XSP5,エリアリンク株式会社,2025-12-31,2026-03-24,有価証券報告書－第31期(2025/01/01－2025/12/31)
E05727,2170,S100XSV5,株式会社リンクアンドモチベーション,2025-12-31,2026-03-24,有価証券報告書－第26期(2025/01/01－2025/12/31)
E31925,1435,S100XSYD,株式会社ｒｏｂｏｔ　ｈｏｍｅ,2025-12-31,2026-03-24,有価証券報告書－第20期(2025/01/01－2025/12/31)
E04783,8179,S100XSL6,ロイヤルホールディングス株式会社,2025-12-31,2026-03-24,有価証券報告書－第77期(2025/01/01－2025/12/31)
E05647,4344,S100XSUV,ソースネクスト株式会社,2025-12-31,2026-03-24,有価証券報告書－第30期(2025/04/01－2025/12/31)
E05592,3040,S100XRPJ,株式会社ソリトンシステムズ,2025-12-31,2026-03-24,有価証券報告書－第48期(2025/01/01－2025/12/31)
E39892,268A,S100XTB1,リガク・ホールディングス株式会社,2025-12-31,2026-03-24,有価証券報告書－第5期(2025/01/01－2025/12/31)
E26675,9419,S100XSUO,株式会社ワイヤレスゲート,2025-12-31,2026-03-24,有価証券報告書－第22期(2025/01/01－2025/12/31)
E05599,2489,S100XSXU,株式会社アドウェイズ,2025-12-31,2026-03-24,有価証券報告書－第26期(2025/01/01－2025/12/31)
E03492,262A,S100XT2Q,株式会社インターメスティック,2025-12-31,2026-03-24,有価証券報告書－第33期(2025/01/01－2025/12/31)
E04224,2384,S100XSXL,ＳＢＳホールディングス株式会社,2025-12-31,2026-03-24,有価証券報告書－第40期(2025/01/01－2025/12/31)
E05407,8929,S100XTDE,株式会社青山財産ネットワークス,2025-12-31,2026-03-24,有価証券報告書－第35期(2025/01/01－2025/12/31)
E00505,2597,S100XTDG,株式会社ユニカフェ,2025-12-31,2026-03-24,有価証券報告書－第54期(2025/01/01－2025/12/31)
E25850,3659,S100XSM4,株式会社ネクソン,2025-12-31,2026-03-24,有価証券報告書－第24期(2025/01/01－2025/12/31)
E22470,6078,S100XT60,株式会社バリューＨＲ,2025-12-31,2026-03-24,有価証券報告書－第25期(2025/01/01－2025/12/31)
E21258,6250,S100XSYR,株式会社やまびこ,2025-12-31,2026-03-24,有価証券報告書－第18期(2025/01/01－2025/12/31)
E03724,8508,S100XSDT,Ｊトラスト株式会社,2025-12-31,2026-03-24,有価証券報告書－第50期(2025/01/01－2025/12/31)
E01505,6278,S100XSU7,ユニオンツール株式会社,2025-12-31,2026-03-24,有価証券報告書－第65期(2025/01/01－2025/12/31)
E00854,4186,S100XT0N,東京応化工業株式会社,2025-12-31,2026-03-24,有価証券報告書－第96期(2025/01/01－2025/12/31)
E38919,5589,S100XTAQ,株式会社オートサーバー,2025-12-31,2026-03-24,有価証券報告書－第11期(2025/01/01－2025/12/31)
E01015,4985,S100XSLS,アース製薬株式会社,2025-12-31,2026-03-24,有価証券報告書－第102期(2025/01/01－2025/12/31)
E36140,9145,S100XT1Y,株式会社ビーイングホールディングス,2025-12-31,2026-03-24,有価証券報告書－第40期(2025/01/01－2025/12/31)
E04902,9622,S100XT9C,株式会社スペース,2025-12-31,2026-03-24,有価証券報告書－第54期(2025/01/01－2025/12/31)
E05020,4712,S100XSVU,株式会社ＫｅｙＨｏｌｄｅｒ,2025-12-31,2026-03-24,有価証券報告書－第59期(2025/01/01－2025/12/31)
E05282,4356,S100XSUL,応用技術株式会社,2025-12-31,2026-03-24,有価証券報告書－第43期(2025/01/01－2025/12/31)
E01551,6383,S100XT4W,株式会社ダイフク,2025-12-31,2026-03-24,有価証券報告書－第110期(2025/01/01－2025/12/31)
E01049,4922,S100XSUW,株式会社コーセーホールディングス,2025-12-31,2026-03-24,有価証券報告書－第84期(2025/01/01－2025/12/31)
E02120,6633,S100XRYC,株式会社ＣＧＳホールディングス,2025-12-31,2026-03-24,有価証券報告書－第19期(2025/01/01－2025/12/31)
E22560,4574,S100XSJ2,大幸薬品株式会社,2025-12-31,2026-03-24,有価証券報告書－第80期(2025/01/01－2025/12/31)
E34142,7033,S100XT2O,株式会社マネジメントソリューションズ,2025-12-31,2026-03-24,有価証券報告書－第21期(2025/01/01－2025/12/31)
E39133,5891,S100XTBZ,株式会社魁力屋,2025-12-31,2026-03-24,有価証券報告書－第23期(2025/01/01－2025/12/31)
E04754,9731,S100XT2K,株式会社白洋舍,2025-12-31,2026-03-24,有価証券報告書－第133期(2025/01/01－2025/12/31)
E40019,261A,S100XTPW,株式会社日水コン,2025-12-31,2026-03-25,有価証券報告書－第68期(2025/01/01－2025/12/31)
E24951,4927,S100XSDL,株式会社ポーラ・オルビスホールディングス,2025-12-31,2026-03-25,有価証券報告書－第20期(2025/01/01－2025/12/31)
E03342,9441,S100XT5G,株式会社ベルパーク,2025-12-31,2026-03-25,有価証券報告書－第33期(2025/01/01－2025/12/31)
E05411,2418,S100XTC0,株式会社ツカダ・グローバルホールディング,2025-12-31,2026-03-25,有価証券報告書－第31期(2025/01/01－2025/12/31)
E01921,6853,S100XSGM,株式会社共和電業,2025-12-31,2026-03-25,有価証券報告書－第79期(2025/01/01－2025/12/31)
E02934,2700,S100XSQ8,木徳神糧株式会社,2025-12-31,2026-03-25,有価証券報告書－第78期(2025/01/01－2025/12/31)
E04954,4641,S100XTGN,株式会社アルプス技研,2025-12-31,2026-03-25,有価証券報告書－第45期(2025/01/01－2025/12/31)
E01459,7841,S100XTH1,株式会社遠藤製作所,2025-12-31,2026-03-25,有価証券報告書－第76期(2025/01/01－2025/12/31)
E00196,1899,S100XT0V,株式会社福田組,2025-12-31,2026-03-25,有価証券報告書－第99期(2025/01/01－2025/12/31)
E36172,4171,S100XTHD,株式会社グローバルインフォメーション,2025-12-31,2026-03-25,有価証券報告書－第31期(2025/01/01－2025/12/31)
E00751,4004,S100XTT8,株式会社レゾナック・ホールディングス,2025-12-31,2026-03-25,有価証券報告書－第117期(2025/01/01－2025/12/31)
E32591,3940,S100XTIP,株式会社ノムラシステムコーポレーション,2025-12-31,2026-03-25,有価証券報告書－第41期(2025/01/01－2025/12/31)
E05326,1724,S100XT97,シンクレイヤ株式会社,2025-12-31,2026-03-25,有価証券報告書－第64期(2025/01/01－2025/12/31)
E01005,5010,S100XTUB,日本精蝋株式会社,2025-12-31,2026-03-25,有価証券報告書－第99期(2025/01/01－2025/12/31)
E01140,5302,S100XT3M,日本カーボン株式会社,2025-12-31,2026-03-25,有価証券報告書－第167期(2025/01/01－2025/12/31)
E33594,6235,S100XTSL,株式会社オプトラン,2025-12-31,2026-03-25,有価証券報告書－第27期(2025/01/01－2025/12/31)
E01141,5337,S100XSWN,ダントーホールディングス株式会社,2025-12-31,2026-03-25,有価証券報告書－第198期(2025/01/01－2025/12/31)
E01379,5851,S100XT40,リョービ株式会社,2025-12-31,2026-03-25,有価証券報告書－第114期(2025/01/01－2025/12/31)
E02030,6871,S100XTD8,株式会社日本マイクロニクス,2025-12-31,2026-03-25,有価証券報告書－第55期(2025/01/01－2025/12/31)
E03092,8165,S100XRKS,株式会社千趣会,2025-12-31,2026-03-25,有価証券報告書－第81期(2025/01/01－2025/12/31)
E00011,1911,S100XTVO,住友林業株式会社,2025-12-31,2026-03-25,有価証券報告書－第86期(2025/01/01－2025/12/31)
E38335,5257,S100XT6D,ノバシステム株式会社,2025-12-31,2026-03-25,有価証券報告書－第44期(2025/01/01－2025/12/31)
E27047,3667,S100XTDL,株式会社ｅｎｉｓｈ,2025-12-31,2026-03-25,有価証券報告書－第17期(2025/01/01－2025/12/31)
E00762,4025,S100XS6V,多木化学株式会社,2025-12-31,2026-03-25,有価証券報告書－第107期(2025/01/01－2025/12/31)
E00883,4452,S100XT6G,花王株式会社,2025-12-31,2026-03-25,有価証券報告書－第120期(2025/01/01－2025/12/31)
E00887,4463,S100XTLN,日華化学株式会社,2025-12-31,2026-03-25,有価証券報告書－第112期(2025/01/01－2025/12/31)
E34290,7038,S100XTFR,フロンティア・マネジメント株式会社,2025-12-31,2026-03-25,有価証券報告書－第19期(2025/01/01－2025/12/31)
E05033,4722,S100XTFP,フューチャー株式会社,2025-12-31,2026-03-25,有価証券報告書－第37期(2025/01/01－2025/12/31)
E01047,4967,S100XSXS,小林製薬株式会社,2025-12-31,2026-03-25,有価証券報告書－第108期(2025/01/01－2025/12/31)
E00315,1718,S100XTPB,美樹工業株式会社,2025-12-31,2026-03-25,有価証券報告書－第64期(2025/01/01－2025/12/31)
E04816,9755,S100XTJV,応用地質株式会社,2025-12-31,2026-03-25,有価証券報告書－第69期(2025/01/01－2025/12/31)
E02861,7531,S100XSS6,清和中央ホールディングス株式会社,2025-12-31,2026-03-25,有価証券報告書－第72期(2025/01/01－2025/12/31)
E02877,7228,S100XSX2,株式会社デイトナ,2025-12-31,2026-03-25,有価証券報告書－第54期(2025/01/01－2025/12/31)
E39136,5868,S100XSJ5,株式会社ロココ,2025-12-31,2026-03-25,有価証券報告書－第32期(2025/01/01－2025/12/31)
E22663,2193,S100XTNM,クックパッド株式会社,2025-12-31,2026-03-25,有価証券報告書－第29期(2025/01/01－2025/12/31)
E04516,9543,S100XTDX,静岡ガス株式会社,2025-12-31,2026-03-25,有価証券報告書－第178期(2025/01/01－2025/12/31)
E00708,3948,S100XSVY,光ビジネスフォーム株式会社,2025-12-31,2026-03-25,有価証券報告書－第58期(2025/01/01－2025/12/31)
E25283,3649,S100XTNK,株式会社ファインデックス,2025-12-31,2026-03-25,有価証券報告書－第41期(2025/01/01－2025/12/31)
E01223,5310,S100XTP9,東洋炭素株式会社,2025-12-31,2026-03-25,有価証券報告書－第84期(2025/01/01－2025/12/31)
E00133,1897,S100XT0W,金下建設株式会社,2025-12-31,2026-03-25,有価証券報告書－第75期(2025/01/01－2025/12/31)
E32642,4189,S100XT28,ＫＨネオケム株式会社,2025-12-31,2026-03-25,有価証券報告書－第16期(2025/01/01－2025/12/31)
E05533,2461,S100XRYY,株式会社ファンコミュニケーションズ,2025-12-31,2026-03-25,有価証券報告書－第27期(2025/01/01－2025/12/31)
E04603,9672,S100XTJA,東京都競馬株式会社,2025-12-31,2026-03-25,有価証券報告書－第102期(2025/01/01－2025/12/31)
E35139,7081,S100XTYD,コーユーレンティア株式会社,2025-12-31,2026-03-25,有価証券報告書－第56期(2025/01/01－2025/12/31)
E32601,6533,S100XTR2,株式会社Ｏｒｃｈｅｓｔｒａ　Ｈｏｌｄｉｎｇｓ,2025-12-31,2026-03-25,有価証券報告書－第17期(2025/01/01－2025/12/31)
E38178,9339,S100XTSA,株式会社コーチ・エィ,2025-12-31,2026-03-25,有価証券報告書－第25期(2025/01/01－2025/12/31)
E33579,3486,S100XU06,株式会社グローバル・リンク・マネジメント,2025-12-31,2026-03-25,有価証券報告書－第21期(2025/01/01－2025/12/31)
E01726,6268,S100XTOY,ナブテスコ株式会社,2025-12-31,2026-03-25,有価証券報告書－第23期(2025/01/01－2025/12/31)
E35118,5871,S100XSRF,ＳＯＬＩＺＥ　Ｈｏｌｄｉｎｇｓ株式会社,2025-12-31,2026-03-25,有価証券報告書－第36期(2025/01/01－2025/12/31)
E00981,4565,S100XTYN,ネクセラファーマ株式会社,2025-12-31,2026-03-25,有価証券報告書－第36期(2025/01/01－2025/12/31)
E05183,4840,S100XU05,株式会社トライアイズ,2025-12-31,2026-03-25,有価証券報告書－第31期(2025/01/01－2025/12/31)
E03497,3064,S100XSYP,株式会社ＭｏｎｏｔａＲＯ,2025-12-31,2026-03-25,有価証券報告書－第26期(2025/01/01－2025/12/31)
E04515,9539,S100XTA9,京葉瓦斯株式会社,2025-12-31,2026-03-25,有価証券報告書－第141期(2025/01/01－2025/12/31)
E05036,4725,S100XSXA,株式会社ＣＡＣ　Ｈｏｌｄｉｎｇｓ,2025-12-31,2026-03-25,有価証券報告書－第60期(2025/01/01－2025/12/31)
E03517,3091,S100XT8X,株式会社ブロンコビリー,2025-12-31,2026-03-25,有価証券報告書－第44期(2025/01/01－2025/12/31)
E24994,6627,S100XTOJ,株式会社テラプローブ,2025-12-31,2026-03-25,有価証券報告書－第21期(2025/01/01－2025/12/31)
E02800,5015,S100XT5L,ビーピー・カストロール株式会社,2025-12-31,2026-03-25,有価証券報告書－第49期(2025/01/01－2025/12/31)
E02177,7244,S100XTYP,市光工業株式会社,2025-12-31,2026-03-25,有価証券報告書－第96期(2025/01/01－2025/12/31)
E00876,3405,S100XSSZ,株式会社クラレ,2025-12-31,2026-03-25,有価証券報告書－第145期(2025/01/01－2025/12/31)
E00674,3950,S100XU2H,ザ・パック株式会社,2025-12-31,2026-03-25,有価証券報告書－第74期(2025/01/01－2025/12/31)
E00770,4045,S100XTI8,東亞合成株式会社,2025-12-31,2026-03-25,有価証券報告書－第113期(2025/01/01－2025/12/31)
E05413,3744,S100XTY8,サイオス株式会社,2025-12-31,2026-03-25,有価証券報告書－第29期(2025/01/01－2025/12/31)
E00932,4519,S100XTBJ,中外製薬株式会社,2025-12-31,2026-03-25,有価証券報告書－第115期(2025/01/01－2025/12/31)
E31954,6464,S100XTLM,株式会社ツバキ・ナカシマ,2025-12-31,2026-03-25,有価証券報告書－第20期(2025/01/01－2025/12/31)
E01563,6310,S100XTT5,井関農機株式会社,2025-12-31,2026-03-25,有価証券報告書－第102期(2025/01/01－2025/12/31)
E02932,2693,S100XSLT,ＹＫＴ株式会社,2025-12-31,2026-03-25,有価証券報告書－第49期(2025/01/01－2025/12/31)
E05206,4293,S100XT7F,株式会社セプテーニ・ホールディングス,2025-12-31,2026-03-25,有価証券報告書－第35期(2025/01/01－2025/12/31)
E35827,4053,S100XTX9,株式会社Ｓｕｎ　Ａｓｔｅｒｉｓｋ,2025-12-31,2026-03-25,有価証券報告書－第13期(2025/01/01－2025/12/31)
E02396,7963,S100XTH9,興研株式会社,2025-12-31,2026-03-25,有価証券報告書－第63期(2025/01/01－2025/12/31)
E01988,6929,S100XTCV,日本セラミック株式会社,2025-12-31,2026-03-25,有価証券報告書－第51期(2025/01/01－2025/12/31)
E30930,7814,S100XTTY,株式会社日本創発グループ,2025-12-31,2026-03-25,有価証券報告書－第11期(2025/01/01－2025/12/31)
E00393,2501,S100XTM0,サッポロホールディングス株式会社,2025-12-31,2026-03-25,有価証券報告書－第102期(2025/01/01－2025/12/31)
E01675,6276,S100XTP6,シリウスビジョン株式会社,2025-12-31,2026-03-25,有価証券報告書－第47期(2025/01/01－2025/12/31)
E01085,5101,S100XSMJ,横浜ゴム株式会社,2025-12-31,2026-03-25,有価証券報告書－第150期(2025/01/01－2025/12/31)
E02979,3355,S100XTG9,クリヤマホールディングス株式会社,2025-12-31,2026-03-25,有価証券報告書－第86期(2025/01/01－2025/12/31)
E05198,4284,S100XRPQ,株式会社　ソルクシーズ,2025-12-31,2026-03-25,有価証券報告書－第46期(2025/01/01－2025/12/31)
E34522,2970,S100XTGG,ＧＬＣ　ＧＲＯＵＰ株式会社,2025-12-31,2026-03-25,有価証券報告書－第18期(2025/01/01－2025/12/31)
E02274,7751,S100XTLJ,キヤノン株式会社,2025-12-31,2026-03-25,有価証券報告書－第125期(2025/01/01－2025/12/31)
E01654,6465,S100XSOT,ホシザキ株式会社,2025-12-31,2026-03-25,有価証券報告書－第80期(2025/01/01－2025/12/31)
E35908,7358,S100XTK0,株式会社ポピンズ,2025-12-31,2026-03-25,有価証券報告書－第10期(2025/01/01－2025/12/31)
E32796,6540,S100XTA7,株式会社船場,2025-12-31,2026-03-25,有価証券報告書－第65期(2025/01/01－2025/12/31)
E01995,6915,S100XT6S,千代田インテグレ株式会社,2025-12-31,2026-03-25,有価証券報告書－第70期(2025/01/01－2025/12/31)
E36706,9147,S100XTG8,ＮＩＰＰＯＮ　ＥＸＰＲＥＳＳホールディングス株式会社,2025-12-31,2026-03-25,有価証券報告書－第4期(2025/01/01－2025/12/31)
E00337,2266,S100XSYQ,六甲バター株式会社,2025-12-31,2026-03-25,有価証券報告書－第102期(2025/01/01－2025/12/31)
E04846,9702,S100XU2G,株式会社アイ・エス・ビー,2025-12-31,2026-03-26,有価証券報告書－第56期(2025/01/01－2025/12/31)
E02116,6635,S100XUDS,株式会社大日光・エンジニアリング,2025-12-31,2026-03-26,有価証券報告書－第47期(2025/01/01－2025/12/31)
E04903,9621,S100XUDU,株式会社建設技術研究所,2025-12-31,2026-03-26,有価証券報告書－第63期(2025/01/01－2025/12/31)
E02365,7992,S100XUCR,セーラー万年筆株式会社,2025-12-31,2026-03-26,有価証券報告書－第113期(2025/01/01－2025/12/31)
E01090,5105,S100XTYE,ＴＯＹＯ　ＴＩＲＥ株式会社,2025-12-31,2026-03-26,有価証券報告書－第110期(2025/01/01－2025/12/31)
E31625,3138,S100XUDW,株式会社富士山マガジンサービス,2025-12-31,2026-03-26,有価証券報告書－第24期(2025/01/01－2025/12/31)
E02103,3436,S100XRR5,株式会社ＳＵＭＣＯ,2025-12-31,2026-03-26,有価証券報告書－第27期(2025/01/01－2025/12/31)
E04256,9173,S100XTPA,東海汽船株式会社,2025-12-31,2026-03-26,有価証券報告書－第201期(2025/01/01－2025/12/31)
E00668,3947,S100XT1X,ダイナパック株式会社,2025-12-31,2026-03-26,有価証券報告書－第64期(2025/01/01－2025/12/31)
E01205,5216,S100XU8N,株式会社倉元製作所,2025-12-31,2026-03-26,有価証券報告書－第51期(2025/01/01－2025/12/31)
E00991,4912,S100XU1E,ライオン株式会社,2025-12-31,2026-03-26,有価証券報告書－第165期(2025/01/01－2025/12/31)
E01961,6459,S100XU5A,大和冷機工業株式会社,2025-12-31,2026-03-26,有価証券報告書－第65期(2025/01/01－2025/12/31)
E00524,3001,S100XTK8,片倉工業株式会社,2025-12-31,2026-03-26,有価証券報告書－第117期(2025/01/01－2025/12/31)
E05512,7833,S100XT95,株式会社アイフィスジャパン,2025-12-31,2026-03-26,有価証券報告書－第31期(2025/01/01－2025/12/31)
E33025,6694,S100XTUG,株式会社ズーム,2025-12-31,2026-03-26,有価証券報告書－第43期(2025/01/01－2025/12/31)
E01061,4235,S100XU4V,ウルトラファブリックス・ホールディングス株式会社,2025-12-31,2026-03-26,有価証券報告書－第61期(2025/01/01－2025/12/31)
E04039,8946,S100XUGB,株式会社ＡＳＩＡＮ　ＳＴＡＲ,2025-12-31,2026-03-26,有価証券報告書－第47期(2025/01/01－2025/12/31)
E30929,6099,S100XU87,株式会社エラン,2025-12-31,2026-03-26,有価証券報告書－第32期(2025/01/01－2025/12/31)
E01725,6269,S100XU6C,三井海洋開発株式会社,2025-12-31,2026-03-26,有価証券報告書－第40期(2025/01/01－2025/12/31)
E23829,6630,S100XSSJ,ヤーマン株式会社,2025-12-31,2026-03-26,有価証券報告書－第52期(2025/05/01－2025/12/31)
E38926,6223,S100XTV5,株式会社　西部技研,2025-12-31,2026-03-26,有価証券報告書－第61期(2025/01/01－2025/12/31)
E02978,3350,S100XTWY,株式会社メタプラネット,2025-12-31,2026-03-26,有価証券報告書－第27期(2025/01/01－2025/12/31)
E04999,4704,S100XUHN,トレンドマイクロ株式会社,2025-12-31,2026-03-26,有価証券報告書－第37期(2025/01/01－2025/12/31)
E02797,7425,S100XT3I,初穂商事株式会社,2025-12-31,2026-03-26,有価証券報告書－第68期(2025/01/01－2025/12/31)
E31946,4595,S100XTF0,株式会社ミズホメディー,2025-12-31,2026-03-26,有価証券報告書－第49期(2025/01/01－2025/12/31)
E01190,5214,S100XU17,日本電気硝子株式会社,2025-12-31,2026-03-26,有価証券報告書－第107期(2025/01/01－2025/12/31)
E00378,2216,S100XTWS,カンロ株式会社,2025-12-31,2026-03-26,有価証券報告書－第76期(2025/01/01－2025/12/31)
E37156,6524,S100XT3K,湖北工業株式会社,2025-12-31,2026-03-26,有価証券報告書－第67期(2025/01/01－2025/12/31)
E01533,6302,S100XT1R,住友重機械工業株式会社,2025-12-31,2026-03-26,有価証券報告書－第130期(2025/01/01－2025/12/31)
E30898,3196,S100XU8Z,株式会社ホットランドホールディングス,2025-12-31,2026-03-26,有価証券報告書－第35期(2025/01/01－2025/12/31)
E05182,4848,S100XTTU,株式会社フルキャストホールディングス,2025-12-31,2026-03-26,有価証券報告書－第33期(2025/01/01－2025/12/31)
E02466,7846,S100XU5I,株式会社パイロットコーポレーション,2025-12-31,2026-03-26,有価証券報告書－第24期(2025/01/01－2025/12/31)
E04795,9768,S100XTWL,いであ株式会社,2025-12-31,2026-03-26,有価証券報告書－第58期(2025/01/01－2025/12/31)
E26032,6054,S100XSWS,株式会社リブセンス,2025-12-31,2026-03-26,有価証券報告書－第20期(2025/01/01－2025/12/31)
E05149,2491,S100XU5J,バリューコマース株式会社,2025-12-31,2026-03-26,有価証券報告書－第30期(2025/01/01－2025/12/31)
E01591,6376,S100XU3R,日機装株式会社,2025-12-31,2026-03-26,有価証券報告書－第85期(2025/01/01－2025/12/31)
E00556,3204,S100XTN7,株式会社トーア紡コーポレーション,2025-12-31,2026-03-26,有価証券報告書－第24期(2025/01/01－2025/12/31)
E21183,4578,S100XUA7,大塚ホールディングス株式会社,2025-12-31,2026-03-26,有価証券報告書－第18期(2025/01/01－2025/12/31)
E00351,2009,S100XTAP,鳥越製粉株式会社,2025-12-31,2026-03-26,有価証券報告書－第91期(2025/01/01－2025/12/31)
E01421,5950,S100XS9S,日本パワーファスニング株式会社,2025-12-31,2026-03-26,有価証券報告書－第63期(2025/01/01－2025/12/31)
E02308,7740,S100XUB4,株式会社タムロン,2025-12-31,2026-03-26,有価証券報告書－第79期(2025/01/01－2025/12/31)
E00222,1994,S100XUAO,高橋カーテンウォール工業株式会社,2025-12-31,2026-03-26,有価証券報告書－第61期(2025/01/01－2025/12/31)
E03327,7625,S100XTRA,株式会社グローバルダイニング,2025-12-31,2026-03-26,有価証券報告書－第53期(2025/01/01－2025/12/31)
E04693,9656,S100XSM3,グリーンランドリゾート株式会社,2025-12-31,2026-03-26,有価証券報告書－第47期(2025/01/01－2025/12/31)
E05099,4768,S100XU0X,株式会社　大塚商会,2025-12-31,2026-03-26,有価証券報告書－第65期(2025/01/01－2025/12/31)
E36372,4180,S100XTNG,Ａｐｐｉｅｒ　Ｇｒｏｕｐ株式会社,2025-12-31,2026-03-26,有価証券報告書－第8期(2025/01/01－2025/12/31)
E01760,6653,S100XU9B,株式会社正興電機製作所,2025-12-31,2026-03-26,有価証券報告書－第122期(2025/01/01－2025/12/31)
E05625,2124,S100XU6Z,株式会社ジェイエイシーリクルートメント,2025-12-31,2026-03-26,有価証券報告書－第39期(2025/01/01－2025/12/31)
E32815,3968,S100XTVB,セグエグループ株式会社,2025-12-31,2026-03-26,有価証券報告書－第12期(2025/01/01－2025/12/31)
E30398,3683,S100XU98,株式会社サイバーリンクス,2025-12-31,2026-03-26,有価証券報告書－第62期(2025/01/01－2025/12/31)
E03478,3053,S100XULF,株式会社ペッパーフードサービス,2025-12-31,2026-03-26,有価証券報告書－第41期(2025/01/01－2025/12/31)
E01998,6914,S100XU36,オプテックスグループ株式会社,2025-12-31,2026-03-26,有価証券報告書－第47期(2025/01/01－2025/12/31)
E30998,6029,S100XU1F,アトラグループ株式会社,2025-12-31,2026-03-26,有価証券報告書－第21期(2025/01/01－2025/12/31)
E25870,3276,S100XTQS,株式会社ＪＰＭＣ,2025-12-31,2026-03-26,有価証券報告書－第24期(2025/01/01－2025/12/31)
E25867,3656,S100XU7P,ＫＬａｂ株式会社,2025-12-31,2026-03-26,有価証券報告書－第26期(2025/01/01－2025/12/31)
E04760,4324,S100XS0O,株式会社電通グループ,2025-12-31,2026-03-26,有価証券報告書－第177期(2025/01/01－2025/12/31)
E05308,2330,S100XTKS,株式会社フォーサイド,2025-12-31,2026-03-26,有価証券報告書－第26期(2025/01/01－2025/12/31)
E35164,4481,S100XUKI,ベース株式会社,2025-12-31,2026-03-26,有価証券報告書－第29期(2025/01/01－2025/12/31)
E01944,6592,S100XUAX,マブチモーター株式会社,2025-12-31,2026-03-26,有価証券報告書－第85期(2025/01/01－2025/12/31)
E36498,7347,S100XQHE,株式会社マーキュリアホールディングス,2025-12-31,2026-03-26,有価証券報告書－第5期(2025/01/01－2025/12/31)
E01162,5301,S100XU85,東海カーボン株式会社,2025-12-31,2026-03-26,有価証券報告書－第164期(2025/01/01－2025/12/31)
E00408,2573,S100XRTE,北海道コカ・コーラボトリング株式会社,2025-12-31,2026-03-26,有価証券報告書－第64期(2025/01/01－2025/12/31)
E30133,4245,S100XU1D,株式会社ダイキアクシス,2025-12-31,2026-03-26,有価証券報告書－第21期(2025/01/01－2025/12/31)
E27066,6071,S100XUID,株式会社ＩＢＪ,2025-12-31,2026-03-26,有価証券報告書－第20期(2025/01/01－2025/12/31)
E31042,3445,S100XUA2,株式会社ＲＳ　Ｔｅｃｈｎｏｌｏｇｉｅｓ,2025-12-31,2026-03-26,有価証券報告書－第16期(2025/01/01－2025/12/31)
E00544,3105,S100XT05,日清紡ホールディングス株式会社,2025-12-31,2026-03-26,有価証券報告書－第183期(2025/01/01－2025/12/31)
E35931,7354,S100XUHI,株式会社ダイレクトマーケティングミックス,2025-12-31,2026-03-26,有価証券報告書－第9期(2025/01/01－2025/12/31)
E39407,146A,S100XUIC,コロンビア・ワークス株式会社,2025-12-31,2026-03-26,有価証券報告書－第13期(2025/01/01－2025/12/31)
E05477,2436,S100XUFT,共同ピーアール株式会社,2025-12-31,2026-03-26,有価証券報告書－第62期(2025/01/01－2025/12/31)
E02062,6769,S100XTHX,ザインエレクトロニクス株式会社,2025-12-31,2026-03-26,有価証券報告書－第34期(2025/01/01－2025/12/31)
E05631,2499,S100XTS2,日本和装ホールディングス株式会社,2025-12-31,2026-03-26,有価証券報告書－第40期(2025/01/01－2025/12/31)
E02416,5187,S100XUEF,クリエートメディック株式会社,2025-12-31,2026-03-26,有価証券報告書－第52期(2025/01/01－2025/12/31)
E02462,6400,S100XUJ9,不二精機株式会社,2025-12-31,2026-03-26,有価証券報告書－第61期(2025/01/01－2025/12/31)
E36707,7128,S100XU07,ユニソルホールディングス株式会社,2025-12-31,2026-03-26,有価証券報告書－第5期(2025/01/01－2025/12/31)
E00670,7984,S100XUE1,コクヨ株式会社,2025-12-31,2026-03-26,有価証券報告書－第79期(2025/01/01－2025/12/31)
E35294,3449,S100XU8H,株式会社テクノフレックス,2025-12-31,2026-03-26,有価証券報告書－第25期(2025/01/01－2025/12/31)
E00892,4612,S100XU2S,日本ペイントホールディングス株式会社,2025-12-31,2026-03-26,有価証券報告書－第200期(2025/01/01－2025/12/31)
E03515,3197,S100XUBI,株式会社すかいらーくホールディングス,2025-12-31,2026-03-26,有価証券報告書－第15期(2025/01/01－2025/12/31)
E01256,5563,S100XUK7,新日本電工株式会社,2025-12-31,2026-03-26,有価証券報告書－第126期(2025/01/01－2025/12/31)
E04955,4642,S100XU33,オリジナル設計株式会社,2025-12-31,2026-03-26,有価証券報告書－第64期(2025/01/01－2025/12/31)
E02379,5943,S100XUKL,株式会社ノーリツ,2025-12-31,2026-03-26,有価証券報告書－第76期(2025/01/01－2025/12/31)
E02743,9827,S100XUAQ,リリカラ株式会社,2025-12-31,2026-03-26,有価証券報告書－第85期(2025/01/01－2025/12/31)
E32779,3482,S100XUBZ,ロードスターキャピタル株式会社,2025-12-31,2026-03-26,有価証券報告書－第14期(2025/01/01－2025/12/31)
E01412,5959,S100XUL3,岡部株式会社,2025-12-31,2026-03-26,有価証券報告書－第82期(2025/01/01－2025/12/31)
E35947,2932,S100XUJP,株式会社ＳＴＩフードホールディングス,2025-12-31,2026-03-26,有価証券報告書－第9期(2025/01/01－2025/12/31)
E05080,4755,S100XTNW,楽天グループ株式会社,2025-12-31,2026-03-26,有価証券報告書－第29期(2025/01/01－2025/12/31)
E00043,1605,S100XU9L,株式会社ＩＮＰＥＸ,2025-12-31,2026-03-26,有価証券報告書－第20期(2025/01/01－2025/12/31)
E31024,3452,S100XTWZ,株式会社ビーロット,2025-12-31,2026-03-26,有価証券報告書－第18期(2025/01/01－2025/12/31)
E01728,6265,S100XUYZ,コンバム株式会社,2025-12-31,2026-03-27,有価証券報告書－第75期(2025/01/01－2025/12/31)
E02331,7716,S100XU9P,株式会社ナカニシ,2025-12-31,2026-03-27,有価証券報告書－第74期(2025/01/01－2025/12/31)
E01913,6444,S100XUJB,サンデン株式会社,2025-12-31,2026-03-27,有価証券報告書－第100期(2025/01/01－2025/12/31)
E03400,2752,S100XV0N,株式会社フジオフードグループ本社,2025-12-31,2026-03-27,有価証券報告書－第27期(2025/01/01－2025/12/31)
E04817,9757,S100XUVD,株式会社船井総研ホールディングス,2025-12-31,2026-03-27,有価証券報告書－第56期(2025/01/01－2025/12/31)
E30919,3696,S100XU6S,株式会社セレス,2025-12-31,2026-03-27,有価証券報告書－第21期(2025/01/01－2025/12/31)
E01504,6143,S100XUQM,株式会社ソディック,2025-12-31,2026-03-27,有価証券報告書－第50期(2025/01/01－2025/12/31)
E01039,4919,S100XTTF,株式会社ミルボン,2025-12-31,2026-03-27,有価証券報告書－第66期(2025/01/01－2025/12/31)
E26625,6063,S100XUYQ,日本エマージェンシーアシスタンス株式会社,2025-12-31,2026-03-27,有価証券報告書－第23期(2025/01/01－2025/12/31)
E01028,4107,S100XT8H,伊勢化学工業株式会社,2025-12-31,2026-03-27,有価証券報告書－第105期(2025/01/01－2025/12/31)
E01652,6497,S100XUXN,株式会社ハマイ,2025-12-31,2026-03-27,有価証券報告書－第94期(2025/01/01－2025/12/31)
E01431,5997,S100XUIL,協立エアテック株式会社,2025-12-31,2026-03-27,有価証券報告書－第55期(2025/01/01－2025/12/31)
E30126,1429,S100XUQB,株式会社日本アクア,2025-12-31,2026-03-27,有価証券報告書－第22期(2025/01/01－2025/12/31)
E30048,1663,S100XUMN,Ｋ＆Ｏエナジーグループ株式会社,2025-12-31,2026-03-27,有価証券報告書－第12期(2025/01/01－2025/12/31)
E05066,4746,S100XUNZ,株式会社東計電算,2025-12-31,2026-03-27,有価証券報告書－第56期(2025/01/01－2025/12/31)
E02898,7609,S100XUE0,ダイトロン株式会社,2025-12-31,2026-03-27,有価証券報告書－第74期(2025/01/01－2025/12/31)
E01906,6977,S100XUGC,株式会社日本抵抗器製作所,2025-12-31,2026-03-27,有価証券報告書－第78期(2025/01/01－2025/12/31)
E02402,7957,S100XUTV,フジコピアン株式会社,2025-12-31,2026-03-27,有価証券報告書－第76期(2025/01/01－2025/12/31)
E00604,8029,S100XUE5,株式会社ルックホールディングス,2025-12-31,2026-03-27,有価証券報告書－第64期(2025/01/01－2025/12/31)
E00395,2503,S100XTVS,キリンホールディングス株式会社,2025-12-31,2026-03-27,有価証券報告書－第187期(2025/01/01－2025/12/31)
E05275,4351,S100XU23,株式会社山田再生系債権回収総合事務所,2025-12-31,2026-03-27,有価証券報告書－第45期(2025/01/01－2025/12/31)
E05627,3054,S100XUT2,株式会社ハイパー,2025-12-31,2026-03-27,有価証券報告書－第36期(2025/01/01－2025/12/31)
E33586,4480,S100XUX3,株式会社メドレー,2025-12-31,2026-03-27,有価証券報告書－第17期(2025/01/01－2025/12/31)
E27276,3671,S100XURZ,ソフトマックス株式会社,2025-12-31,2026-03-27,有価証券報告書－第53期(2025/01/01－2025/12/31)
E05199,4286,S100XUVG,株式会社ＣＬホールディングス,2025-12-31,2026-03-27,有価証券報告書－第38期(2025/01/01－2025/12/31)
E34484,7044,S100XTO4,株式会社ピアラ,2025-12-31,2026-03-27,有価証券報告書－第22期(2025/01/01－2025/12/31)
E04068,3241,S100XUX4,株式会社ウィル,2025-12-31,2026-03-27,有価証券報告書－第31期(2025/01/01－2025/12/31)
E00377,2215,S100XV32,第一屋製パン株式会社,2025-12-31,2026-03-27,有価証券報告書－第84期(2025/01/01－2025/12/31)
E03101,8202,S100XUR2,ラオックスホールディングス株式会社,2025-12-31,2026-03-27,有価証券報告書－第50期(2025/01/01－2025/12/31)
E05098,4766,S100XUYO,株式会社ピーエイ,2025-12-31,2026-03-27,有価証券報告書－第40期(2025/01/01－2025/12/31)
E01656,7986,S100XV0H,日本アイ・エス・ケイ株式会社,2025-12-31,2026-03-27,有価証券報告書－第79期(2025/01/01－2025/12/31)
E32784,7782,S100XUH3,株式会社シンシア,2025-12-31,2026-03-27,有価証券報告書－第18期(2025/01/01－2025/12/31)
E31991,3928,S100XRSE,株式会社マイネット,2025-12-31,2026-03-27,有価証券報告書－第20期(2025/01/01－2025/12/31)
E02900,7613,S100XUJ0,シークス株式会社,2025-12-31,2026-03-27,有価証券報告書－第34期(2025/01/01－2025/12/31)
E02421,6291,S100XUPZ,日本エアーテック株式会社,2025-12-31,2026-03-27,有価証券報告書－第53期(2025/01/01－2025/12/31)
E31749,3416,S100XUME,ピクスタ株式会社,2025-12-31,2026-03-27,有価証券報告書－第21期(2025/01/01－2025/12/31)
E04914,9612,S100XUUG,株式会社ラックランド,2025-12-31,2026-03-27,有価証券報告書－第56期(2025/01/01－2025/12/31)
E33702,4392,S100XUAL,ＦＩＧ株式会社,2025-12-31,2026-03-27,有価証券報告書－第8期(2025/01/01－2025/12/31)
E05453,3758,S100XUMZ,株式会社アエリア,2025-12-31,2026-03-27,有価証券報告書－第24期(2025/01/01－2025/12/31)
E32992,3981,S100XUQE,株式会社ビーグリー,2025-12-31,2026-03-27,有価証券報告書－第13期(2025/01/01－2025/12/31)
E05116,4776,S100XUKS,サイボウズ株式会社,2025-12-31,2026-03-27,有価証券報告書－第29期(2025/01/01－2025/12/31)
E01502,6141,S100XUMY,ＤＭＧ森精機株式会社,2025-12-31,2026-03-30,有価証券報告書－第78期(2025/01/01－2025/12/31)
E01984,6748,S100XVH2,星和電機株式会社,2025-12-31,2026-03-30,有価証券報告書－第78期(2025/01/01－2025/12/31)
E02679,8040,S100XV8N,株式会社東京ソワール,2025-12-31,2026-03-30,有価証券報告書－第57期(2025/01/01－2025/12/31)
E33553,3997,S100XVCG,株式会社トレードワークス,2025-12-31,2026-03-30,有価証券報告書－第28期(2025/01/01－2025/12/31)
E05726,2169,S100XULK,ＣＤＳ株式会社,2025-12-31,2026-03-30,有価証券報告書－第46期(2025/01/01－2025/12/31)
E02445,5965,S100XV4T,株式会社フジマック,2025-12-31,2026-03-30,有価証券報告書－第77期(2025/01/01－2025/12/31)
E05299,2325,S100XV5A,株式会社ＮＪＳ,2025-12-31,2026-03-30,有価証券報告書－第76期(2025/01/01－2025/12/31)
E05348,3719,S100XV8F,ＡＩストーム株式会社,2025-12-31,2026-03-30,有価証券報告書－第62期(2025/01/01－2025/12/31)
E33009,6546,S100XURA,フルテック株式会社,2025-12-31,2026-03-30,有価証券報告書－第63期(2025/01/01－2025/12/31)
E02020,6870,S100XU9W,日本フェンオール株式会社,2025-12-31,2026-03-30,有価証券報告書－第65期(2025/01/01－2025/12/31)
E01257,5542,S100XTM9,新報国マテリアル株式会社,2025-12-31,2026-03-30,有価証券報告書－第93期(2025/01/01－2025/12/31)
E01867,6835,S100XVFP,アライドテレシスホールディングス株式会社,2025-12-31,2026-03-30,有価証券報告書－第39期(2025/01/01－2025/12/31)
E00846,5816,S100XV82,オーナンバ株式会社,2025-12-31,2026-03-30,有価証券報告書－第95期(2025/01/01－2025/12/31)
E34321,4420,S100XV6D,イーソル株式会社,2025-12-31,2026-03-30,有価証券報告書－第51期(2025/01/01－2025/12/31)
E02963,2788,S100XVCR,アップルインターナショナル株式会社,2025-12-31,2026-03-30,有価証券報告書－第31期(2025/01/01－2025/12/31)
E37304,9213,S100XTQ4,株式会社セイファート,2025-12-31,2026-03-30,有価証券報告書－第36期(2025/01/01－2025/12/31)
E05114,4777,S100XVK0,株式会社ガーラ,2025-12-31,2026-03-30,有価証券報告書－第33期(2025/01/01－2025/12/31)
E02452,6425,S100XVDD,株式会社ユニバーサルエンターテインメント,2025-12-31,2026-03-30,有価証券報告書－第53期(2025/01/01－2025/12/31)
E30010,9416,S100XV85,株式会社ビジョン,2025-12-31,2026-03-30,有価証券報告書－第25期(2025/01/01－2025/12/31)
E02775,9973,S100XVJC,ＫＯＺＯホールディングス株式会社,2025-12-31,2026-03-30,有価証券報告書－第58期(2025/01/01－2025/12/31)
E05241,2721,S100XUOH,株式会社ジェイホールディングス,2025-12-31,2026-03-30,有価証券報告書－第34期(2025/01/01－2025/12/31)
E02083,6721,S100XW0L,ウインテスト株式会社,2025-12-31,2026-03-31,有価証券報告書－第33期(2025/01/01－2025/12/31)
E36133,4935,S100XVNJ,株式会社リベルタ,2025-12-31,2026-03-31,有価証券報告書－第30期(2025/01/01－2025/12/31)
E05248,4331,S100XVY3,株式会社テイクアンドギヴ・ニーズ,2025-12-31,2026-03-31,有価証券報告書－第28期(2025/04/01－2025/12/31)
E02296,5957,S100XVV3,日東精工株式会社,2025-12-31,2026-03-31,有価証券報告書－第120期(2025/01/01－2025/12/31)
E26231,3663,S100XVIW,株式会社セルシス,2025-12-31,2026-03-31,有価証券報告書－第14期(2025/01/01－2025/12/31)
E04538,9704,S100XSK1,株式会社アゴーラホスピタリティーグループ,2025-12-31,2026-03-31,有価証券報告書－第88期(2025/01/01－2025/12/31)
E05155,4820,S100T65I,株式会社イーエムシステムズ（商号　株式会社ＥＭシステムズ）,2023-12-31,2026-04-02,有価証券報告書－第41期(2023/01/01－2023/12/31)
E04075,3246,S100XXPI,株式会社コーセーアールイー,2026-01-31,2026-04-09,有価証券報告書－第36期(2025/02/01－2026/01/31)
E00424,2590,S100XYDT,ダイドーグループホールディングス株式会社,2026-01-20,2026-04-14,有価証券報告書－第51期(2025/01/21－2026/01/20)
E02882,7865,S100XYGD,ピープル株式会社,2026-01-20,2026-04-15,有価証券報告書－第49期(2025/01/21－2026/01/20)
E31731,1433,S100XZ7G,ベステラ株式会社,2026-01-31,2026-04-16,有価証券報告書－第53期(2025/02/01－2026/01/31)
E00143,1928,S100XZ22,積水ハウス株式会社,2026-01-31,2026-04-16,有価証券報告書－第75期(2025/02/01－2026/01/31)
E02293,6966,S100XZDC,株式会社三井ハイテック,2026-01-31,2026-04-17,有価証券報告書－第92期(2025/02/01－2026/01/31)
E26082,6619,S100XZF3,ダブル・スコープ株式会社,2026-01-31,2026-04-17,有価証券報告書－第21期(2025/02/01－2026/01/31)
E02888,7590,S100XYFO,株式会社タカショー,2026-01-20,2026-04-17,有価証券報告書－第46期(2025/01/21－2026/01/20)
E04592,9636,S100XZ5Y,株式会社きんえい,2026-01-31,2026-04-20,有価証券報告書－第129期(2025/02/01－2026/01/31)
E25898,3657,S100XZNA,ポールトゥウィンホールディングス株式会社,2026-01-31,2026-04-21,有価証券報告書－第17期(2025/02/01－2026/01/31)
E04853,9692,S100XZVZ,株式会社シーイーシー,2026-01-31,2026-04-21,有価証券報告書－第58期(2025/02/01－2026/01/31)
E02007,6654,S100XZWO,不二電機工業株式会社,2026-01-31,2026-04-21,有価証券報告書－第68期(2025/02/01－2026/01/31)
E00287,1758,S100Y01F,太洋基礎工業株式会社,2026-01-31,2026-04-22,有価証券報告書－第59期(2025/02/01－2026/01/31)
E03506,3071,S100Y025,株式会社ストリーム,2026-01-31,2026-04-22,有価証券報告書－第27期(2025/02/01－2026/01/31)
E00208,9743,S100Y04L,株式会社丹青社,2026-01-31,2026-04-22,有価証券報告書－第68期(2025/02/01－2026/01/31)
E31742,3415,S100Y0D8,株式会社ＴＯＫＹＯ　ＢＡＳＥ,2026-01-31,2026-04-22,有価証券報告書－第18期(2025/02/01－2026/01/31)
E02439,7878,S100Y03W,株式会社光・彩,2026-01-31,2026-04-22,有価証券報告書－第59期(2025/02/01－2026/01/31)
E05717,2163,S100Y062,株式会社アルトナー,2026-01-31,2026-04-22,有価証券報告書－第64期(2025/02/01－2026/01/31)
E02477,4238,S100Y0E4,ミライアル株式会社,2026-01-31,2026-04-22,有価証券報告書－第58期(2025/02/01－2026/01/31)
E00571,8013,S100Y034,株式会社ナイガイ,2026-01-31,2026-04-22,有価証券報告書－第129期(2025/02/01－2026/01/31)
E31871,6184,S100Y0J1,株式会社鎌倉新書,2026-01-31,2026-04-23,有価証券報告書－第42期(2025/02/01－2026/01/31)
E33485,7196,S100XZL9,株式会社Ｃａｓａ,2026-01-31,2026-04-23,有価証券報告書－第13期(2025/02/01－2026/01/31)
E34704,7678,S100Y0LF,株式会社あさくま,2026-01-31,2026-04-23,有価証券報告書－第53期(2025/02/01－2026/01/31)
E39074,5889,S100Y0I2,Ｊａｐａｎ　Ｅｙｅｗｅａｒ　Ｈｏｌｄｉｎｇｓ株式会社,2026-01-31,2026-04-23,有価証券報告書－第7期(2025/02/01－2026/01/31)
E02967,3320,S100Y0F4,クロスプラス株式会社,2026-01-31,2026-04-23,有価証券報告書－第73期(2025/02/01－2026/01/31)
E02047,6336,S100Y0EE,株式会社石井表記,2026-01-31,2026-04-23,有価証券報告書－第53期(2025/02/01－2026/01/31)
E00381,2217,S100Y0DZ,モロゾフ株式会社,2026-01-31,2026-04-23,有価証券報告書－第96期(2025/02/01－2026/01/31)
E02065,6757,S100Y0OW,株式会社ＯＳＧコーポレーション,2026-01-31,2026-04-24,有価証券報告書－第56期(2025/02/01－2026/01/31)
E02960,2776,S100Y0MX,新都ホールディングス株式会社,2026-01-31,2026-04-24,有価証券報告書－第42期(2025/02/01－2026/01/31)
E02490,4369,S100XYYG,株式会社　トリケミカル研究所,2026-01-31,2026-04-24,有価証券報告書－第48期(2025/02/01－2026/01/31)
E05204,4287,S100Y0NF,株式会社ジャストプランニング,2026-01-31,2026-04-24,有価証券報告書－第32期(2025/02/01－2026/01/31)
E23841,3159,S100Y0TV,丸善ＣＨＩホールディングス株式会社,2026-01-31,2026-04-24,有価証券報告書－第16期(2025/02/01－2026/01/31)
E02016,6898,S100Y0O4,トミタ電機株式会社,2026-01-31,2026-04-24,有価証券報告書－第75期(2025/02/01－2026/01/31)
E26095,3169,S100Y0VC,株式会社ミサワ,2026-01-31,2026-04-24,有価証券報告書－第67期(2025/02/01－2026/01/31)
E35170,7683,S100Y159,株式会社ダブルエー,2026-01-31,2026-04-27,有価証券報告書－第25期(2025/02/01－2026/01/31)
E33109,3565,S100Y14Y,アセンテック株式会社,2026-01-31,2026-04-27,有価証券報告書－第18期(2025/02/01－2026/01/31)
E31902,3921,S100Y0W0,株式会社ネオジャパン,2026-01-31,2026-04-27,有価証券報告書－第34期(2025/02/01－2026/01/31)
E26703,3665,S100Y0WP,株式会社エニグモ,2026-01-31,2026-04-27,有価証券報告書－第22期(2025/02/01－2026/01/31)
E02665,8142,S100Y0S6,株式会社トーホー,2026-01-31,2026-04-27,有価証券報告書－第73期(2025/02/01－2026/01/31)
E05254,4334,S100Y0NT,株式会社ユークス,2026-01-31,2026-04-27,有価証券報告書－第34期(2025/02/01－2026/01/31)
E04599,9632,S100Y0Y3,スバル興業株式会社,2026-01-31,2026-04-27,有価証券報告書－第112期(2025/02/01－2026/01/31)
E00688,3955,S100Y0K4,株式会社イムラ,2026-01-31,2026-04-27,有価証券報告書－第76期(2025/02/01－2026/01/31)
E36213,4174,S100Y16K,株式会社アピリッツ,2026-01-31,2026-04-28,有価証券報告書－第26期(2025/02/01－2026/01/31)
E34866,7064,S100XVTU,株式会社ハウテレビジョン,2026-01-31,2026-04-28,有価証券報告書－第16期(2025/02/01－2026/01/31)
E05168,4813,S100Y070,株式会社ＡＣＣＥＳＳ,2026-01-31,2026-04-28,有価証券報告書－第42期(2025/02/01－2026/01/31)
E03317,7614,S100Y11L,株式会社オーエムツーネットワーク,2026-01-31,2026-04-28,有価証券報告書－第67期(2025/02/01－2026/01/31)
E30114,3681,S100Y1NL,株式会社ブイキューブ,2025-12-31,2026-04-30,有価証券報告書－第26期(2025/01/01－2025/12/31)
E03470,3399,S100Y1KO,株式会社丸千代山岡家,2026-01-31,2026-04-30,有価証券報告書－第33期(2025/02/01－2026/01/31)
E03081,8276,S100Y2FB,株式会社　平和堂,2026-02-20,2026-05-11,有価証券報告書－第69期(2025/02/21－2026/02/20)
E03137,8227,S100Y2PP,株式会社しまむら,2026-02-20,2026-05-12,有価証券報告書－第73期(2025/02/21－2026/02/20)
E03119,8217,S100Y362,株式会社オークワ,2026-02-20,2026-05-13,有価証券報告書－第57期(2025/02/21－2026/02/20)
E03439,3333,S100Y2X4,株式会社あさひ,2026-02-20,2026-05-13,有価証券報告書－第51期(2025/02/21－2026/02/20)
E03287,7545,S100Y3CW,株式会社西松屋チェーン,2026-02-20,2026-05-13,有価証券報告書－第70期(2025/02/21－2026/02/20)
E03415,2778,S100Y39Y,パレモ・ホールディングス株式会社,2026-02-20,2026-05-13,有価証券報告書－第41期(2025/02/21－2026/02/20)
E01677,6279,S100Y3PF,株式会社瑞光,2026-02-20,2026-05-14,有価証券報告書－第63期(2025/02/21－2026/02/20)
E03219,9976,S100Y3VC,株式会社　セキチュー,2026-02-20,2026-05-14,有価証券報告書－第75期(2025/02/21－2026/02/20)
E03268,7512,S100Y36L,イオン北海道株式会社,2026-02-28,2026-05-15,有価証券報告書－第48期(2025/03/01－2026/02/28)
E35928,4933,S100Y415,株式会社Ｉ－ｎｅ,2025-12-31,2026-05-15,有価証券報告書－第19期(2025/01/01－2025/12/31)
E01839,6814,S100Y3Q6,古野電気株式会社,2026-02-28,2026-05-18,有価証券報告書－第75期(2025/03/01－2026/02/28)
E03093,8166,S100Y4PA,株式会社タカキュー,2026-02-28,2026-05-18,有価証券報告書－第77期(2025/03/01－2026/02/28)
E03087,8198,S100Y494,マックスバリュ東海株式会社,2026-02-28,2026-05-18,有価証券報告書－第64期(2025/03/01－2026/02/28)
E03118,8278,S100Y4CU,株式会社フジ,2026-02-28,2026-05-18,有価証券報告書－第59期(2025/03/01－2026/02/28)
E03274,7520,S100Y4BQ,株式会社エコス,2026-02-28,2026-05-19,有価証券報告書－第61期(2025/03/01－2026/02/28)
E05264,4343,S100Y4UK,株式会社イオンファンタジー,2026-02-28,2026-05-19,有価証券報告書－第30期(2025/03/01－2026/02/28)
E02903,7624,S100Y4MW,株式会社ＮａＩＴＯ,2026-02-28,2026-05-19,有価証券報告書－第75期(2025/03/01－2026/02/28)
E03443,3353,S100Y4Y9,株式会社メディカル一光グループ,2026-02-28,2026-05-19,有価証券報告書－第41期(2025/03/01－2026/02/28)
E03163,9876,S100Y4RA,株式会社コックス,2026-02-28,2026-05-19,有価証券報告書－第53期(2025/03/01－2026/02/28)
E04912,8570,S100Y53G,イオンフィナンシャルサービス株式会社,2026-02-28,2026-05-19,有価証券報告書－第45期(2025/03/01－2026/02/28)
E03349,2653,S100Y4YP,イオン九州株式会社,2026-02-28,2026-05-19,有価証券報告書－第54期(2025/03/01－2026/02/28)
E03077,8185,S100Y563,株式会社チヨダ,2026-02-28,2026-05-20,有価証券報告書－第79期(2025/03/01－2026/02/28)
E00667,7975,S100Y4MZ,株式会社リヒトラブ,2026-02-28,2026-05-20,有価証券報告書－第78期(2025/03/01－2026/02/28)
E02923,2668,S100Y4Z8,タビオ株式会社,2026-02-28,2026-05-20,有価証券報告書－第49期(2025/03/01－2026/02/28)
E03013,8233,S100Y4X5,株式会社髙島屋,2026-02-28,2026-05-20,有価証券報告書－第160期(2025/03/01－2026/02/28)
E03462,3382,S100Y4VB,株式会社セブン＆アイ・ホールディングス,2026-02-28,2026-05-20,有価証券報告書－第21期(2025/03/01－2026/02/28)
E03188,9946,S100Y4UH,ミニストップ株式会社,2026-02-28,2026-05-20,有価証券報告書－第47期(2025/03/01－2026/02/28)
E03216,9974,S100Y4X3,株式会社ベルク,2026-02-28,2026-05-20,有価証券報告書－第67期(2025/03/01－2026/02/28)
E05368,2379,S100Y510,ディップ株式会社,2026-02-28,2026-05-20,有価証券報告書－第29期(2025/03/01－2026/02/28)
E03344,7649,S100Y3QN,スギホールディングス株式会社,2026-02-28,2026-05-20,有価証券報告書－第44期(2025/03/01－2026/02/28)
E25234,3608,S100Y5A2,株式会社ＴＳＩホールディングス,2026-02-28,2026-05-20,有価証券報告書－第15期(2025/03/01－2026/02/28)
E03103,8203,S100Y58I,株式会社ミスターマックス・ホールディングス,2026-02-28,2026-05-20,有価証券報告書－第77期(2025/03/01－2026/02/28)
E05314,2337,S100Y50H,いちご株式会社,2026-02-28,2026-05-20,有価証券報告書－第26期(2025/03/01－2026/02/28)
E31159,3222,S100Y585,ユナイテッド・スーパーマーケット・ホールディングス株式会社,2026-02-28,2026-05-20,有価証券報告書－第11期(2025/03/01－2026/02/28)
E02767,3612,S100Y4W7,株式会社ワールド,2026-02-28,2026-05-21,有価証券報告書－第68期(2025/03/01－2026/02/28)
E05328,2354,S100Y56T,株式会社ＹＥ　ＤＩＧＩＴＡＬ,2026-02-28,2026-05-21,有価証券報告書－第49期(2025/03/01－2026/02/28)
E05024,4714,S100Y58Q,株式会社　リソー教育グループ,2026-02-28,2026-05-21,有価証券報告書－第41期(2025/03/01－2026/02/28)
E00342,2292,S100Y5H5,エスフーズ株式会社,2026-02-28,2026-05-21,有価証券報告書－第60期(2025/03/01－2026/02/28)
E02706,9842,S100Y5KN,アークランズ株式会社,2026-02-28,2026-05-21,有価証券報告書－第57期(2025/03/01－2026/02/28)
E34943,7679,S100Y4K3,株式会社薬王堂ホールディングス,2026-02-28,2026-05-21,有価証券報告書－第7期(2025/03/01－2026/02/28)
E03464,3391,S100Y5EY,株式会社ツルハホールディングス,2026-02-28,2026-05-21,有価証券報告書－第64期(2025/03/01－2026/02/28)
E03153,9861,S100Y5NR,株式会社吉野家ホールディングス,2026-02-28,2026-05-22,有価証券報告書－第69期(2025/03/01－2026/02/28)
E02425,7908,S100Y5JR,株式会社きもと,2026-03-31,2026-05-22,有価証券報告書－第66期(2025/04/01－2026/03/31)
E03313,7603,S100Y5TM,ジーイエット株式会社,2026-02-28,2026-05-22,有価証券報告書－第36期(2025/03/01－2026/02/28)
E04369,9381,S100Y53V,株式会社エーアイテイー,2026-02-28,2026-05-22,有価証券報告書－第39期(2025/03/01－2026/02/28)
E02328,6323,S100Y5GM,ローツェ株式会社,2026-02-28,2026-05-22,有価証券報告書－第41期(2025/03/01－2026/02/28)
E22049,2186,S100Y5RH,ソーバル株式会社,2026-02-28,2026-05-22,有価証券報告書－第44期(2025/03/01－2026/02/28)
E30476,6093,S100Y5Q4,株式会社エスクロー・エージェント・ジャパン,2026-02-28,2026-05-22,有価証券報告書－第19期(2025/03/01－2026/02/28)
E37456,5078,S100Y5GZ,株式会社セレコーポレーション,2026-02-28,2026-05-22,有価証券報告書－第35期(2025/03/01－2026/02/28)
E03365,2683,S100Y5OG,株式会社魚喜,2026-02-28,2026-05-22,有価証券報告書－第41期(2025/03/01－2026/02/28)
E03094,8167,S100Y650,株式会社リテールパートナーズ,2026-02-28,2026-05-25,有価証券報告書－第73期(2025/03/01－2026/02/28)
E03352,2659,S100Y64A,株式会社サンエー,2026-02-28,2026-05-25,有価証券報告書－第56期(2025/03/01－2026/02/28)
E03146,9846,S100Y4A4,株式会社天満屋ストア,2026-02-28,2026-05-25,有価証券報告書－第57期(2025/03/01－2026/02/28)
E24512,1418,S100Y600,インターライフホールディングス株式会社,2026-02-28,2026-05-25,有価証券報告書－第16期(2025/03/01－2026/02/28)
E33957,4432,S100Y628,ウイングアーク１ｓｔ株式会社,2026-02-28,2026-05-25,有価証券報告書－第10期(2025/03/01－2026/02/28)
E26549,2930,S100Y5VV,株式会社北の達人コーポレーション,2026-02-28,2026-05-25,有価証券報告書－第25期(2025/03/01－2026/02/28)
E02776,9982,S100Y62Z,タキヒヨー株式会社,2026-02-28,2026-05-25,有価証券報告書－第115期(2025/03/01－2026/02/28)
E03395,2742,S100Y5WR,株式会社ハローズ,2026-02-28,2026-05-25,有価証券報告書－第68期(2025/03/01－2026/02/28)
E31924,7811,S100Y635,中本パックス株式会社,2026-02-28,2026-05-25,有価証券報告書－第38期(2025/03/01－2026/02/28)
E03358,2669,S100Y5SJ,カネ美食品株式会社,2026-02-28,2026-05-25,有価証券報告書－第56期(2025/03/01－2026/02/28)
E05316,2341,S100Y5RZ,株式会社アルバイトタイムス,2026-02-28,2026-05-25,有価証券報告書－第53期(2025/03/01－2026/02/28)
E02925,2670,S100Y5F0,株式会社エービーシー・マート,2026-02-28,2026-05-25,有価証券報告書－第41期(2025/03/01－2026/02/28)
E01454,6469,S100Y5TC,株式会社　放電精密加工研究所,2026-02-28,2026-05-25,有価証券報告書－第65期(2025/03/01－2026/02/28)
E03021,8244,S100Y5TO,株式会社近鉄百貨店,2026-02-28,2026-05-25,有価証券報告書－第132期(2025/03/01－2026/02/28)
E04029,8931,S100Y62K,和田興産株式会社,2026-02-28,2026-05-25,有価証券報告書－第60期(2025/03/01－2026/02/28)
E02618,8125,S100Y60M,株式会社ワキタ,2026-02-28,2026-05-25,有価証券報告書－第66期(2025/03/01－2026/02/28)
E05053,4735,S100Y613,株式会社京進,2026-02-28,2026-05-25,有価証券報告書－第46期(2025/06/01－2026/02/28)
E03061,8267,S100Y5VH,イオン株式会社,2026-02-28,2026-05-25,有価証券報告書－第101期(2025/03/01－2026/02/28)
E02892,7599,S100Y64O,株式会社ＩＤＯＭ,2026-02-28,2026-05-25,有価証券報告書－第32期(2025/03/01－2026/02/28)
E32238,3935,S100Y6A9,株式会社エディア,2026-02-28,2026-05-25,有価証券報告書－第27期(2025/03/01－2026/02/28)
E33881,6572,S100Y69Y,オープングループ株式会社,2026-02-28,2026-05-25,有価証券報告書－第27期(2025/03/01－2026/02/28)
E04583,9602,S100Y5O3,東宝株式会社,2026-02-28,2026-05-25,有価証券報告書－第137期(2025/03/01－2026/02/28)
E01741,6506,S100Y69H,株式会社安川電機,2026-02-28,2026-05-25,有価証券報告書－第110期(2025/03/01－2026/02/28)
E03199,9948,S100Y640,株式会社アークス,2026-02-28,2026-05-25,有価証券報告書－第65期(2025/03/01－2026/02/28)
E00447,2872,S100Y621,株式会社セイヒョー,2026-02-28,2026-05-25,有価証券報告書－第115期(2025/03/01－2026/02/28)
E04582,9601,S100Y66K,松竹株式会社,2026-02-28,2026-05-25,有価証券報告書－第160期(2025/03/01－2026/02/28)
E31580,4434,S100Y5TF,株式会社サーバーワークス,2026-02-28,2026-05-25,有価証券報告書－第27期(2025/03/01－2026/02/28)
E03377,2698,S100Y64P,株式会社キャンドゥ,2026-02-28,2026-05-25,有価証券報告書－第32期(2025/03/01－2026/02/28)
E31896,6183,S100Y5Z2,株式会社ベルシステム２４ホールディングス,2026-02-28,2026-05-25,有価証券報告書－第12期(2025/03/01－2026/02/28)
E40674,365A,S100Y66L,伊澤タオル株式会社,2026-02-28,2026-05-25,有価証券報告書－第5期(2025/03/01－2026/02/28)
E33037,3562,S100Y62C,株式会社Ｎｏ．１,2026-02-28,2026-05-25,有価証券報告書－第37期(2025/03/01－2026/02/28)
E31453,3915,S100Y60F,株式会社テラスカイ,2026-02-28,2026-05-25,有価証券報告書－第20期(2025/03/01－2026/02/28)
E03368,2685,S100Y5ZC,株式会社アンドエスティＨＤ,2026-02-28,2026-05-26,有価証券報告書－第76期(2025/03/01－2026/02/28)
E01348,5817,S100Y6GG,ＪＭＡＣＳ株式会社,2026-02-28,2026-05-26,有価証券報告書－第62期(2025/03/01－2026/02/28)
E03397,2747,S100Y6GL,北雄ラッキー株式会社,2026-02-28,2026-05-26,有価証券報告書－第56期(2025/03/01－2026/02/28)
E03387,2726,S100Y647,株式会社パルグループホールディングス,2026-02-28,2026-05-26,有価証券報告書－第54期(2025/03/01－2026/02/28)
E02801,7427,S100Y67Z,エコートレーディング株式会社,2026-02-28,2026-05-26,有価証券報告書－第55期(2025/03/01－2026/02/28)
E01083,5018,S100Y64F,株式会社ＭＯＲＥＳＣＯ,2026-02-28,2026-05-26,有価証券報告書－第68期(2025/03/01－2026/02/28)
E03083,8194,S100Y63D,株式会社ライフコーポレーション,2026-02-28,2026-05-26,有価証券報告書－第71期(2025/03/01－2026/02/28)
E03490,3065,S100Y57D,株式会社ライフフーズ,2026-02-28,2026-05-26,有価証券報告書－第40期(2025/03/01－2026/02/28)
E03068,8273,S100Y671,株式会社イズミ,2026-02-28,2026-05-26,有価証券報告書－第65期(2025/03/01－2026/02/28)
E03509,3080,S100Y69Z,株式会社ジェーソン,2026-02-28,2026-05-26,有価証券報告書－第41期(2025/03/01－2026/02/28)
E04941,9778,S100Y5RU,株式会社昴,2026-02-28,2026-05-26,有価証券報告書－第68期(2025/03/01－2026/02/28)
E04799,9740,S100Y6FE,セントラル警備保障株式会社,2026-02-28,2026-05-26,有価証券報告書－第54期(2025/03/01－2026/02/28)
E02438,5982,S100Y6B9,株式会社マルゼン,2026-02-28,2026-05-26,有価証券報告書－第65期(2025/03/01－2026/02/28)
E32549,6532,S100Y69G,株式会社ベイカレント,2026-02-28,2026-05-26,有価証券報告書－第12期(2025/03/01－2026/02/28)
E02017,6897,S100Y6EN,株式会社ツインバード,2026-02-28,2026-05-26,有価証券報告書－第64期(2025/03/01－2026/02/28)
E03318,7611,S100Y64B,株式会社ハイデイ日高,2026-02-28,2026-05-26,有価証券報告書－第48期(2025/03/01－2026/02/28)
E03518,3087,S100Y6D7,株式会社ドトール・日レスホールディングス,2026-02-28,2026-05-26,有価証券報告書－第19期(2025/03/01－2026/02/28)
E05517,3387,S100Y2PC,株式会社クリエイト・レストランツ・ホールディングス,2026-02-28,2026-05-26,有価証券報告書－第29期(2025/03/01－2026/02/28)
E04606,9661,S100Y65X,株式会社歌舞伎座,2026-02-28,2026-05-26,有価証券報告書－第102期(2025/03/01－2026/02/28)
E20870,6555,S100Y6L3,株式会社ＭＳ＆Ｃｏｎｓｕｌｔｉｎｇ,2026-02-28,2026-05-26,有価証券報告書－第14期(2025/03/01－2026/02/28)
E05096,4763,S100Y6IG,株式会社クリーク・アンド・リバー社,2026-02-28,2026-05-26,有価証券報告書－第36期(2025/03/01－2026/02/28)
E05278,2300,S100Y6G1,株式会社きょくとう,2026-02-28,2026-05-26,有価証券報告書－第47期(2025/03/01－2026/02/28)
E32951,6543,S100Y6L2,株式会社日宣,2026-02-28,2026-05-26,有価証券報告書－第73期(2025/03/01－2026/02/28)
E03516,3086,S100Y6K0,Ｊ．フロント　リテイリング株式会社,2026-02-28,2026-05-26,有価証券報告書－第19期(2025/03/01－2026/02/28)
E04835,9716,S100Y66D,株式会社乃村工藝社,2026-02-28,2026-05-26,有価証券報告書－第89期(2025/03/01－2026/02/28)
E03520,3093,S100Y644,株式会社トレジャー・ファクトリー,2026-02-28,2026-05-26,有価証券報告書－第31期(2025/03/01－2026/02/28)
E03372,2687,S100Y68C,株式会社シー・ヴイ・エス・ベイエリア,2026-02-28,2026-05-26,有価証券報告書－第46期(2025/03/01－2026/02/28)
E01165,5271,S100Y4LV,株式会社トーヨーアサノ,2026-02-28,2026-05-26,有価証券報告書－第83期(2025/03/01－2026/02/28)
E31965,3922,S100Y6DH,株式会社ＰＲ　ＴＩＭＥＳ,2026-02-28,2026-05-26,有価証券報告書－第21期(2025/03/01－2026/02/28)
E26966,3280,S100Y6PQ,株式会社エストラスト,2026-02-28,2026-05-27,有価証券報告書－第28期(2025/03/01－2026/02/28)
E04958,4645,S100Y6LI,株式会社市進ホールディングス,2026-02-28,2026-05-27,有価証券報告書－第52期(2025/03/01－2026/02/28)
E03099,8200,S100Y5IT,株式会社リンガーハット,2026-02-28,2026-05-27,有価証券報告書－第62期(2025/03/01－2026/02/28)
E03286,7544,S100Y68I,株式会社スリーエフ,2026-02-28,2026-05-27,有価証券報告書－第45期(2025/03/01－2026/02/28)
E02897,7608,S100Y6QH,株式会社エスケイジャパン,2026-02-28,2026-05-27,有価証券報告書－第37期(2025/03/01－2026/02/28)
E03141,9835,S100Y6C2,株式会社ジュンテンドー,2026-02-28,2026-05-27,有価証券報告書－第65期(2025/03/01－2026/02/28)
E37741,2935,S100Y62P,株式会社ピックルスホールディングス,2026-02-28,2026-05-27,有価証券報告書－第4期(2025/03/01－2026/02/28)
E03272,7515,S100Y5AV,株式会社マルヨシセンター,2026-02-28,2026-05-27,有価証券報告書－第66期(2025/03/01－2026/02/28)
E03393,2305,S100Y6JW,株式会社スタジオアリス,2026-02-28,2026-05-27,有価証券報告書－第52期(2025/03/01－2026/02/28)
E04931,9793,S100Y63V,株式会社ダイセキ,2026-02-28,2026-05-27,有価証券報告書－第68期(2025/03/01－2026/02/28)
E00496,2918,S100Y6N1,わらべや日洋ホールディングス株式会社,2026-02-28,2026-05-27,有価証券報告書－第62期(2025/03/01－2026/02/28)
E03489,3050,S100Y6MK,ＤＣＭホールディングス株式会社,2026-02-28,2026-05-27,有価証券報告書－第20期(2025/03/01－2026/02/28)
E03228,9993,S100Y6JY,株式会社ヤマザワ,2026-02-28,2026-05-27,有価証券報告書－第64期(2025/03/01－2026/02/28)
E03312,7601,S100Y6BQ,株式会社ポプラ,2026-02-28,2026-05-27,有価証券報告書－第51期(2025/03/01－2026/02/28)
E03017,8237,S100Y6A8,株式会社松屋,2026-02-28,2026-05-27,有価証券報告書－第157期(2025/03/01－2026/02/28)
E27202,3181,S100Y6PJ,株式会社買取王国,2026-02-28,2026-05-27,有価証券報告書－第27期(2025/03/01－2026/02/28)
E04784,8181,S100Y6NU,株式会社東天紅,2026-02-28,2026-05-27,有価証券報告書－第70期(2025/03/01－2026/02/28)
E03428,2798,S100Y6U1,株式会社ワイズテーブルコーポレーション,2026-02-28,2026-05-27,有価証券報告書－第27期(2025/03/01－2026/02/28)
E25551,2882,S100Y6XK,株式会社イートアンドホールディングス,2026-02-28,2026-05-27,有価証券報告書－第49期(2025/03/01－2026/02/28)
E37133,4413,S100Y6J0,株式会社ボードルア,2026-02-28,2026-05-27,有価証券報告書－第19期(2025/03/01－2026/02/28)
E02621,8008,S100Y6MY,株式会社ヨンドシーホールディングス,2026-02-28,2026-05-27,有価証券報告書－第76期(2025/03/01－2026/02/28)
E03467,3396,S100Y6XM,株式会社フェリシモ,2026-02-28,2026-05-27,有価証券報告書－第61期(2025/03/01－2026/02/28)
E33863,3490,S100Y6VO,株式会社アズ企画設計,2026-02-28,2026-05-27,有価証券報告書－第37期(2025/03/01－2026/02/28)
E40066,274A,S100Y6WH,株式会社ガーデン,2026-02-28,2026-05-27,有価証券報告書－第11期(2025/03/01－2026/02/28)
E02521,8016,S100Y6J6,株式会社オンワードホールディングス,2026-02-28,2026-05-27,有価証券報告書－第79期(2025/03/01－2026/02/28)
E03179,9903,S100Y67I,株式会社カンセキ,2026-02-28,2026-05-27,有価証券報告書－第52期(2025/03/01－2026/02/28)
E03032,8260,S100Y6HY,株式会社井筒屋,2026-02-28,2026-05-27,有価証券報告書－第131期(2025/03/01－2026/02/28)
E32427,3543,S100Y6O9,株式会社コメダホールディングス,2026-02-28,2026-05-27,有価証券報告書－第12期(2025/03/01－2026/02/28)
E30002,3678,S100Y71R,株式会社メディアドゥ,2026-02-28,2026-05-28,有価証券報告書－第27期(2025/03/01－2026/02/28)
E03054,8005,S100Y6S7,株式会社スクロール,2026-03-31,2026-05-28,有価証券報告書－第85期(2025/04/01－2026/03/31)
E03329,7630,S100Y73F,株式会社壱番屋,2026-02-28,2026-05-28,有価証券報告書－第44期(2025/03/01－2026/02/28)
E03473,3030,S100Y764,株式会社ハブ,2026-02-28,2026-05-28,有価証券報告書－第28期(2025/03/01－2026/02/28)
E04015,8918,S100Y721,株式会社ランド,2026-02-28,2026-05-28,有価証券報告書－第30期(2025/03/01－2026/02/28)
E00593,8011,S100Y77K,株式会社三陽商会,2026-02-28,2026-05-28,有価証券報告書－第83期(2025/03/01－2026/02/28)
E32138,2884,S100Y77U,株式会社ヨシムラ・フード・ホールディングス,2026-02-28,2026-05-28,有価証券報告書－第18期(2025/03/01－2026/02/28)
E05315,2338,S100Y6YJ,クオンタムソリューションズ株式会社,2026-02-28,2026-05-28,有価証券報告書－第27期(2025/03/01－2026/02/28)
E03507,3075,S100Y6WM,株式会社銚子丸,2026-02-28,2026-05-28,有価証券報告書－第49期(2025/03/01－2026/02/28)
E33491,7807,S100Y797,株式会社幸和製作所,2026-02-28,2026-05-28,有価証券報告書－第39期(2025/03/01－2026/02/28)
E20385,3627,S100Y74O,テクミラホールディングス株式会社,2026-02-28,2026-05-28,有価証券報告書－第22期(2025/03/01－2026/02/28)
E32697,3548,S100Y6V9,株式会社バロックジャパンリミテッド,2026-02-28,2026-05-28,有価証券報告書－第27期(2025/03/01－2026/02/28)
E01723,6432,S100Y78J,株式会社竹内製作所,2026-02-28,2026-05-28,有価証券報告書－第64期(2025/03/01－2026/02/28)
E33928,6578,S100Y78X,株式会社コレックホールディングス,2026-02-28,2026-05-28,有価証券報告書－第16期(2025/03/01－2026/02/28)
E02464,7847,S100Y66O,株式会社グラファイトデザイン,2026-02-28,2026-05-28,有価証券報告書－第37期(2025/03/01－2026/02/28)
E33519,3996,S100Y6B0,サインポスト株式会社,2026-02-28,2026-05-28,有価証券報告書－第19期(2025/03/01－2026/02/28)
E31291,3223,S100Y6RF,株式会社エスエルディー,2026-02-28,2026-05-28,有価証券報告書－第23期(2025/03/01－2026/02/28)
E03422,2789,S100Y72L,株式会社カルラ,2026-02-28,2026-05-29,有価証券報告書－第54期(2025/03/01－2026/02/28)
E05230,4317,S100Y7H8,株式会社レイ,2026-02-28,2026-05-29,有価証券報告書－第45期(2025/03/01－2026/02/28)
E36078,7357,S100Y7GV,株式会社ジオコード,2026-02-28,2026-05-29,有価証券報告書－第22期(2025/03/01－2026/02/28)
E01040,4920,S100Y7HD,株式会社日本色材工業研究所,2026-02-28,2026-05-29,有価証券報告書－第69期(2025/03/01－2026/02/28)
E26821,3177,S100Y7HH,株式会社ありがとうサービス,2026-02-28,2026-05-29,有価証券報告書－第27期(2025/03/01－2026/02/28)
E05017,4709,S100Y7D7,株式会社ＩＤホールディングス,2026-03-31,2026-05-29,有価証券報告書－第58期(2025/04/01－2026/03/31)
E03025,8247,S100Y7D9,株式会社大和,2026-02-28,2026-05-29,有価証券報告書－第110期(2025/03/01－2026/02/28)
E03273,7516,S100Y7KL,コーナン商事株式会社,2026-02-28,2026-05-29,有価証券報告書－第49期(2025/03/01－2026/02/28)
E00605,8143,S100Y7LR,株式会社ラピーヌ,2026-02-28,2026-05-29,有価証券報告書－第78期(2025/03/01－2026/02/28)
E05643,3826,S100Y7MS,株式会社システムインテグレータ,2026-02-28,2026-05-29,有価証券報告書－第31期(2025/03/01－2026/02/28)
E26428,6058,S100Y7IM,株式会社ベクトル,2026-02-28,2026-05-29,有価証券報告書－第34期(2025/03/01－2026/02/28)
E01587,7719,S100Y7MQ,株式会社東京衡機,2026-02-28,2026-05-29,有価証券報告書－第120期(2025/03/01－2026/02/28)
E03319,7610,S100Y7L3,株式会社テイツー,2026-02-28,2026-05-29,有価証券報告書－第36期(2025/03/01－2026/02/28)
E36545,6228,S100Y7JM,株式会社ジェイ・イー・ティ,2025-12-31,2026-05-29,有価証券報告書－第17期(2025/01/01－2025/12/31)
E31123,7815,S100Y7DO,東京ボード工業株式会社,2026-02-28,2026-05-29,有価証券報告書－第81期(2025/04/01－2026/02/28)
E05242,8739,S100Y7MV,スパークス・グループ株式会社,2026-03-31,2026-05-29,有価証券報告書－第37期(2025/04/01－2026/03/31)
E01325,5900,S100Y6RH,株式会社ダイケン,2026-02-28,2026-05-29,有価証券報告書－第78期(2025/03/01－2026/02/28)
E03498,3083,S100Y7XS,スターシーズ株式会社,2026-02-28,2026-06-01,有価証券報告書－第37期(2025/03/01－2026/02/28)
E04228,9029,S100Y848,株式会社ヒガシホールディングス,2026-03-31,2026-06-05,有価証券報告書－第104期(2025/04/01－2026/03/31)
E01124,7741,S100Y90T,ＨＯＹＡ株式会社,2026-03-31,2026-06-05,有価証券報告書－第88期(2025/04/01－2026/03/31)
E02512,8061,S100Y935,西華産業株式会社,2026-03-31,2026-06-05,有価証券報告書－第103期(2025/04/01－2026/03/31)
E02155,7236,S100Y8UO,株式会社ティラド,2026-03-31,2026-06-05,有価証券報告書－第124期(2025/04/01－2026/03/31)
E04246,9127,S100Y90D,玉井商船株式会社,2026-03-31,2026-06-08,有価証券報告書－第117期(2025/04/01－2026/03/31)
E05725,3092,S100Y951,株式会社ＺＯＺＯ,2026-03-31,2026-06-08,有価証券報告書－第28期(2025/04/01－2026/03/31)
E04460,9436,S100Y9T5,沖縄セルラー電話株式会社,2026-03-31,2026-06-09,有価証券報告書－第35期(2025/04/01－2026/03/31)
E01435,5990,S100Y9PU,株式会社スーパーツール,2026-03-15,2026-06-09,有価証券報告書－第66期(2025/03/16－2026/03/15)
E01898,6995,S100Y9M2,株式会社東海理化電機製作所,2026-03-31,2026-06-09,有価証券報告書－第79期(2025/04/01－2026/03/31)
E02958,2768,S100Y9EI,双日株式会社,2026-03-31,2026-06-09,有価証券報告書－第23期(2025/04/01－2026/03/31)
E00540,3116,S100Y9AH,トヨタ紡織株式会社,2026-03-31,2026-06-09,有価証券報告書－第101期(2025/04/01－2026/03/31)
E02144,7203,S100Y8NY,トヨタ自動車株式会社,2026-03-31,2026-06-10,有価証券報告書－第122期(2025/04/01－2026/03/31)
E32292,9143,S100Y9P7,ＳＧホールディングス株式会社,2026-03-31,2026-06-10,有価証券報告書－第20期(2025/04/01－2026/03/31)
E03356,2664,S100Y9UW,株式会社カワチ薬品,2026-03-15,2026-06-10,有価証券報告書－第59期(2025/03/16－2026/03/15)
E00838,4220,S100Y9PN,リケンテクノス株式会社,2026-03-31,2026-06-10,有価証券報告書－第97期(2025/04/01－2026/03/31)
E36703,7380,S100YA7J,株式会社十六フィナンシャルグループ,2026-03-31,2026-06-11,有価証券報告書－第5期(2025/04/01－2026/03/31)
E02162,7283,S100Y9N3,愛三工業株式会社,2026-03-31,2026-06-11,有価証券報告書－第124期(2025/04/01－2026/03/31)
E03814,8697,S100YA84,株式会社日本取引所グループ,2026-03-31,2026-06-11,有価証券報告書－第25期(2025/04/01－2026/03/31)
E02692,8285,S100YAL6,三谷産業株式会社,2026-03-31,2026-06-11,有価証券報告書－第101期(2025/04/01－2026/03/31)
E32022,7186,S100YA32,株式会社横浜フィナンシャルグループ,2026-03-31,2026-06-11,有価証券報告書－第10期(2025/04/01－2026/03/31)
E36928,4373,S100YARY,シンプレクス・ホールディングス株式会社,2026-03-31,2026-06-11,有価証券報告書－第10期(2025/04/01－2026/03/31)
E00112,1835,S100YA1U,東鉄工業株式会社,2026-03-31,2026-06-11,有価証券報告書－第83期(2025/04/01－2026/03/31)
E01892,6902,S100Y9T1,株式会社デンソー,2026-03-31,2026-06-11,有価証券報告書－第103期(2025/04/01－2026/03/31)
E03851,8795,S100Y9UP,株式会社Ｔ＆Ｄホールディングス,2026-03-31,2026-06-11,有価証券報告書－第22期(2025/04/01－2026/03/31)
E02409,5906,S100YA6U,エムケー精工株式会社,2026-03-20,2026-06-11,有価証券報告書－第70期(2025/03/21－2026/03/20)
E31054,6035,S100YATA,株式会社アイ・アールジャパンホールディングス,2026-03-31,2026-06-12,有価証券報告書－第12期(2025/04/01－2026/03/31)
E02497,8001,S100YA6H,伊藤忠商事株式会社,2026-03-31,2026-06-12,有価証券報告書－第102期(2025/04/01－2026/03/31)
E03554,8334,S100Y8O1,株式会社　群馬銀行,2026-03-31,2026-06-12,有価証券報告書－第141期(2025/04/01－2026/03/31)
E05669,3841,S100YAUW,株式会社ジーダット,2026-03-31,2026-06-12,有価証券報告書－第24期(2025/04/01－2026/03/31)
E00937,4997,S100YATP,日本農薬株式会社,2026-03-31,2026-06-12,有価証券報告書－第127期(2025/04/01－2026/03/31)
E03772,8624,S100YANQ,いちよし証券株式会社,2026-03-31,2026-06-12,有価証券報告書－第84期(2025/04/01－2026/03/31)
E01210,5344,S100YB11,株式会社ＭＡＲＵＷＡ,2026-03-31,2026-06-12,有価証券報告書－第53期(2025/04/01－2026/03/31)
E04109,9046,S100YAZT,神戸電鉄株式会社,2026-03-31,2026-06-12,有価証券報告書－第151期(2025/04/01－2026/03/31)
E00939,4523,S100YB05,エーザイ株式会社,2026-03-31,2026-06-12,有価証券報告書－第114期(2025/04/01－2026/03/31)
E04187,9064,S100YAYL,ヤマトホールディングス株式会社,2026-03-31,2026-06-12,有価証券報告書－第161期(2025/04/01－2026/03/31)
E37777,5831,S100Y9RT,株式会社しずおかフィナンシャルグループ,2026-03-31,2026-06-12,有価証券報告書－第4期(2025/04/01－2026/03/31)
E00730,7857,S100YA1Y,セキ株式会社,2026-03-31,2026-06-12,有価証券報告書－第77期(2025/04/01－2026/03/31)
E03398,2753,S100Y9U0,株式会社　あみやき亭,2026-03-31,2026-06-12,有価証券報告書－第31期(2025/04/01－2026/03/31)
E00436,2802,S100Y992,味の素株式会社,2026-03-31,2026-06-12,有価証券報告書－第148期(2025/04/01－2026/03/31)
E36700,7381,S100YAOX,株式会社ＣＣＩグループ,2026-03-31,2026-06-12,有価証券報告書－第5期(2025/04/01－2026/03/31)
E04841,9709,S100YAMN,ＮＣＳ＆Ａ株式会社,2026-03-31,2026-06-12,有価証券報告書－第60期(2025/04/01－2026/03/31)
E02529,8058,S100YB25,三菱商事株式会社,2026-03-31,2026-06-12,有価証券報告書
E34113,7327,S100YAX4,株式会社第四北越フィナンシャルグループ,2026-03-31,2026-06-12,有価証券報告書－第8期(2025/04/01－2026/03/31)
E00995,7971,S100YB1Q,東リ株式会社,2026-03-31,2026-06-12,有価証券報告書－第162期(2025/04/01－2026/03/31)
E01074,8131,S100YAZQ,株式会社ミツウロコグループホールディングス,2026-03-31,2026-06-12,有価証券報告書－第117期(2025/04/01－2026/03/31)
E03235,7419,S100YAOT,株式会社ノジマ,2026-03-31,2026-06-12,有価証券報告書－第64期(2025/04/01－2026/03/31)
E02909,4743,S100YAUM,株式会社アイティフォー,2026-03-31,2026-06-12,有価証券報告書－第67期(2025/04/01－2026/03/31)
E00820,4204,S100YBAY,積水化学工業株式会社,2026-03-31,2026-06-12,有価証券報告書－第104期(2025/04/01－2026/03/31)
E31612,7180,S100YAQW,株式会社九州フィナンシャルグループ,2026-03-31,2026-06-12,有価証券報告書－第11期(2025/04/01－2026/03/31)
E02498,8002,S100YAY4,丸紅株式会社,2026-03-31,2026-06-12,有価証券報告書－第102期(2025/04/01－2026/03/31)
E33623,4390,S100YBB2,株式会社アイ・ピー・エス,2026-03-31,2026-06-12,有価証券報告書－第35期(2025/04/01－2026/03/31)
E00989,4902,S100YB93,コニカミノルタ株式会社,2026-03-31,2026-06-12,有価証券報告書－第122期(2025/04/01－2026/03/31)
E03739,8705,S100YB7U,日産証券グループ株式会社,2026-03-31,2026-06-12,有価証券報告書－第21期(2025/04/01－2026/03/31)
E30103,7167,S100YAVM,株式会社めぶきフィナンシャルグループ,2026-03-31,2026-06-12,有価証券報告書－第10期(2025/04/01－2026/03/31)
E02513,8031,S100YAVT,三井物産株式会社,2026-03-31,2026-06-12,有価証券報告書－第107期(2025/04/01－2026/03/31)
E01593,7259,S100YAWO,株式会社アイシン,2026-03-31,2026-06-12,有価証券報告書－第103期(2025/04/01－2026/03/31)
E03587,8388,S100YAMP,株式会社阿波銀行,2026-03-31,2026-06-12,有価証券報告書－第214期(2025/04/01－2026/03/31)
E02528,8053,S100YARD,住友商事株式会社,2026-03-31,2026-06-12,有価証券報告書－第158期(2025/04/01－2026/03/31)
E09753,7164,S100YAIZ,全国保証株式会社,2026-03-31,2026-06-12,有価証券報告書－第46期(2025/04/01－2026/03/31)
E05062,4307,S100YBM8,株式会社野村総合研究所,2026-03-31,2026-06-15,有価証券報告書－第61期(2025/04/01－2026/03/31)
E04867,9663,S100YBEF,株式会社ナガワ,2026-03-31,2026-06-15,有価証券報告書－第62期(2025/04/01－2026/03/31)
E00945,4528,S100YA20,小野薬品工業株式会社,2026-03-31,2026-06-15,有価証券報告書－第78期(2025/04/01－2026/03/31)
E00957,4539,S100YBOB,日本ケミファ株式会社,2026-03-31,2026-06-15,有価証券報告書－第94期(2025/04/01－2026/03/31)
E03550,8346,S100Y9W6,株式会社東邦銀行,2026-03-31,2026-06-15,有価証券報告書－第123期(2025/04/01－2026/03/31)
E00878,4401,S100YBCU,株式会社ＡＤＥＫＡ,2026-03-31,2026-06-15,有価証券報告書－第164期(2025/04/01－2026/03/31)
E04106,9044,S100YBA0,株式会社ＮＡＮＫＡＩ,2026-03-31,2026-06-15,有価証券報告書－第109期(2025/04/01－2026/03/31)
E00806,4082,S100Y9OW,第一稀元素化学工業株式会社,2026-03-31,2026-06-15,有価証券報告書－第70期(2025/04/01－2026/03/31)
E00967,4544,S100YB46,Ｈ．Ｕ．グループホールディングス株式会社,2026-03-31,2026-06-15,有価証券報告書－第76期(2025/04/01－2026/03/31)
E00119,1964,S100YBFQ,中外炉工業株式会社,2026-03-31,2026-06-15,有価証券報告書－第84期(2025/04/01－2026/03/31)
E02760,9932,S100YBJ3,杉本商事株式会社,2026-03-31,2026-06-15,有価証券報告書－第101期(2025/04/01－2026/03/31)
E02517,8098,S100YB2W,稲畑産業株式会社,2026-03-31,2026-06-15,有価証券報告書－第165期(2025/04/01－2026/03/31)
E23250,8714,S100YAWY,株式会社池田泉州ホールディングス,2026-03-31,2026-06-15,有価証券報告書－第17期(2025/04/01－2026/03/31)
E03953,8860,S100YB7Y,フジ住宅株式会社,2026-03-31,2026-06-15,有価証券報告書－第53期(2025/04/01－2026/03/31)
E01188,5367,S100Y9NY,株式会社ニッカトー,2026-03-31,2026-06-15,有価証券報告書－第156期(2025/04/01－2026/03/31)
E03632,8524,S100YBAP,株式会社北洋銀行,2026-03-31,2026-06-15,有価証券報告書－第170期(2025/04/01－2026/03/31)
E03545,8341,S100YAM0,株式会社七十七銀行,2026-03-31,2026-06-15,有価証券報告書－第142期(2025/04/01－2026/03/31)
E03562,8360,S100YAZE,株式会社　山梨中央銀行,2026-03-31,2026-06-15,有価証券報告書－第123期(2025/04/01－2026/03/31)
E01413,5930,S100YBKB,文化シヤッター株式会社,2026-03-31,2026-06-15,有価証券報告書－第80期(2025/04/01－2026/03/31)
E37785,5832,S100YB0D,株式会社ちゅうぎんフィナンシャルグループ,2026-03-31,2026-06-15,有価証券報告書－第4期(2025/04/01－2026/03/31)
E00783,4091,S100YB9P,日本酸素ホールディングス株式会社,2026-03-31,2026-06-15,有価証券報告書－第22期(2025/04/01－2026/03/31)
E01757,6590,S100YAST,芝浦メカトロニクス株式会社,2026-03-31,2026-06-15,有価証券報告書－第117期(2025/04/01－2026/03/31)
E05518,3778,S100YBG6,さくらインターネット株式会社,2026-03-31,2026-06-15,有価証券報告書－第27期(2025/04/01－2026/03/31)
E30746,7173,S100YBHI,株式会社東京きらぼしフィナンシャルグループ,2026-03-31,2026-06-15,有価証券報告書－第12期(2025/04/01－2026/03/31)
E21187,5857,S100YBFP,ＡＲＥホールディングス株式会社,2026-03-31,2026-06-15,有価証券報告書－第17期(2025/04/01－2026/03/31)
E00118,1850,S100Y9NL,南海辰村建設株式会社,2026-03-31,2026-06-15,有価証券報告書－第83期(2025/04/01－2026/03/31)
E01967,6861,S100YAHE,株式会社キーエンス,2026-03-20,2026-06-15,有価証券報告書－第57期(2025/03/21－2026/03/20)
E31012,2883,S100YBPW,株式会社大冷,2026-03-31,2026-06-15,有価証券報告書－第55期(2025/04/01－2026/03/31)
E04093,9010,S100YBGE,富士急行株式会社,2026-03-31,2026-06-15,有価証券報告書－第125期(2025/04/01－2026/03/31)
E05304,2327,S100YAEV,日鉄ソリューションズ株式会社,2026-03-31,2026-06-15,有価証券報告書－第46期(2025/04/01－2026/03/31)
E02560,8051,S100YBDH,株式会社山善,2026-03-31,2026-06-15,有価証券報告書－第80期(2025/04/01－2026/03/31)
E03588,8386,S100YA4U,株式会社百十四銀行,2026-03-31,2026-06-15,有価証券報告書－第157期(2025/04/01－2026/03/31)
E04348,9726,S100Y9UU,ＫＮＴ－ＣＴホールディングス株式会社,2026-03-31,2026-06-15,有価証券報告書－第89期(2025/04/01－2026/03/31)
E00138,1967,S100YBIH,株式会社ヤマト,2026-03-20,2026-06-15,有価証券報告書－第81期(2025/03/21－2026/03/20)
E01769,6741,S100YAO1,日本信号株式会社,2026-03-31,2026-06-15,有価証券報告書－第143期(2025/04/01－2026/03/31)
E02203,7278,S100YBAF,株式会社エクセディ,2026-03-31,2026-06-15,有価証券報告書－第76期(2025/04/01－2026/03/31)
E03546,8343,S100YATN,株式会社秋田銀行,2026-03-31,2026-06-15,有価証券報告書－第123期(2025/04/01－2026/03/31)
E00488,2876,S100YC0N,株式会社デルソーレ,2026-03-31,2026-06-16,有価証券報告書－第62期(2025/04/01－2026/03/31)
E03693,8572,S100YBXA,アコム株式会社,2026-03-31,2026-06-16,有価証券報告書－第49期(2025/04/01－2026/03/31)
E01480,6101,S100YBZA,株式会社ツガミ,2026-03-31,2026-06-16,有価証券報告書－第123期(2025/04/01－2026/03/31)
E02275,7752,S100YBFF,株式会社リコー,2026-03-31,2026-06-16,有価証券報告書－第126期(2025/04/01－2026/03/31)
E04497,9412,S100YBNS,スカパーＪＳＡＴ株式会社,2026-03-31,2026-06-16,有価証券報告書－第19期(2025/04/01－2026/03/31)
E02643,8133,S100YC4K,伊藤忠エネクス株式会社,2026-03-31,2026-06-16,有価証券報告書－第66期(2025/04/01－2026/03/31)
E04904,9619,S100YCGP,株式会社イチネンホールディングス,2026-03-31,2026-06-16,有価証券報告書－第64期(2025/04/01－2026/03/31)
E03071,8130,S100YA8B,株式会社サンゲツ,2026-03-31,2026-06-16,有価証券報告書－第74期(2025/04/01－2026/03/31)
E00884,4471,S100YC0P,三洋化成工業株式会社,2026-03-31,2026-06-16,有価証券報告書－第102期(2025/04/01－2026/03/31)
E30728,2060,S100YC1Q,フィード・ワン株式会社,2026-03-31,2026-06-16,有価証券報告書－第12期(2025/04/01－2026/03/31)
E00913,4626,S100YBLG,太陽ホールディングス株式会社,2026-03-31,2026-06-16,有価証券報告書－第80期(2025/04/01－2026/03/31)
E04889,9640,S100YC54,株式会社セゾンテクノロジー,2026-03-31,2026-06-16,有価証券報告書－第57期(2025/04/01－2026/03/31)
E01667,6349,S100YCBI,株式会社小森コーポレーション,2026-03-31,2026-06-16,有価証券報告書－第80期(2025/04/01－2026/03/31)
E04148,9021,S100YCFK,西日本旅客鉄道株式会社,2026-03-31,2026-06-16,有価証券報告書－第39期(2025/04/01－2026/03/31)
E00428,2602,S100YB17,日清オイリオグループ株式会社,2026-03-31,2026-06-16,有価証券報告書－第154期(2025/04/01－2026/03/31)
E02745,9902,S100YCBD,株式会社日伝,2026-03-31,2026-06-16,有価証券報告書－第75期(2025/04/01－2026/03/31)
E03041,8253,S100YCDE,株式会社クレディセゾン,2026-03-31,2026-06-16,有価証券報告書－第76期(2025/04/01－2026/03/31)
E02002,7931,S100YBKG,未来工業株式会社,2026-03-20,2026-06-16,有価証券報告書－第61期(2025/03/21－2026/03/20)
E00371,2209,S100YBL8,井村屋グループ株式会社,2026-03-31,2026-06-16,有価証券報告書－第89期(2025/04/01－2026/03/31)
E00906,4120,S100YBHZ,スガイ化学工業株式会社,2026-03-31,2026-06-16,有価証券報告書－第75期(2025/04/01－2026/03/31)
E03563,8359,S100YAUN,株式会社八十二長野銀行,2026-03-31,2026-06-16,有価証券報告書－第143期(2025/04/01－2026/03/31)
E37725,5830,S100YBIB,株式会社いよぎんホールディングス,2026-03-31,2026-06-16,有価証券報告書－第4期(2025/04/01－2026/03/31)
E01696,6294,S100YBL0,オカダアイヨン株式会社,2026-03-31,2026-06-16,有価証券報告書－第67期(2025/04/01－2026/03/31)
E03572,8364,S100YC9F,株式会社清水銀行,2026-03-31,2026-06-16,有価証券報告書－第151期(2025/04/01－2026/03/31)
E03760,8613,S100YC95,丸三証券株式会社,2026-03-31,2026-06-16,有価証券報告書－第106期(2025/04/01－2026/03/31)
E31064,9551,S100YBSD,メタウォーター株式会社,2026-03-31,2026-06-16,有価証券報告書－第53期(2025/04/01－2026/03/31)
E02955,2760,S100YBV4,東京エレクトロンデバイス株式会社,2026-03-31,2026-06-16,有価証券報告書－第41期(2025/04/01－2026/03/31)
E03583,8381,S100YBU8,株式会社山陰合同銀行,2026-03-31,2026-06-16,有価証券報告書－第123期(2025/04/01－2026/03/31)
E03819,8704,S100YCGC,トレイダーズホールディングス株式会社,2026-03-31,2026-06-16,有価証券報告書－第27期(2025/04/01－2026/03/31)
E04235,9101,S100YBT6,日本郵船株式会社,2026-03-31,2026-06-16,有価証券報告書－第139期(2025/04/01－2026/03/31)
E23202,2270,S100YC5I,雪印メグミルク株式会社,2026-03-31,2026-06-16,有価証券報告書－第17期(2025/04/01－2026/03/31)
E02686,4956,S100YC07,コニシ株式会社,2026-03-31,2026-06-16,有価証券報告書－第101期(2025/04/01－2026/03/31)
E02770,9962,S100YB3N,株式会社　ミスミグループ本社,2026-03-31,2026-06-16,有価証券報告書－第64期(2025/04/01－2026/03/31)
E00052,1801,S100YBGF,大成建設株式会社,2026-03-31,2026-06-16,有価証券報告書－第166期(2025/04/01－2026/03/31)
E36723,5076,S100YCIP,インフロニア・ホールディングス株式会社,2026-03-31,2026-06-16,有価証券報告書－第5期(2025/04/01－2026/03/31)
E02567,8088,S100YBEM,岩谷産業株式会社,2026-03-31,2026-06-16,有価証券報告書－第83期(2025/04/01－2026/03/31)
E27303,6073,S100Y9ZW,株式会社アサンテ,2026-03-31,2026-06-16,有価証券報告書－第53期(2025/04/01－2026/03/31)
E35449,6231,S100YCHD,木村工機株式会社,2026-03-31,2026-06-16,有価証券報告書－第79期(2025/04/01－2026/03/31)
E01164,7995,S100YC38,株式会社バルカー,2026-03-31,2026-06-16,有価証券報告書－第126期(2025/04/01－2026/03/31)
E33435,3484,S100YCOY,株式会社イノベーションホールディングス,2026-03-31,2026-06-16,有価証券報告書－第20期(2025/04/01－2026/03/31)
E02481,7832,S100YBXE,株式会社バンダイナムコホールディングス,2026-03-31,2026-06-16,有価証券報告書－第21期(2025/04/01－2026/03/31)
E02552,8012,S100YBTV,長瀬産業株式会社,2026-03-31,2026-06-16,有価証券報告書－第111期(2025/04/01－2026/03/31)
E02417,9697,S100YCGO,株式会社カプコン,2026-03-31,2026-06-16,有価証券報告書－第47期(2025/04/01－2026/03/31)
E01595,6445,S100YCOS,株式会社ジャノメ,2026-03-31,2026-06-16,有価証券報告書－第100期(2025/04/01－2026/03/31)
E26327,7157,S100YC7R,ライフネット生命保険株式会社,2026-03-31,2026-06-16,有価証券報告書－第20期(2025/04/01－2026/03/31)
E06141,8750,S100YC7A,株式会社第一ライフグループ,2026-03-31,2026-06-16,有価証券報告書－第124期(2025/04/01－2026/03/31)
E02077,6730,S100YC4Y,株式会社アクセル,2026-03-31,2026-06-16,有価証券報告書－第31期(2025/04/01－2026/03/31)
E05097,4765,S100YCOR,ＳＢＩグローバルアセットマネジメント株式会社,2026-03-31,2026-06-16,有価証券報告書－第29期(2025/04/01－2026/03/31)
E01712,6324,S100YBHC,株式会社ハーモニック・ドライブ・システムズ,2026-03-31,2026-06-16,有価証券報告書－第38期(2025/04/01－2026/03/31)
E04220,9037,S100YBXW,株式会社ハマキョウレックス,2026-03-31,2026-06-16,有価証券報告書－第55期(2025/04/01－2026/03/31)
E04430,9432,S100YCP3,ＮＴＴ株式会社,2026-03-31,2026-06-16,有価証券報告書－第41期(2025/04/01－2026/03/31)
E34716,7057,S100YCPU,株式会社エヌ・シー・エヌ,2026-03-31,2026-06-16,有価証券報告書－第31期(2025/04/01－2026/03/31)
E02836,7477,S100YCAP,ムラキ株式会社,2026-03-31,2026-06-16,有価証券報告書－第68期(2025/04/01－2026/03/31)
E02501,8007,S100YCID,高島株式会社,2026-03-31,2026-06-16,有価証券報告書－第138期(2025/04/01－2026/03/31)
E00446,2871,S100YCCS,株式会社ニチレイ,2026-03-31,2026-06-16,有価証券報告書－第108期(2025/04/01－2026/03/31)
E05215,4299,S100YC5V,株式会社ハイマックス,2026-03-31,2026-06-16,有価証券報告書－第50期(2025/04/01－2026/03/31)
E05688,3848,S100YBU2,株式会社データ・アプリケーション,2026-03-31,2026-06-16,有価証券報告書－第41期(2025/04/01－2026/03/31)
E01506,6146,S100YC6I,株式会社ディスコ,2026-03-31,2026-06-16,有価証券報告書－第87期(2025/04/01－2026/03/31)
E03618,8377,S100YBV5,株式会社ほくほくフィナンシャルグループ,2026-03-31,2026-06-16,有価証券報告書－第23期(2025/04/01－2026/03/31)
E00920,4503,S100YBPK,アステラス製薬株式会社,2026-03-31,2026-06-16,有価証券報告書－第21期(2025/04/01－2026/03/31)
E05539,3393,S100YCNU,スターティアホールディングス株式会社,2026-03-31,2026-06-16,有価証券報告書－第31期(2025/04/01－2026/03/31)
E02713,9857,S100YCFQ,英和株式会社,2026-03-31,2026-06-16,有価証券報告書－第79期(2025/04/01－2026/03/31)
E32990,9325,S100YCI4,ファイズホールディングス株式会社,2026-03-31,2026-06-16,有価証券報告書－第13期(2025/04/01－2026/03/31)
E03407,2767,S100YBQC,円谷フィールズホールディングス株式会社,2026-03-31,2026-06-16,有価証券報告書－第38期(2025/04/01－2026/03/31)
E01138,5332,S100YC72,ＴＯＴＯ株式会社,2026-03-31,2026-06-16,有価証券報告書－第160期(2025/04/01－2026/03/31)
E37560,9221,S100YBWO,フルハシＥＰＯ株式会社,2026-03-31,2026-06-16,有価証券報告書－第79期(2025/04/01－2026/03/31)
E02509,8014,S100YBIN,蝶理株式会社,2026-03-31,2026-06-16,有価証券報告書－第79期(2025/04/01－2026/03/31)
E02213,7211,S100YCMC,三菱自動車工業株式会社,2026-03-31,2026-06-16,有価証券報告書
E01294,5695,S100YCVX,パウダーテック株式会社,2026-03-31,2026-06-17,有価証券報告書－第60期(2025/04/01－2026/03/31)
E02225,7299,S100YCH0,フジオーゼックス株式会社,2026-03-31,2026-06-17,有価証券報告書－第98期(2025/04/01－2026/03/31)
E04806,8595,S100YCOQ,ジャフコ　グループ株式会社,2026-03-31,2026-06-17,有価証券報告書－第54期(2025/04/01－2026/03/31)
E03521,3099,S100YD7C,株式会社三越伊勢丹ホールディングス,2026-03-31,2026-06-17,有価証券報告書－第18期(2025/04/01－2026/03/31)
E03753,8601,S100YCMP,株式会社大和証券グループ本社,2026-03-31,2026-06-17,有価証券報告書－第89期(2025/04/01－2026/03/31)
E40736,417A,S100YC3L,株式会社ブルーゾーンホールディングス,2026-03-31,2026-06-17,有価証券報告書－第1期(2025/04/01－2026/03/31)
E03493,7823,S100YCH9,株式会社アートネイチャー,2026-03-31,2026-06-17,有価証券報告書－第59期(2025/04/01－2026/03/31)
E02832,7475,S100YD39,アルビス株式会社,2026-03-31,2026-06-17,有価証券報告書－第59期(2025/04/01－2026/03/31)
E03938,8844,S100YCZ3,株式会社コスモスイニシア,2026-03-31,2026-06-17,有価証券報告書－第57期(2025/04/01－2026/03/31)
E35810,7337,S100YCZN,株式会社ひろぎんホールディングス,2026-03-31,2026-06-17,有価証券報告書－第6期(2025/04/01－2026/03/31)
E00685,3891,S100YD7L,ニッポン高度紙工業株式会社,2026-03-31,2026-06-17,有価証券報告書－第96期(2025/04/01－2026/03/31)
E04959,4644,S100YCJ1,イマジニア株式会社,2026-03-31,2026-06-17,有価証券報告書－第49期(2025/04/01－2026/03/31)
E05317,2342,S100YCRI,株式会社トランスジェニックグループ,2026-03-31,2026-06-17,有価証券報告書－第28期(2025/04/01－2026/03/31)
E01123,5204,S100YBU1,石塚硝子株式会社,2026-03-20,2026-06-17,有価証券報告書－第91期(2025/03/21－2026/03/20)
E03623,8410,S100YC1N,株式会社セブン銀行,2026-03-31,2026-06-17,有価証券報告書－第25期(2025/04/01－2026/03/31)
E00818,4202,S100YBO0,株式会社ダイセル,2026-03-31,2026-06-17,有価証券報告書－第160期(2025/04/01－2026/03/31)
E02427,7906,S100YCTQ,ヨネックス株式会社,2026-03-31,2026-06-17,有価証券報告書－第69期(2025/04/01－2026/03/31)
E01405,5992,S100YBNR,中央発條株式会社,2026-03-31,2026-06-17,有価証券報告書－第103期(2025/04/01－2026/03/31)
E00048,1925,S100YAZ5,大和ハウス工業株式会社,2026-03-31,2026-06-17,有価証券報告書－第87期(2025/04/01－2026/03/31)
E04354,9087,S100YD4T,タカセ株式会社,2026-03-31,2026-06-17,有価証券報告書－第110期(2025/04/01－2026/03/31)
E03641,8544,S100YBD2,株式会社　京葉銀行,2026-03-31,2026-06-17,有価証券報告書－第120期(2025/04/01－2026/03/31)
E01367,5991,S100YD4O,日本発條株式会社,2026-03-31,2026-06-17,有価証券報告書－第106期(2025/04/01－2026/03/31)
E00037,1518,S100YBV8,三井松島ホールディングス株式会社,2026-03-31,2026-06-17,有価証券報告書－第170期(2025/04/01－2026/03/31)
E01780,6762,S100YD2Y,ＴＤＫ株式会社,2026-03-31,2026-06-17,有価証券報告書－第130期(2025/04/01－2026/03/31)
E30443,9090,S100YCWN,ＡＺ－ＣＯＭ丸和ホールディングス株式会社,2026-03-31,2026-06-17,有価証券報告書－第53期(2025/04/01－2026/03/31)
E05521,3798,S100YCBQ,ＵＬＳグループ株式会社,2026-03-31,2026-06-17,有価証券報告書－第26期(2025/04/01－2026/03/31)
E03867,8818,S100YC9O,京阪神ビルディング株式会社,2026-03-31,2026-06-17,有価証券報告書－第103期(2025/04/01－2026/03/31)
E04209,9057,S100YBRY,遠州トラック株式会社,2026-03-31,2026-06-17,有価証券報告書－第61期(2025/04/01－2026/03/31)
E03531,8304,S100YCRO,株式会社あおぞら銀行,2026-03-31,2026-06-17,有価証券報告書－第93期(2025/04/01－2026/03/31)
E05173,4832,S100YCWP,ＪＦＥシステムズ株式会社,2026-03-31,2026-06-17,有価証券報告書－第43期(2025/04/01－2026/03/31)
E05350,2371,S100YBGN,株式会社カカクコム,2026-03-31,2026-06-17,有価証券報告書－第29期(2025/04/01－2026/03/31)
E04102,9041,S100YCLR,近鉄グループホールディングス株式会社,2026-03-31,2026-06-17,有価証券報告書－第115期(2025/04/01－2026/03/31)
E03575,8366,S100YBKA,株式会社滋賀銀行,2026-03-31,2026-06-17,有価証券報告書－第139期(2025/04/01－2026/03/31)
E02013,6899,S100YD3Z,ＡＳＴＩ株式会社,2026-03-31,2026-06-17,有価証券報告書－第63期(2025/04/01－2026/03/31)
E01430,5933,S100YCY5,アルインコ株式会社,2026-03-20,2026-06-17,有価証券報告書－第56期(2025/03/21－2026/03/20)
E04103,9042,S100YCBL,阪急阪神ホールディングス株式会社,2026-03-31,2026-06-17,有価証券報告書－第188期(2025/04/01－2026/03/31)
E02869,7552,S100YCH4,株式会社ハピネット,2026-03-31,2026-06-17,有価証券報告書－第58期(2025/04/01－2026/03/31)
E05466,3763,S100YD0F,株式会社プロシップ,2026-03-31,2026-06-17,有価証券報告書－第57期(2025/04/01－2026/03/31)
E05593,2488,S100YD1Z,ＪＴＰ株式会社,2026-03-31,2026-06-17,有価証券報告書－第39期(2025/04/01－2026/03/31)
E27016,4929,S100YCJ4,株式会社アジュバンホールディングス,2026-03-20,2026-06-17,有価証券報告書－第37期(2025/03/21－2026/03/20)
E03293,7554,S100YCYB,株式会社幸楽苑,2026-03-31,2026-06-17,有価証券報告書－第56期(2025/04/01－2026/03/31)
E01368,5952,S100YCUS,アマテイ株式会社,2026-03-31,2026-06-17,有価証券報告書－第85期(2025/04/01－2026/03/31)
E00774,4061,S100YCU0,デンカ株式会社,2026-03-31,2026-06-17,有価証券報告書－第167期(2025/04/01－2026/03/31)
E00467,250A,S100YCRS,シマダヤ株式会社,2026-03-31,2026-06-17,有価証券報告書－第71期(2025/04/01－2026/03/31)
E03611,8309,S100YBGM,三井住友トラストグループ株式会社,2026-03-31,2026-06-17,有価証券報告書－第15期(2025/04/01－2026/03/31)
E04357,9368,S100YCXZ,キムラユニティー株式会社,2026-03-31,2026-06-17,有価証券報告書－第55期(2025/04/01－2026/03/31)
E01084,5019,S100YCS3,出光興産株式会社,2026-03-31,2026-06-17,有価証券報告書－第111期(2025/04/01－2026/03/31)
E01730,6161,S100YCSO,株式会社エスティック,2026-03-20,2026-06-17,有価証券報告書－第33期(2025/03/21－2026/03/20)
E32967,9519,S100YD7F,株式会社レノバ,2026-03-31,2026-06-17,有価証券報告書－第27期(2025/04/01－2026/03/31)
E23820,8600,S100YAZU,トモニホールディングス株式会社,2026-03-31,2026-06-17,有価証券報告書－第16期(2025/04/01－2026/03/31)
E04775,8585,S100YCKH,株式会社オリエントコーポレーション,2026-03-31,2026-06-17,有価証券報告書－第66期(2025/04/01－2026/03/31)
E27281,3284,S100YB28,株式会社フージャースホールディングス,2026-03-31,2026-06-17,有価証券報告書－第13期(2025/04/01－2026/03/31)
E01469,6013,S100YB3J,株式会社タクマ,2026-03-31,2026-06-17,有価証券報告書－第122期(2025/04/01－2026/03/31)
E02423,7917,S100YAZH,ＺＡＣＲＯＳ株式会社,2026-03-31,2026-06-17,有価証券報告書－第96期(2025/04/01－2026/03/31)
E38645,5576,S100YC6U,株式会社オービーシステム,2026-03-31,2026-06-17,有価証券報告書－第54期(2025/04/01－2026/03/31)
E22509,7775,S100YCII,大研医器株式会社,2026-03-31,2026-06-17,有価証券報告書－第58期(2025/04/01－2026/03/31)
E24545,9413,S100YCRR,株式会社テレビ東京ホールディングス,2026-03-31,2026-06-17,有価証券報告書－第16期(2025/04/01－2026/03/31)
E02998,3036,S100YCV6,アルコニックス株式会社,2026-03-31,2026-06-17,有価証券報告書－第45期(2025/04/01－2026/03/31)
E01888,6988,S100YCAR,日東電工株式会社,2026-03-31,2026-06-17,有価証券報告書－第161期(2025/04/01－2026/03/31)
E02195,7241,S100YCHA,フタバ産業株式会社,2026-03-31,2026-06-17,有価証券報告書－第112期(2025/04/01－2026/03/31)
E02380,7313,S100YCXB,テイ・エス　テック株式会社,2026-03-31,2026-06-17,有価証券報告書－第80期(2025/04/01－2026/03/31)
E03602,8399,S100YCM2,株式会社琉球銀行,2026-03-31,2026-06-17,有価証券報告書－第110期(2025/04/01－2026/03/31)
E03971,8871,S100YCU8,株式会社ゴールドクレスト,2026-03-31,2026-06-17,有価証券報告書－第35期(2025/04/01－2026/03/31)
E02475,6460,S100YD3K,セガサミーホールディングス株式会社,2026-03-31,2026-06-17,有価証券報告書－第22期(2025/04/01－2026/03/31)
E03176,9828,S100YCXM,株式会社Ｇｅｎｋｉ　Ｇｌｏｂａｌ　Ｄｉｎｉｎｇ　Ｃｏｎｃｅｐｔｓ,2026-03-31,2026-06-17,有価証券報告書－第47期(2025/04/01－2026/03/31)
E01060,4973,S100YD8M,日本高純度化学株式会社,2026-03-31,2026-06-17,有価証券報告書－第55期(2025/04/01－2026/03/31)
E04147,9020,S100YC7N,東日本旅客鉄道株式会社,2026-03-31,2026-06-17,有価証券報告書－第39期(2025/04/01－2026/03/31)
E01152,5208,S100YCDM,株式会社有沢製作所,2026-03-31,2026-06-17,有価証券報告書－第78期(2025/04/01－2026/03/31)
E05691,2152,S100YD0S,幼児活動研究会株式会社,2026-03-31,2026-06-17,有価証券報告書－第54期(2025/04/01－2026/03/31)
E02394,7966,S100YBFC,リンテック株式会社,2026-03-31,2026-06-17,有価証券報告書－第132期(2025/04/01－2026/03/31)
E32069,2296,S100YCXD,伊藤ハム米久ホールディングス株式会社,2026-03-31,2026-06-17,有価証券報告書－第10期(2025/04/01－2026/03/31)
E04861,9682,S100YCT4,株式会社ＤＴＳ,2026-03-31,2026-06-17,有価証券報告書－第54期(2025/04/01－2026/03/31)
E04233,3232,S100YCX4,三重交通グループホールディングス株式会社,2026-03-31,2026-06-17,有価証券報告書－第20期(2025/04/01－2026/03/31)
E02408,7949,S100YAOG,小松ウオール工業株式会社,2026-03-31,2026-06-17,有価証券報告書－第59期(2025/04/01－2026/03/31)
E00852,4362,S100YCCG,日本精化株式会社,2026-03-31,2026-06-17,有価証券報告書－第158期(2025/04/01－2026/03/31)
E23924,8630,S100YC6Z,ＳＯＭＰＯホールディングス株式会社,2026-03-31,2026-06-17,有価証券報告書－第16期(2025/04/01－2026/03/31)
E00829,7871,S100YCP7,フクビ化学工業株式会社,2026-03-31,2026-06-17,有価証券報告書－第92期(2025/04/01－2026/03/31)
E03733,8737,S100YBUN,株式会社あかつき本社,2026-03-31,2026-06-17,有価証券報告書－第76期(2025/04/01－2026/03/31)
E01601,6472,S100Y8YZ,ＮＴＮ株式会社,2026-03-31,2026-06-17,有価証券報告書－第127期(2025/04/01－2026/03/31)
E02980,7837,S100YDAM,株式会社アールシーコア,2026-03-31,2026-06-17,有価証券報告書－第41期(2025/04/01－2026/03/31)
E00811,4114,S100YBP7,株式会社日本触媒,2026-03-31,2026-06-17,有価証券報告書－第114期(2025/04/01－2026/03/31)
E00919,4502,S100YB5L,武田薬品工業株式会社,2026-03-31,2026-06-17,有価証券報告書－第149期(2025/04/01－2026/03/31)
E01108,7282,S100YC23,豊田合成株式会社,2026-03-31,2026-06-17,有価証券報告書－第103期(2025/04/01－2026/03/31)
E03571,8358,S100YCW1,スルガ銀行株式会社,2026-03-31,2026-06-17,有価証券報告書－第215期(2025/04/01－2026/03/31)
E00015,1333,S100YCK1,Ｕｍｉｏｓ株式会社,2026-03-31,2026-06-17,有価証券報告書－第82期(2025/04/01－2026/03/31)
E01317,5938,S100YD5L,株式会社ＬＩＸＩＬ,2026-03-31,2026-06-17,有価証券報告書－第84期(2025/04/01－2026/03/31)
E01806,6516,S100YCEQ,山洋電気株式会社,2026-03-31,2026-06-17,有価証券報告書－第124期(2025/04/01－2026/03/31)
E01233,5632,S100YCQQ,三菱製鋼株式会社,2026-03-31,2026-06-17,有価証券報告書－第102期(2025/04/01－2026/03/31)
E05714,8729,S100YCL0,ソニーフィナンシャルグループ株式会社,2026-03-31,2026-06-17,有価証券報告書－第22期(2025/04/01－2026/03/31)
E33050,7940,S100YDAF,ウェーブロックホールディングス株式会社,2026-03-31,2026-06-17,有価証券報告書－第63期(2025/04/01－2026/03/31)
E00183,1979,S100YCPQ,株式会社大気社,2026-03-31,2026-06-17,有価証券報告書－第81期(2025/04/01－2026/03/31)
E00830,4216,S100YDDN,旭有機材株式会社,2026-03-31,2026-06-17,有価証券報告書－第105期(2025/04/01－2026/03/31)
E01019,4951,S100YD9M,エステー株式会社,2026-03-31,2026-06-17,有価証券報告書－第79期(2025/04/01－2026/03/31)
E00486,2815,S100YDGM,アリアケジャパン株式会社,2026-03-31,2026-06-17,有価証券報告書－第48期(2025/04/01－2026/03/31)
E02827,7466,S100YCR6,ＳＰＫ株式会社,2026-03-31,2026-06-18,有価証券報告書－第155期(2025/04/01－2026/03/31)
E00872,3401,S100YCMK,帝人株式会社,2026-03-31,2026-06-18,有価証券報告書－第160期(2025/04/01－2026/03/31)
E03652,8522,S100YCZ0,株式会社　名古屋銀行,2026-03-31,2026-06-18,有価証券報告書－第108期(2025/04/01－2026/03/31)
E01717,6834,S100YB9C,株式会社　精工技研,2026-03-31,2026-06-18,有価証券報告書－第54期(2025/04/01－2026/03/31)
E02246,7215,S100YEJ6,株式会社ファルテック,2026-03-31,2026-06-18,有価証券報告書－第22期(2025/04/01－2026/03/31)
E04427,4839,S100YDWH,株式会社ＷＯＷＯＷ,2026-03-31,2026-06-18,有価証券報告書－第42期(2025/04/01－2026/03/31)
E01231,5406,S100YCDA,株式会社　神戸製鋼所,2026-03-31,2026-06-18,有価証券報告書－第173期(2025/04/01－2026/03/31)
E32801,6539,S100YEG1,株式会社ＭＳ－Ｊａｐａｎ,2026-03-31,2026-06-18,有価証券報告書－第36期(2025/04/01－2026/03/31)
E01569,6366,S100YEDH,千代田化工建設株式会社,2026-03-31,2026-06-18,有価証券報告書－第98期(2025/04/01－2026/03/31)
E02247,7214,S100YE26,ＧＭＢ株式会社,2026-03-31,2026-06-18,有価証券報告書－第64期(2025/04/01－2026/03/31)
E02105,7213,S100YCPI,レシップホールディングス株式会社,2026-03-31,2026-06-18,有価証券報告書－第74期(2025/04/01－2026/03/31)
E05167,4828,S100YD7D,ビジネスエンジニアリング株式会社,2026-03-31,2026-06-18,有価証券報告書－第47期(2025/04/01－2026/03/31)
E02410,6413,S100YE4Y,理想科学工業株式会社,2026-03-31,2026-06-18,有価証券報告書－第72期(2025/04/01－2026/03/31)
E00410,409A,S100YE88,オリオンビール株式会社,2026-03-31,2026-06-18,有価証券報告書－第69期(2025/04/01－2026/03/31)
E04322,9353,S100YDSZ,櫻島埠頭株式会社,2026-03-31,2026-06-18,有価証券報告書－第84期(2025/04/01－2026/03/31)
E00985,4569,S100YDHG,杏林製薬株式会社,2026-03-31,2026-06-18,有価証券報告書－第68期(2025/04/01－2026/03/31)
E31336,3908,S100YEB9,株式会社コラボス,2026-03-31,2026-06-18,有価証券報告書－第25期(2025/04/01－2026/03/31)
E03519,3088,S100YD1I,株式会社マツキヨココカラ＆カンパニー,2026-03-31,2026-06-18,有価証券報告書－第19期(2025/04/01－2026/03/31)
E01968,6946,S100YDXW,日本アビオニクス株式会社,2026-03-31,2026-06-18,有価証券報告書－第76期(2025/04/01－2026/03/31)
E00120,1852,S100YD5O,株式会社淺沼組,2026-03-31,2026-06-18,有価証券報告書－第91期(2025/04/01－2026/03/31)
E05312,2335,S100YCVG,株式会社キューブシステム,2026-03-31,2026-06-18,有価証券報告書－第54期(2025/04/01－2026/03/31)
E00928,4512,S100YDBU,わかもと製薬株式会社,2026-03-31,2026-06-18,有価証券報告書－第131期(2025/04/01－2026/03/31)
E02782,9991,S100YD7I,ジェコス株式会社,2026-03-31,2026-06-18,有価証券報告書－第59期(2025/04/01－2026/03/31)
E26686,7161,S100YDEF,株式会社じもとホールディングス,2026-03-31,2026-06-18,有価証券報告書－第14期(2025/04/01－2026/03/31)
E03379,4337,S100YDQN,ぴあ株式会社,2026-03-31,2026-06-18,有価証券報告書－第53期(2025/04/01－2026/03/31)
E01777,6758,S100YE2C,ソニーグループ株式会社,2026-03-31,2026-06-18,有価証券報告書－第109期(2025/04/01－2026/03/31)
E05000,4689,S100YBXD,ＬＩＮＥヤフー株式会社,2026-03-31,2026-06-18,有価証券報告書－第31期(2025/04/01－2026/03/31)
E01765,6701,S100YBFV,日本電気株式会社,2026-03-31,2026-06-18,有価証券報告書－第188期(2025/04/01－2026/03/31)
E00970,4548,S100YDGT,生化学工業株式会社,2026-03-31,2026-06-18,有価証券報告書－第80期(2025/04/01－2026/03/31)
E01438,5988,S100YDNF,株式会社パイオラックス,2026-03-31,2026-06-18,有価証券報告書－第110期(2025/04/01－2026/03/31)
E02272,7733,S100YDN3,オリンパス株式会社,2026-03-31,2026-06-18,有価証券報告書－第158期(2025/04/01－2026/03/31)
E05694,3850,S100YBTF,株式会社エヌ・ティ・ティ・データ・イントラマート,2026-03-31,2026-06-18,有価証券報告書－第27期(2025/04/01－2026/03/31)
E01951,6652,S100YEDS,ＩＤＥＣ株式会社,2026-03-31,2026-06-18,有価証券報告書－第79期(2025/04/01－2026/03/31)
E05332,2359,S100YE3S,株式会社コア,2026-03-31,2026-06-18,有価証券報告書－第57期(2025/04/01－2026/03/31)
E01627,6382,S100YE9T,トリニティ工業株式会社,2026-03-31,2026-06-18,有価証券報告書－第92期(2025/04/01－2026/03/31)
E00949,4536,S100YDH1,参天製薬株式会社,2026-03-31,2026-06-18,有価証券報告書－第114期(2025/04/01－2026/03/31)
E37412,7384,S100YD0C,株式会社プロクレアホールディングス,2026-03-31,2026-06-18,有価証券報告書－第4期(2025/04/01－2026/03/31)
E04926,4665,S100YEAI,株式会社ダスキン,2026-03-31,2026-06-18,有価証券報告書－第64期(2025/04/01－2026/03/31)
E01657,6345,S100YBY2,株式会社アイチコーポレーション,2026-03-31,2026-06-18,有価証券報告書－第78期(2025/04/01－2026/03/31)
E01793,6770,S100YB8V,アルプスアルパイン株式会社,2026-03-31,2026-06-18,有価証券報告書－第93期(2025/04/01－2026/03/31)
E03622,8418,S100YE1V,株式会社山口フィナンシャルグループ,2026-03-31,2026-06-18,有価証券報告書－第20期(2025/04/01－2026/03/31)
E31748,6178,S100YE7T,日本郵政株式会社,2026-03-31,2026-06-18,有価証券報告書－第21期(2025/04/01－2026/03/31)
E02166,7267,S100YDD9,本田技研工業株式会社,2026-03-31,2026-06-18,有価証券報告書－第102期(2025/04/01－2026/03/31)
E31775,7182,S100Y9G1,株式会社ゆうちょ銀行,2026-03-31,2026-06-18,有価証券報告書－第20期(2025/04/01－2026/03/31)
E02833,7472,S100YC9S,株式会社鳥羽洋行,2026-03-31,2026-06-18,有価証券報告書－第77期(2025/04/01－2026/03/31)
E04988,4674,S100YDHC,株式会社クレスコ,2026-03-31,2026-06-18,有価証券報告書－第38期(2025/04/01－2026/03/31)
E31755,7181,S100YD29,株式会社かんぽ生命保険,2026-03-31,2026-06-18,有価証券報告書－第20期(2025/04/01－2026/03/31)
E01878,6841,S100YE3H,横河電機株式会社,2026-03-31,2026-06-18,有価証券報告書－第150期(2025/04/01－2026/03/31)
E02894,7600,S100YCSL,株式会社　日本エム・ディ・エム,2026-03-31,2026-06-18,有価証券報告書－第54期(2025/04/01－2026/03/31)
E00650,3878,S100YDU9,株式会社巴川コーポレーション,2026-03-31,2026-06-18,有価証券報告書－第167期(2025/04/01－2026/03/31)
E34699,7059,S100YDFZ,株式会社コプロ・ホールディングス,2026-03-31,2026-06-18,有価証券報告書－第20期(2025/04/01－2026/03/31)
E03472,3020,S100YDKO,アプライド株式会社,2026-03-31,2026-06-18,有価証券報告書－第44期(2025/04/01－2026/03/31)
E03202,9950,S100YDJ0,株式会社ハチバン,2026-03-20,2026-06-18,有価証券報告書－第56期(2025/03/21－2026/03/20)
E00961,4549,S100YD7R,栄研化学株式会社,2026-03-31,2026-06-18,有価証券報告書－第88期(2025/04/01－2026/03/31)
E03555,8336,S100YDFO,株式会社武蔵野銀行,2026-03-31,2026-06-18,有価証券報告書－第103期(2025/04/01－2026/03/31)
E00473,2903,S100YE21,シノブフーズ株式会社,2026-03-31,2026-06-18,有価証券報告書－第56期(2025/04/01－2026/03/31)
E00572,3513,S100YE5G,イチカワ株式会社,2026-03-31,2026-06-18,有価証券報告書－第102期(2025/04/01－2026/03/31)
E02729,9889,S100YE6B,ＪＢＣＣホールディングス株式会社,2026-03-31,2026-06-18,有価証券報告書－第62期(2025/04/01－2026/03/31)
E03447,3352,S100YDDM,株式会社バッファロー,2026-03-31,2026-06-18,有価証券報告書－第44期(2025/04/01－2026/03/31)
E01518,6208,S100YDE9,株式会社石川製作所,2026-03-31,2026-06-18,有価証券報告書－第125期(2025/04/01－2026/03/31)
E00900,4619,S100YDP5,日本特殊塗料株式会社,2026-03-31,2026-06-18,有価証券報告書－第120期(2025/04/01－2026/03/31)
E00994,3553,S100YDOG,共和レザー株式会社,2026-03-31,2026-06-18,有価証券報告書－第128期(2025/04/01－2026/03/31)
E01330,5741,S100YCV0,株式会社ＵＡＣＪ,2026-03-31,2026-06-18,有価証券報告書－第13期(2025/04/01－2026/03/31)
E04110,9031,S100YAAB,西日本鉄道株式会社,2026-03-31,2026-06-18,有価証券報告書－第186期(2025/04/01－2026/03/31)
E01599,6463,S100YDSL,ＴＰＲ株式会社,2026-03-31,2026-06-18,有価証券報告書－第93期(2025/04/01－2026/03/31)
E02534,8018,S100YBCW,三共生興株式会社,2026-03-31,2026-06-18,有価証券報告書－第89期(2025/04/01－2026/03/31)
E00805,4109,S100YDCE,ステラケミファ株式会社,2026-03-31,2026-06-18,有価証券報告書－第83期(2025/04/01－2026/03/31)
E00097,1813,S100YDLY,株式会社不動テトラ,2026-03-31,2026-06-18,有価証券報告書－第80期(2025/04/01－2026/03/31)
E01336,5805,S100YE42,ＳＷＣＣ株式会社,2026-03-31,2026-06-18,有価証券報告書－第130期(2025/04/01－2026/03/31)
E00227,1952,S100YDMT,新日本空調株式会社,2026-03-31,2026-06-18,有価証券報告書－第57期(2025/04/01－2026/03/31)
E03552,8338,S100YDJN,株式会社筑波銀行,2026-03-31,2026-06-18,有価証券報告書－第102期(2025/04/01－2026/03/31)
E32825,3969,S100YE46,株式会社エイトレッド,2026-03-31,2026-06-18,有価証券報告書－第19期(2025/04/01－2026/03/31)
E00149,1969,S100YDOU,高砂熱学工業株式会社,2026-03-31,2026-06-18,有価証券報告書－第146期(2025/04/01－2026/03/31)
E01002,4208,S100YD42,ＵＢＥ株式会社,2026-03-31,2026-06-18,有価証券報告書－第120期(2025/04/01－2026/03/31)
E02876,3420,S100YDJU,株式会社ケー・エフ・シー,2026-03-31,2026-06-18,有価証券報告書－第62期(2025/04/01－2026/03/31)
E05504,9428,S100YDQV,株式会社クロップス,2026-03-31,2026-06-18,有価証券報告書－第49期(2025/04/01－2026/03/31)
E04288,9308,S100YD46,乾汽船株式会社,2026-03-31,2026-06-18,有価証券報告書－第106期(2025/04/01－2026/03/31)
E01318,5702,S100YCJD,株式会社大紀アルミニウム工業所,2026-03-31,2026-06-18,有価証券報告書－第99期(2025/04/01－2026/03/31)
E36756,7130,S100YE2O,ヤマエグループホールディングス株式会社,2026-03-31,2026-06-18,有価証券報告書－第5期(2025/04/01－2026/03/31)
E03549,8344,S100YE2M,株式会社山形銀行,2026-03-31,2026-06-18,有価証券報告書－第214期(2025/04/01－2026/03/31)
E00285,1762,S100YDDS,株式会社髙松コンストラクショングループ,2026-03-31,2026-06-18,有価証券報告書－第61期(2025/04/01－2026/03/31)
E02505,8015,S100YD8J,豊田通商株式会社,2026-03-31,2026-06-18,有価証券報告書－第105期(2025/04/01－2026/03/31)
E31905,7183,S100YCZS,あんしん保証株式会社,2026-03-31,2026-06-18,有価証券報告書－第24期(2025/04/01－2026/03/31)
E26290,3173,S100YCYQ,株式会社Ｃｏｍｉｎｉｘ,2026-03-31,2026-06-18,有価証券報告書－第77期(2025/04/01－2026/03/31)
E00251,1798,S100YDA3,株式会社守谷商会,2026-03-31,2026-06-18,有価証券報告書－第72期(2025/04/01－2026/03/31)
E38443,7120,S100YE1C,株式会社ＳＨＩＮＫＯ,2026-03-31,2026-06-18,有価証券報告書－第12期(2025/04/01－2026/03/31)
E01464,3437,S100YD8G,特殊電極株式会社,2026-03-31,2026-06-18,有価証券報告書－第79期(2025/04/01－2026/03/31)
E05153,2130,S100YDZP,株式会社メンバーズ,2026-03-31,2026-06-18,有価証券報告書－第31期(2025/04/01－2026/03/31)
E02738,9816,S100YDYC,株式会社　ストライダーズ,2026-03-31,2026-06-18,有価証券報告書－第62期(2025/04/01－2026/03/31)
E36134,7366,S100YDDX,株式会社ＬＩＴＡＬＩＣＯ,2026-03-31,2026-06-18,有価証券報告書－第6期(2025/04/01－2026/03/31)
E03596,8392,S100YDA0,株式会社大分銀行,2026-03-31,2026-06-18,有価証券報告書－第220期(2025/04/01－2026/03/31)
E00389,2226,S100YDGW,株式会社湖池屋,2026-03-31,2026-06-18,有価証券報告書－第50期(2025/04/01－2026/03/31)
E03590,8387,S100YD3N,株式会社四国銀行,2026-03-31,2026-06-18,有価証券報告書－第212期(2025/04/01－2026/03/31)
E01532,6301,S100YD25,株式会社小松製作所,2026-03-31,2026-06-18,有価証券報告書－第157期(2025/04/01－2026/03/31)
E03762,8622,S100YDIT,水戸証券株式会社,2026-03-31,2026-06-18,有価証券報告書－第81期(2025/04/01－2026/03/31)
E30438,4246,S100YCYY,ダイキョーニシカワ株式会社,2026-03-31,2026-06-18,有価証券報告書－第19期(2025/04/01－2026/03/31)
E33603,4249,S100YE00,森六株式会社,2026-03-31,2026-06-18,有価証券報告書－第111期(2025/04/01－2026/03/31)
E30085,3682,S100YD54,エンカレッジ・テクノロジ株式会社,2026-03-31,2026-06-18,有価証券報告書－第24期(2025/04/01－2026/03/31)
E04105,9045,S100YCVR,京阪ホールディングス株式会社,2026-03-31,2026-06-18,有価証券報告書－第104期(2025/04/01－2026/03/31)
E00117,1847,S100YD9X,株式会社イチケン,2026-03-31,2026-06-18,有価証券報告書－第100期(2025/04/01－2026/03/31)
E05048,4733,S100YD49,株式会社オービックビジネスコンサルタント,2026-03-31,2026-06-18,有価証券報告書－第47期(2025/04/01－2026/03/31)
E00728,9478,S100YD1K,ＳＥホールディングス・アンド・インキュベーションズ株式会社,2026-03-31,2026-06-18,有価証券報告書－第41期(2025/04/01－2026/03/31)
E03637,8562,S100YCO6,株式会社　福島銀行,2026-03-31,2026-06-18,有価証券報告書－第160期(2025/04/01－2026/03/31)
E01721,6402,S100YD22,兼松エンジニアリング株式会社,2026-03-31,2026-06-18,有価証券報告書－第55期(2025/04/01－2026/03/31)
E02765,9955,S100YDUS,株式会社ヨンキュウ,2026-03-31,2026-06-18,有価証券報告書－第52期(2025/04/01－2026/03/31)
E02997,3024,S100YD0K,クリエイト株式会社,2026-03-31,2026-06-18,有価証券報告書－第78期(2025/04/01－2026/03/31)
E00542,3110,S100YDBM,日東紡績株式会社,2026-03-31,2026-06-18,有価証券報告書－第165期(2025/04/01－2026/03/31)
E33693,7322,S100YD2K,株式会社三十三フィナンシャルグループ,2026-03-31,2026-06-18,有価証券報告書－第8期(2025/04/01－2026/03/31)
E00775,4062,S100YC4B,イビデン株式会社,2026-03-31,2026-06-18,有価証券報告書－第173期(2025/04/01－2026/03/31)
E04125,9052,S100YD7X,山陽電気鉄道株式会社,2026-03-31,2026-06-18,有価証券報告書－第137期(2025/04/01－2026/03/31)
E04857,9686,S100YCTH,東洋テック株式会社,2026-03-31,2026-06-18,有価証券報告書－第62期(2025/04/01－2026/03/31)
E02841,7486,S100YDT8,サンリン株式会社,2026-03-31,2026-06-18,有価証券報告書－第92期(2025/04/01－2026/03/31)
E05561,3800,S100YDKQ,株式会社ユニリタ,2026-03-31,2026-06-18,有価証券報告書－第44期(2025/04/01－2026/03/31)
E03543,8345,S100YD6A,株式会社岩手銀行,2026-03-31,2026-06-18,有価証券報告書－第144期(2025/04/01－2026/03/31)
E02021,6894,S100YDWK,パルステック工業株式会社,2026-03-31,2026-06-18,有価証券報告書－第57期(2025/04/01－2026/03/31)
E02671,8150,S100YCKF,三信電気株式会社,2026-03-31,2026-06-18,有価証券報告書－第75期(2025/04/01－2026/03/31)
E04473,9424,S100YBU3,日本通信株式会社,2026-03-31,2026-06-18,有価証券報告書－第30期(2025/04/01－2026/03/31)
E02749,9908,S100YDG7,日本電計株式会社,2026-03-31,2026-06-18,有価証券報告書－第81期(2025/04/01－2026/03/31)
E03640,8558,S100YCZF,株式会社東和銀行,2026-03-31,2026-06-18,有価証券報告書－第121期(2025/04/01－2026/03/31)
E05560,2475,S100YDOC,ＷＤＢホールディングス株式会社,2026-03-31,2026-06-18,有価証券報告書－第41期(2025/04/01－2026/03/31)
E00717,9474,S100YD65,株式会社ゼンリン,2026-03-31,2026-06-18,有価証券報告書－第66期(2025/04/01－2026/03/31)
E05677,3842,S100YD0G,株式会社ネクストジェン,2026-03-31,2026-06-18,有価証券報告書－第25期(2025/04/01－2026/03/31)
E02194,5949,S100YCON,ユニプレス株式会社,2026-03-31,2026-06-18,有価証券報告書－第87期(2025/04/01－2026/03/31)
E02753,9914,S100YDBK,株式会社　植松商会,2026-03-20,2026-06-18,有価証券報告書－第72期(2025/03/21－2026/03/20)
E01645,6490,S100YD79,株式会社ＰＩＬＬＡＲ,2026-03-31,2026-06-18,有価証券報告書－第78期(2025/04/01－2026/03/31)
E04237,9107,S100YC6B,川崎汽船株式会社,2026-03-31,2026-06-18,有価証券報告書－第158期(2025/04/01－2026/03/31)
E30982,7175,S100YCMX,今村証券株式会社,2026-03-31,2026-06-18,有価証券報告書－第87期(2025/04/01－2026/03/31)
E30047,3679,S100YERG,株式会社じげん,2026-03-31,2026-06-19,有価証券報告書－第20期(2025/04/01－2026/03/31)
E02248,7208,S100YE6U,株式会社カネミツ,2026-03-31,2026-06-19,有価証券報告書－第43期(2025/04/01－2026/03/31)
E05417,2411,S100YEOU,ゲンダイエージェンシー株式会社,2026-03-31,2026-06-19,有価証券報告書－第31期(2025/04/01－2026/03/31)
E05219,4301,S100YBX4,株式会社アミューズ,2026-03-31,2026-06-19,有価証券報告書－第48期(2025/04/01－2026/03/31)
E01739,6503,S100YD3V,三菱電機株式会社,2026-03-31,2026-06-19,有価証券報告書－第155期(2025/04/01－2026/03/31)
E04946,8566,S100YF3N,リコーリース株式会社,2026-03-31,2026-06-19,有価証券報告書－第50期(2025/04/01－2026/03/31)
E03160,9878,S100YFRE,株式会社　セキド,2026-03-20,2026-06-19,有価証券報告書－第64期(2025/03/21－2026/03/20)
E04837,9715,S100YENI,トランス・コスモス株式会社,2026-03-31,2026-06-19,有価証券報告書－第41期(2025/04/01－2026/03/31)
E35136,4691,S100YF5I,ワシントンホテル株式会社,2026-03-31,2026-06-19,有価証券報告書－第65期(2025/04/01－2026/03/31)
E32447,7189,S100YEOV,株式会社西日本フィナンシャルホールディングス,2026-03-31,2026-06-19,有価証券報告書－第10期(2025/04/01－2026/03/31)
E00385,2220,S100YEEA,亀田製菓株式会社,2026-03-31,2026-06-19,有価証券報告書－第69期(2025/04/01－2026/03/31)
E33625,7198,S100YFMO,ＳＢＩアルヒ株式会社,2026-03-31,2026-06-19,有価証券報告書－第12期(2025/04/01－2026/03/31)
E02231,7266,S100YER6,株式会社今仙電機製作所,2026-03-31,2026-06-19,有価証券報告書－第89期(2025/04/01－2026/03/31)
E01264,5411,S100YCUD,ＪＦＥホールディングス株式会社,2026-03-31,2026-06-19,有価証券報告書－第24期(2025/04/01－2026/03/31)
E00858,7942,S100YEL0,株式会社ジェイエスピー,2026-03-31,2026-06-19,有価証券報告書－第68期(2025/04/01－2026/03/31)
E01218,5381,S100YFK2,マイポックス株式会社,2026-03-31,2026-06-19,有価証券報告書－第96期(2025/04/01－2026/03/31)
E02458,4816,S100YEQC,東映アニメーション株式会社,2026-03-31,2026-06-19,有価証券報告書－第88期(2025/04/01－2026/03/31)
E40213,287A,S100YFL2,黒田グループ株式会社,2026-03-31,2026-06-19,有価証券報告書－第9期(2025/04/01－2026/03/31)
E02069,6737,S100YEV1,ＥＩＺＯ株式会社,2026-03-31,2026-06-19,有価証券報告書－第59期(2025/04/01－2026/03/31)
E05310,2332,S100YAQJ,株式会社クエスト,2026-03-31,2026-06-19,有価証券報告書－第62期(2025/04/01－2026/03/31)
E03434,3326,S100YFHT,株式会社ランシステム,2026-03-31,2026-06-19,有価証券報告書－第38期(2025/04/01－2026/03/31)
E03624,8354,S100YFNB,株式会社ふくおかフィナンシャルグループ,2026-03-31,2026-06-19,有価証券報告書－第19期(2025/04/01－2026/03/31)
E02805,7442,S100YFRP,中山福株式会社,2026-03-31,2026-06-19,有価証券報告書－第80期(2025/04/01－2026/03/31)
E01828,6807,S100YF73,日本航空電子工業株式会社,2026-03-31,2026-06-19,有価証券報告書－第96期(2025/04/01－2026/03/31)
E25169,6249,S100YFK9,株式会社ゲームカードホールディングス,2026-03-31,2026-06-19,有価証券報告書－第15期(2025/04/01－2026/03/31)
E34486,1450,S100YEWF,ＴＡＮＡＫＥＮ株式会社,2026-03-31,2026-06-19,有価証券報告書－第45期(2025/04/01－2026/03/31)
E02563,8103,S100YF48,明和産業株式会社,2026-03-31,2026-06-19,有価証券報告書－第107期(2025/04/01－2026/03/31)
E05617,2121,S100YE1D,株式会社ＭＩＸＩ,2026-03-31,2026-06-19,有価証券報告書－第27期(2025/04/01－2026/03/31)
E33034,6544,S100YEZ8,ジャパンエレベーターサービスホールディングス株式会社,2026-03-31,2026-06-19,有価証券報告書－第32期(2025/04/01－2026/03/31)
E02752,9913,S100YFGN,日邦産業株式会社,2026-03-31,2026-06-19,有価証券報告書－第75期(2025/04/01－2026/03/31)
E00380,2208,S100YEFS,株式会社ブルボン,2026-03-31,2026-06-19,有価証券報告書－第150期(2025/04/01－2026/03/31)
E27572,3184,S100YCVD,ＩＣＤＡホールディングス株式会社,2026-03-31,2026-06-19,有価証券報告書－第17期(2025/04/01－2026/03/31)
E01182,6971,S100YF47,京セラ株式会社,2026-03-31,2026-06-19,有価証券報告書－第72期(2025/04/01－2026/03/31)
E32763,7191,S100YECQ,株式会社イントラスト,2026-03-31,2026-06-19,有価証券報告書－第21期(2025/04/01－2026/03/31)
E30140,6089,S100YFJF,株式会社ウィルグループ,2026-03-31,2026-06-19,有価証券報告書－第20期(2025/04/01－2026/03/31)
E00885,4461,S100YCSC,第一工業製薬株式会社,2026-03-31,2026-06-19,有価証券報告書－第162期(2025/04/01－2026/03/31)
E31594,6167,S100YEI1,冨士ダイス株式会社,2026-03-31,2026-06-19,有価証券報告書－第70期(2025/04/01－2026/03/31)
E02693,8275,S100YEZW,株式会社フォーバル,2026-03-31,2026-06-19,有価証券報告書－第46期(2025/04/01－2026/03/31)
E05426,8425,S100YESP,みずほリース株式会社,2026-03-31,2026-06-19,有価証券報告書－第57期(2025/04/01－2026/03/31)
E32198,9466,S100YEVM,株式会社アイドママーケティングコミュニケーション,2026-03-31,2026-06-19,有価証券報告書－第47期(2025/04/01－2026/03/31)
E37141,2993,S100YCXS,株式会社長栄,2026-03-31,2026-06-19,有価証券報告書－第38期(2025/04/01－2026/03/31)
E01496,6135,S100YEQK,株式会社　牧野フライス製作所,2026-03-31,2026-06-19,有価証券報告書－第87期(2025/04/01－2026/03/31)
E03040,8252,S100YEI3,株式会社　丸井グループ,2026-03-31,2026-06-19,有価証券報告書－第90期(2025/04/01－2026/03/31)
E01575,1963,S100YEFQ,日揮ホールディングス株式会社,2026-03-31,2026-06-19,有価証券報告書－第130期(2025/04/01－2026/03/31)
E07801,6098,S100YDHL,株式会社リクルートホールディングス,2026-03-31,2026-06-19,有価証券報告書－第66期(2025/04/01－2026/03/31)
E05701,2156,S100YEAK,セーラー広告株式会社,2026-03-31,2026-06-19,有価証券報告書－第75期(2025/04/01－2026/03/31)
E05657,2136,S100YEJ2,株式会社ヒップ,2026-03-31,2026-06-19,有価証券報告書－第31期(2025/04/01－2026/03/31)
E25303,2229,S100YEHI,カルビー株式会社,2026-03-31,2026-06-19,有価証券報告書－第77期(2025/04/01－2026/03/31)
E02270,7727,S100YDYH,株式会社オーバル,2026-03-31,2026-06-19,有価証券報告書－第104期(2025/04/01－2026/03/31)
E01063,4925,S100YA2L,株式会社ハーバー研究所,2026-03-31,2026-06-19,有価証券報告書－第43期(2025/04/01－2026/03/31)
E23187,8713,S100YEQ9,フィデアホールディングス株式会社,2026-03-31,2026-06-19,有価証券報告書－第17期(2025/04/01－2026/03/31)
E03943,8848,S100YEPX,株式会社レオパレス２１,2026-03-31,2026-06-19,有価証券報告書－第53期(2025/04/01－2026/03/31)
E03231,7412,S100YDI1,株式会社アトム,2026-03-31,2026-06-19,有価証券報告書－第55期(2025/04/01－2026/03/31)
E01232,5631,S100Y7BQ,株式会社日本製鋼所,2026-03-31,2026-06-19,有価証券報告書－第100期(2025/04/01－2026/03/31)
E01685,6287,S100YE10,株式会社サトー,2026-03-31,2026-06-19,有価証券報告書－第76期(2025/04/01－2026/03/31)
E30917,6240,S100YD4Z,ヤマシンフィルタ株式会社,2026-03-31,2026-06-19,有価証券報告書－第71期(2025/04/01－2026/03/31)
E05659,3835,S100YEPQ,ｅＢＡＳＥ株式会社,2026-03-31,2026-06-19,有価証券報告書－第25期(2025/04/01－2026/03/31)
E00176,1898,S100YEPV,世紀東急工業株式会社,2026-03-31,2026-06-19,有価証券報告書－第77期(2025/04/01－2026/03/31)
E00181,1939,S100YCY4,株式会社四電工,2026-03-31,2026-06-19,有価証券報告書－第75期(2025/04/01－2026/03/31)
E36751,9247,S100YFHS,ＴＲＥホールディングス株式会社,2026-03-31,2026-06-19,有価証券報告書－第5期(2025/04/01－2026/03/31)
E00041,1662,S100YERU,石油資源開発株式会社,2026-03-31,2026-06-19,有価証券報告書－第56期(2025/04/01－2026/03/31)
E01740,6504,S100YEEB,富士電機株式会社,2026-03-31,2026-06-19,有価証券報告書－第150期(2025/04/01－2026/03/31)
E37157,4125,S100YEHE,三和油化工業株式会社,2026-03-31,2026-06-19,有価証券報告書－第57期(2025/04/01－2026/03/31)
E01207,5384,S100YE62,株式会社フジミインコーポレーテッド,2026-03-31,2026-06-19,有価証券報告書－第74期(2025/04/01－2026/03/31)
E00695,7914,S100YF86,共同印刷株式会社,2026-03-31,2026-06-19,有価証券報告書－第146期(2025/04/01－2026/03/31)
E22460,3635,S100YEES,株式会社コーエーテクモホールディングス,2026-03-31,2026-06-19,有価証券報告書－第17期(2025/04/01－2026/03/31)
E03614,8316,S100YERK,株式会社三井住友フィナンシャルグループ,2026-03-31,2026-06-19,有価証券報告書－第24期(2025/04/01－2026/03/31)
E01798,6848,S100YFF9,東亜ディーケーケー株式会社,2026-03-31,2026-06-19,有価証券報告書－第82期(2025/04/01－2026/03/31)
E35791,4886,S100YEAY,あすか製薬ホールディングス株式会社,2026-03-31,2026-06-19,有価証券報告書－第5期(2025/04/01－2026/03/31)
E00086,1893,S100YF3Y,五洋建設株式会社,2026-03-31,2026-06-19,有価証券報告書－第76期(2025/04/01－2026/03/31)
E32679,9142,S100Y6HR,九州旅客鉄道株式会社,2026-03-31,2026-06-19,有価証券報告書－第39期(2025/04/01－2026/03/31)
E03380,2705,S100YF7Y,株式会社大戸屋ホールディングス,2026-03-31,2026-06-19,有価証券報告書－第43期(2025/04/01－2026/03/31)
E04218,9039,S100YFJQ,株式会社サカイ引越センター,2026-03-31,2026-06-19,有価証券報告書－第49期(2025/04/01－2026/03/31)
E01953,6963,S100YF41,ローム株式会社,2026-03-31,2026-06-19,有価証券報告書－第68期(2025/04/01－2026/03/31)
E05697,2175,S100YF7X,株式会社エス・エム・エス,2026-03-31,2026-06-19,有価証券報告書－第23期(2025/04/01－2026/03/31)
E31574,3137,S100YEF7,株式会社ファンデリー,2026-03-31,2026-06-19,有価証券報告書－第26期(2025/04/01－2026/03/31)
E01602,6473,S100YEL3,株式会社ジェイテクト,2026-03-31,2026-06-19,有価証券報告書－第126期(2025/04/01－2026/03/31)
E04290,9324,S100YEO5,安田倉庫株式会社,2026-03-31,2026-06-19,有価証券報告書－第158期(2025/04/01－2026/03/31)
E02561,8076,S100YAX9,株式会社カノークス,2026-03-31,2026-06-19,有価証券報告書－第98期(2025/04/01－2026/03/31)
E04521,9535,S100YEHM,広島ガス株式会社,2026-03-31,2026-06-19,有価証券報告書－第172期(2025/04/01－2026/03/31)
E36730,7350,S100YFFH,株式会社おきなわフィナンシャルグループ,2026-03-31,2026-06-19,有価証券報告書－第5期(2025/04/01－2026/03/31)
E00316,1720,S100YFDZ,東急建設株式会社,2026-03-31,2026-06-19,有価証券報告書－第23期(2025/04/01－2026/03/31)
E00080,1885,S100YCGY,東亜建設工業株式会社,2026-03-31,2026-06-19,有価証券報告書－第136期(2025/04/01－2026/03/31)
E05221,4310,S100YD1A,株式会社ドリームインキュベータ,2026-03-31,2026-06-19,有価証券報告書－第26期(2025/04/01－2026/03/31)
E00952,4526,S100YFDJ,理研ビタミン株式会社,2026-03-31,2026-06-19,有価証券報告書－第90期(2025/04/01－2026/03/31)
E05232,4318,S100YF5Z,株式会社クイック,2026-03-31,2026-06-19,有価証券報告書－第46期(2025/04/01－2026/03/31)
E00942,4527,S100YE5N,ロート製薬株式会社,2026-03-31,2026-06-19,有価証券報告書－第90期(2025/04/01－2026/03/31)
E02535,8065,S100YFE8,佐藤商事株式会社,2026-03-31,2026-06-19,有価証券報告書－第103期(2025/04/01－2026/03/31)
E02412,7947,S100YDYF,株式会社エフピコ,2026-03-31,2026-06-19,有価証券報告書－第64期(2025/04/01－2026/03/31)
E04539,9708,S100YF3V,株式会社帝国ホテル,2026-03-31,2026-06-19,有価証券報告書－第185期(2025/04/01－2026/03/31)
E00435,2801,S100YE5V,キッコーマン株式会社,2026-03-31,2026-06-19,有価証券報告書－第109期(2025/04/01－2026/03/31)
E00836,4272,S100YD4R,日本化薬株式会社,2026-03-31,2026-06-19,有価証券報告書－第169期(2025/04/01－2026/03/31)
E00768,4043,S100YDQ3,株式会社トクヤマ,2026-03-31,2026-06-19,有価証券報告書－第162期(2025/04/01－2026/03/31)
E01554,6381,S100YF9W,アネスト岩田株式会社,2026-03-31,2026-06-19,有価証券報告書－第80期(2025/04/01－2026/03/31)
E02728,9888,S100YDU2,株式会社ＵＥＸ,2026-03-31,2026-06-19,有価証券報告書－第72期(2025/04/01－2026/03/31)
E04426,9434,S100YE76,ソフトバンク株式会社,2026-03-31,2026-06-19,有価証券報告書－第40期(2025/04/01－2026/03/31)
E01708,6315,S100YERT,ＴＯＷＡ株式会社,2026-03-31,2026-06-19,有価証券報告書－第48期(2025/04/01－2026/03/31)
E03134,8230,S100YDVL,株式会社はせがわ,2026-03-31,2026-06-19,有価証券報告書－第60期(2025/04/01－2026/03/31)
E02947,2733,S100YEVF,株式会社あらた,2026-03-31,2026-06-19,有価証券報告書－第24期(2025/04/01－2026/03/31)
E38714,5844,S100YEHZ,株式会社京都フィナンシャルグループ,2026-03-31,2026-06-19,有価証券報告書－第3期(2025/04/01－2026/03/31)
E05135,4792,S100YF7Q,山田コンサルティンググループ株式会社,2026-03-31,2026-06-19,有価証券報告書－第37期(2025/04/01－2026/03/31)
E03556,8331,S100YDSE,株式会社千葉銀行,2026-03-31,2026-06-19,有価証券報告書－第120期(2025/04/01－2026/03/31)
E00984,4568,S100YEY0,第一三共株式会社,2026-03-31,2026-06-19,有価証券報告書－第21期(2025/04/01－2026/03/31)
E02691,8283,S100YDG4,株式会社ＰＡＬＴＡＣ,2026-03-31,2026-06-19,有価証券報告書－第98期(2025/04/01－2026/03/31)
E00157,8157,S100YE5P,都築電気株式会社,2026-03-31,2026-06-19,有価証券報告書－第86期(2025/04/01－2026/03/31)
E01541,6339,S100YE4V,新東工業株式会社,2026-03-31,2026-06-19,有価証券報告書－第129期(2025/04/01－2026/03/31)
E00356,2109,S100YCZI,ＤＭ三井製糖株式会社,2026-03-31,2026-06-19,有価証券報告書－第102期(2025/04/01－2026/03/31)
E03615,8411,S100YF8Y,株式会社みずほフィナンシャルグループ,2026-03-31,2026-06-19,有価証券報告書－第24期(2025/04/01－2026/03/31)
E05346,8439,S100YDRI,東京センチュリー株式会社,2026-03-31,2026-06-19,有価証券報告書－第57期(2025/04/01－2026/03/31)
E01750,6622,S100YEET,株式会社ダイヘン,2026-03-31,2026-06-19,有価証券報告書－第162期(2025/04/01－2026/03/31)
E02127,7012,S100Y99Z,川崎重工業株式会社,2026-03-31,2026-06-19,有価証券報告書－第203期(2025/04/01－2026/03/31)
E03663,8541,S100YENS,株式会社　愛媛銀行,2026-03-31,2026-06-19,有価証券報告書－第122期(2025/04/01－2026/03/31)
E00652,7919,S100YEXP,野崎印刷紙業株式会社,2026-03-31,2026-06-19,有価証券報告書－第86期(2025/04/01－2026/03/31)
E05524,2464,S100YE51,株式会社ＡｏｂａーＢＢＴ,2026-03-31,2026-06-19,有価証券報告書－第28期(2025/04/01－2026/03/31)
E00677,3943,S100YE9U,大石産業株式会社,2026-03-31,2026-06-19,有価証券報告書－第80期(2025/04/01－2026/03/31)
E03051,8174,S100YEGP,日本瓦斯株式会社,2026-03-31,2026-06-19,有価証券報告書－第72期(2025/04/01－2026/03/31)
E05485,3371,S100YF8C,株式会社ソフトクリエイトホールディングス,2026-03-31,2026-06-19,有価証券報告書－第59期(2025/04/01－2026/03/31)
E00060,1820,S100YEDU,西松建設株式会社,2026-03-31,2026-06-19,有価証券報告書－第89期(2025/04/01－2026/03/31)
E04777,9763,S100YEAG,丸建リース株式会社,2026-03-31,2026-06-19,有価証券報告書－第58期(2025/04/01－2026/03/31)
E02812,3153,S100YE8H,八洲電機株式会社,2026-03-31,2026-06-19,有価証券報告書－第82期(2025/04/01－2026/03/31)
E03568,8361,S100YELN,株式会社　大垣共立銀行,2026-03-31,2026-06-19,有価証券報告書－第214期(2025/04/01－2026/03/31)
E02373,7981,S100YE7H,タカラスタンダード株式会社,2026-03-31,2026-06-19,有価証券報告書－第152期(2025/04/01－2026/03/31)
E04291,9305,S100YEYD,株式会社ヤマタネ,2026-03-31,2026-06-19,有価証券報告書－第127期(2025/04/01－2026/03/31)
E01782,6763,S100YDZX,帝国通信工業株式会社,2026-03-31,2026-06-19,有価証券報告書－第104期(2025/04/01－2026/03/31)
E02129,7014,S100YEFT,株式会社名村造船所,2026-03-31,2026-06-19,有価証券報告書－第127期(2025/04/01－2026/03/31)
E00083,1833,S100Y95Z,株式会社奥村組,2026-03-31,2026-06-19,有価証券報告書－第89期(2025/04/01－2026/03/31)
E01056,4368,S100YEIS,扶桑化学工業株式会社,2026-03-31,2026-06-19,有価証券報告書－第69期(2025/04/01－2026/03/31)
E01161,1871,S100YEO8,ピーエス・コンストラクション株式会社,2026-03-31,2026-06-19,有価証券報告書－第78期(2025/04/01－2026/03/31)
E37781,7389,S100YE5H,株式会社あいちフィナンシャルグループ,2026-03-31,2026-06-19,有価証券報告書－第4期(2025/04/01－2026/03/31)
E03530,8303,S100YDBB,株式会社ＳＢＩ新生銀行,2026-03-31,2026-06-19,有価証券報告書－第26期(2025/04/01－2026/03/31)
E00720,7875,S100YEOH,竹田ｉＰホールディングス株式会社,2026-03-31,2026-06-19,有価証券報告書－第88期(2025/04/01－2026/03/31)
E02289,7729,S100YEOP,株式会社東京精密,2026-03-31,2026-06-19,有価証券報告書－第103期(2025/04/01－2026/03/31)
E04304,9319,S100YF4M,株式会社中央倉庫,2026-03-31,2026-06-19,有価証券報告書－第146期(2025/04/01－2026/03/31)
E00923,4507,S100YF57,塩野義製薬株式会社,2026-03-31,2026-06-19,有価証券報告書－第161期(2025/04/01－2026/03/31)
E02542,3004,S100YANZ,神栄株式会社,2026-03-31,2026-06-19,有価証券報告書－第158期(2025/04/01－2026/03/31)
E25662,7022,S100YDDF,サノヤスホールディングス株式会社,2026-03-31,2026-06-19,有価証券報告書－第15期(2025/04/01－2026/03/31)
E01478,6005,S100YEGC,三浦工業株式会社,2026-03-31,2026-06-19,有価証券報告書－第68期(2025/04/01－2026/03/31)
E02522,8075,S100YEV4,神鋼商事株式会社,2026-03-31,2026-06-19,有価証券報告書－第108期(2025/04/01－2026/03/31)
E00225,1965,S100YF2U,株式会社テクノ菱和,2026-03-31,2026-06-19,有価証券報告書－第77期(2025/04/01－2026/03/31)
E03294,7561,S100YF3L,株式会社ハークスレイ,2026-03-31,2026-06-19,有価証券報告書－第48期(2025/04/01－2026/03/31)
E01369,5955,S100YDSY,株式会社ワイズホールディングス,2026-03-31,2026-06-19,有価証券報告書－第151期(2025/04/01－2026/03/31)
E02109,6658,S100YEDB,シライ電子工業株式会社,2026-03-31,2026-06-19,有価証券報告書－第57期(2025/04/01－2026/03/31)
E04154,9024,S100YEFI,株式会社西武ホールディングス,2026-03-31,2026-06-19,有価証券報告書－第21期(2025/04/01－2026/03/31)
E31640,3918,S100YECU,ＰＣＩホールディングス株式会社,2026-03-31,2026-06-19,有価証券報告書－第22期(2025/04/01－2026/03/31)
E02881,7575,S100YEH7,日本ライフライン株式会社,2026-03-31,2026-06-19,有価証券報告書－第46期(2025/04/01－2026/03/31)
E03639,8550,S100YE6L,株式会社　栃木銀行,2026-03-31,2026-06-19,有価証券報告書－第123期(2025/04/01－2026/03/31)
E02554,8078,S100YED6,阪和興業株式会社,2026-03-31,2026-06-19,有価証券報告書－第79期(2025/04/01－2026/03/31)
E05267,4345,S100YDWN,株式会社シーティーエス,2026-03-31,2026-06-19,有価証券報告書－第36期(2025/04/01－2026/03/31)
E04496,3834,S100YEHW,株式会社朝日ネット,2026-03-31,2026-06-19,有価証券報告書－第36期(2025/04/01－2026/03/31)
E05438,8424,S100YF6A,芙蓉総合リース株式会社,2026-03-31,2026-06-19,有価証券報告書－第57期(2025/04/01－2026/03/31)
E01879,6845,S100YEE5,アズビル株式会社,2026-03-31,2026-06-19,有価証券報告書－第104期(2025/04/01－2026/03/31)
E01253,5463,S100YDSC,丸一鋼管株式会社,2026-03-31,2026-06-19,有価証券報告書－第92期(2025/04/01－2026/03/31)
E03792,8700,S100YEDZ,丸八証券株式会社,2026-03-31,2026-06-19,有価証券報告書－第84期(2025/04/01－2026/03/31)
E03468,3397,S100YDW4,株式会社トリドールホールディングス,2026-03-31,2026-06-19,有価証券報告書－第36期(2025/04/01－2026/03/31)
E04890,9639,S100YF0N,三協フロンテア株式会社,2026-03-31,2026-06-19,有価証券報告書－第57期(2025/04/01－2026/03/31)
E05018,7595,S100YF23,株式会社アルゴグラフィックス,2026-03-31,2026-06-19,有価証券報告書－第42期(2025/04/01－2026/03/31)
E03646,7184,S100YCB2,株式会社　富山第一銀行,2026-03-31,2026-06-19,有価証券報告書－第115期(2025/04/01－2026/03/31)
E01772,6752,S100YETA,パナソニックホールディングス株式会社,2026-03-31,2026-06-19,有価証券報告書－第119期(2025/04/01－2026/03/31)
E00714,3951,S100YEXW,朝日印刷株式会社,2026-03-31,2026-06-19,有価証券報告書－第110期(2025/04/01－2026/03/31)
E00406,2267,S100YCBJ,株式会社ヤクルト本社,2026-03-31,2026-06-19,有価証券報告書－第74期(2025/04/01－2026/03/31)
E00716,7893,S100YEYJ,株式会社プロネクサス,2026-03-31,2026-06-19,有価証券報告書－第82期(2025/04/01－2026/03/31)
E01077,5011,S100YE06,ニチレキグループ株式会社,2026-03-31,2026-06-19,有価証券報告書－第82期(2025/04/01－2026/03/31)
E39018,5845,S100YEH1,全保連株式会社,2026-03-31,2026-06-19,有価証券報告書－第25期(2025/04/01－2026/03/31)
E22440,3151,S100YDSN,株式会社バイタルケーエスケー・ホールディングス,2026-03-31,2026-06-19,有価証券報告書－第17期(2025/04/01－2026/03/31)
E03316,7606,S100YEY5,株式会社ユナイテッドアローズ,2026-03-31,2026-06-19,有価証券報告書－第37期(2025/04/01－2026/03/31)
E04523,9536,S100YE54,西部ガスホールディングス株式会社,2026-03-31,2026-06-19,有価証券報告書－第133期(2025/04/01－2026/03/31)
E03574,8368,S100YBNQ,株式会社　百五銀行,2026-03-31,2026-06-19,有価証券報告書－第211期(2025/04/01－2026/03/31)
E01653,6455,S100YE56,株式会社モリタホールディングス,2026-03-31,2026-06-19,有価証券報告書－第93期(2025/04/01－2026/03/31)
E05309,2331,S100Y7EC,ＡＬＳＯＫ株式会社,2026-03-31,2026-06-19,有価証券報告書－第61期(2025/04/01－2026/03/31)
E03610,8308,S100YDP3,株式会社　りそなホールディングス,2026-03-31,2026-06-19,有価証券報告書－第25期(2025/04/01－2026/03/31)
E01902,6999,S100YDTW,ＫＯＡ株式会社,2026-03-31,2026-06-19,有価証券報告書－第98期(2025/04/01－2026/03/31)
E05090,4761,S100YEEF,株式会社さくらケーシーエス,2026-03-31,2026-06-19,有価証券報告書－第58期(2025/04/01－2026/03/31)
E00824,4206,S100YE8Y,アイカ工業株式会社,2026-03-31,2026-06-19,有価証券報告書－第126期(2025/04/01－2026/03/31)
E01254,5541,S100YDBT,大平洋金属株式会社,2026-03-31,2026-06-19,有価証券報告書－第100期(2025/04/01－2026/03/31)
E25263,3648,S100YEL6,ＡＧＳ株式会社,2026-03-31,2026-06-19,有価証券報告書－第31期(2025/04/01－2026/03/31)
E01966,6947,S100YD7O,株式会社図研,2026-03-31,2026-06-19,有価証券報告書－第50期(2025/04/01－2026/03/31)
E02055,6797,S100YEDT,名古屋電機工業株式会社,2026-03-31,2026-06-19,有価証券報告書－第69期(2025/04/01－2026/03/31)
E00776,4063,S100YE9I,信越化学工業株式会社,2026-03-31,2026-06-19,有価証券報告書－第149期(2025/04/01－2026/03/31)
E01173,5304,S100YDCX,ＳＥＣカーボン株式会社,2026-03-31,2026-06-19,有価証券報告書－第106期(2025/04/01－2026/03/31)
E00633,7896,S100YEA0,セブン工業株式会社,2026-03-31,2026-06-19,有価証券報告書－第67期(2025/04/01－2026/03/31)
E00433,2612,S100YEW9,かどや製油株式会社,2026-03-31,2026-06-19,有価証券報告書－第69期(2025/04/01－2026/03/31)
E03544,8349,S100YEUT,株式会社　東北銀行,2026-03-31,2026-06-19,有価証券報告書－第106期(2025/04/01－2026/03/31)
E02616,8046,S100YF98,丸藤シートパイル株式会社,2026-03-31,2026-06-19,有価証券報告書－第78期(2025/04/01－2026/03/31)
E00458,2288,S100YD4W,丸大食品株式会社,2026-03-31,2026-06-19,有価証券報告書－第78期(2025/04/01－2026/03/31)
E03634,8551,S100Y8FP,株式会社　北日本銀行,2026-03-31,2026-06-19,有価証券報告書－第122期(2025/04/01－2026/03/31)
E03580,8367,S100YEBM,株式会社南都銀行,2026-03-31,2026-06-19,有価証券報告書－第138期(2025/04/01－2026/03/31)
E03645,8537,S100YC1U,株式会社大光銀行,2026-03-31,2026-06-19,有価証券報告書－第124期(2025/04/01－2026/03/31)
E02792,7417,S100YCGG,株式会社南陽,2026-03-31,2026-06-19,有価証券報告書－第72期(2025/04/01－2026/03/31)
E00448,4229,S100YD30,群栄化学工業株式会社,2026-03-31,2026-06-19,有価証券報告書－第109期(2025/04/01－2026/03/31)
E03756,8609,S100YDTC,株式会社岡三証券グループ,2026-03-31,2026-06-19,有価証券報告書－第88期(2025/04/01－2026/03/31)
E05120,4783,S100YEMH,ＮＣＤ株式会社,2026-03-31,2026-06-19,有価証券報告書－第61期(2025/04/01－2026/03/31)
E05047,8876,S100YE6Y,株式会社リログループ,2026-03-31,2026-06-19,有価証券報告書－第59期(2025/04/01－2026/03/31)
E05274,4350,S100YDT5,株式会社　メディカルシステムネットワーク,2026-03-31,2026-06-19,有価証券報告書－第28期(2025/04/01－2026/03/31)
E02964,2795,S100YEGQ,日本プリメックス株式会社,2026-03-31,2026-06-19,有価証券報告書－第48期(2025/04/01－2026/03/31)
E05011,4705,S100YDSM,株式会社クリップコーポレーション,2026-03-31,2026-06-19,有価証券報告書－第45期(2025/04/01－2026/03/31)
E02388,7970,S100YE3Y,信越ポリマー株式会社,2026-03-31,2026-06-19,有価証券報告書－第66期(2025/04/01－2026/03/31)
E03557,8337,S100YDK0,株式会社千葉興業銀行,2026-03-31,2026-06-19,有価証券報告書－第104期(2025/04/01－2026/03/31)
E00895,4615,S100YD50,神東塗料株式会社,2026-03-31,2026-06-19,有価証券報告書－第132期(2025/04/01－2026/03/31)
E03784,8706,S100YEU4,極東証券株式会社,2026-03-31,2026-06-19,有価証券報告書－第83期(2025/04/01－2026/03/31)
E02727,9885,S100YE1F,株式会社　シャルレ,2026-03-31,2026-06-19,有価証券報告書－第51期(2025/04/01－2026/03/31)
E00461,2875,S100YDW0,東洋水産株式会社,2026-03-31,2026-06-19,有価証券報告書－第78期(2025/04/01－2026/03/31)
E00434,2613,S100YFUT,株式会社Ｊ－オイルミルズ,2026-03-31,2026-06-22,有価証券報告書－第24期(2025/04/01－2026/03/31)
E02889,7593,S100YEXL,ＶＴホールディングス株式会社,2026-03-31,2026-06-22,有価証券報告書－第44期(2025/04/01－2026/03/31)
E03036,8022,S100YFWX,美津濃株式会社,2026-03-31,2026-06-22,有価証券報告書－第113期(2025/04/01－2026/03/31)
E27063,6165,S100YE8P,パンチ工業株式会社,2026-03-31,2026-06-22,有価証券報告書－第52期(2025/04/01－2026/03/31)
E05739,3626,S100YH5C,ＴＩＳ株式会社,2026-03-31,2026-06-22,有価証券報告書－第18期(2025/04/01－2026/03/31)
E04341,9025,S100YGFS,鴻池運輸株式会社,2026-03-31,2026-06-22,有価証券報告書－第86期(2025/04/01－2026/03/31)
E03807,8628,S100YFPS,松井証券株式会社,2026-03-31,2026-06-22,有価証券報告書－第110期(2025/04/01－2026/03/31)
E40408,343A,S100YG2V,株式会社ＩＡＣＥトラベル,2026-03-31,2026-06-22,有価証券報告書－第45期(2025/04/01－2026/03/31)
E33016,3559,S100YH49,株式会社ピーバンドットコム,2026-03-31,2026-06-22,有価証券報告書－第24期(2025/04/01－2026/03/31)
E05471,3768,S100YGM6,リスクモンスター株式会社,2026-03-31,2026-06-22,有価証券報告書－第26期(2025/04/01－2026/03/31)
E05629,2127,S100YGWF,株式会社日本Ｍ＆Ａセンターホールディングス,2026-03-31,2026-06-22,有価証券報告書－第35期(2025/04/01－2026/03/31)
E02241,7218,S100YH4P,田中精密工業株式会社,2026-03-31,2026-06-22,有価証券報告書－第75期(2025/04/01－2026/03/31)
E03116,8214,S100YFPQ,株式会社ＡＯＫＩホールディングス,2026-03-31,2026-06-22,有価証券報告書－第50期(2025/04/01－2026/03/31)
E01355,5911,S100YH06,株式会社横河ブリッジホールディングス,2026-03-31,2026-06-22,有価証券報告書－第162期(2025/04/01－2026/03/31)
E04826,9729,S100YE2Y,株式会社トーカイ,2026-03-31,2026-06-22,有価証券報告書－第71期(2025/04/01－2026/03/31)
E01572,6369,S100YDS7,トーヨーカネツ株式会社,2026-03-31,2026-06-22,有価証券報告書－第118期(2025/04/01－2026/03/31)
E04108,9049,S100YEN3,京福電気鉄道株式会社,2026-03-31,2026-06-22,有価証券報告書－第120期(2025/04/01－2026/03/31)
E03621,5838,S100YGME,楽天銀行株式会社,2026-03-31,2026-06-22,有価証券報告書－第27期(2025/04/01－2026/03/31)
E04284,9302,S100YEZT,三井倉庫ホールディングス株式会社,2026-03-31,2026-06-22,有価証券報告書－第178期(2025/04/01－2026/03/31)
E03374,2694,S100YGJS,株式会社焼肉坂井ホールディングス,2026-03-31,2026-06-22,有価証券報告書－第67期(2025/04/01－2026/03/31)
E02142,7201,S100YH2B,日産自動車株式会社,2026-03-31,2026-06-22,有価証券報告書－第127期(2025/04/01－2026/03/31)
E01139,5331,S100Y4PM,ノリタケ株式会社,2026-03-31,2026-06-22,有価証券報告書－第145期(2025/04/01－2026/03/31)
E01113,5185,S100YG75,株式会社フコク,2026-03-31,2026-06-22,有価証券報告書－第73期(2025/04/01－2026/03/31)
E01075,8132,S100YGS4,シナネンホールディングス株式会社,2026-03-31,2026-06-22,有価証券報告書－第92期(2025/04/01－2026/03/31)
E02175,7245,S100YFV2,大同メタル工業株式会社,2026-03-31,2026-06-22,有価証券報告書－第118期(2025/04/01－2026/03/31)
E01577,6379,S100YDME,レイズネクスト株式会社,2026-03-31,2026-06-22,有価証券報告書－第122期(2025/04/01－2026/03/31)
E01727,6433,S100YGSS,ヒーハイスト株式会社,2026-03-31,2026-06-22,有価証券報告書－第64期(2025/04/01－2026/03/31)
E21706,2183,S100YGWG,株式会社リニカル,2026-03-31,2026-06-22,有価証券報告書－第21期(2025/04/01－2026/03/31)
E02219,7294,S100YGY8,株式会社ヨロズ,2026-03-31,2026-06-22,有価証券報告書－第81期(2025/04/01－2026/03/31)
E02503,8093,S100YESK,極東貿易株式会社,2026-03-31,2026-06-22,有価証券報告書－第106期(2025/04/01－2026/03/31)
E00431,2607,S100YEWN,不二製油株式会社,2026-03-31,2026-06-22,有価証券報告書－第98期(2025/04/01－2026/03/31)
E00941,4524,S100YE3I,森下仁丹株式会社,2026-03-31,2026-06-22,有価証券報告書－第89期(2025/04/01－2026/03/31)
E01669,6458,S100Y1I3,新晃工業株式会社,2026-03-31,2026-06-22,有価証券報告書－第77期(2025/04/01－2026/03/31)
E01737,6501,S100YGBO,株式会社日立製作所,2026-03-31,2026-06-22,有価証券報告書－第157期(2025/04/01－2026/03/31)
E05306,2749,S100YF75,株式会社ＪＰホールディングス,2026-03-31,2026-06-22,有価証券報告書－第34期(2025/04/01－2026/03/31)
E00769,4044,S100YGND,セントラル硝子株式会社,2026-03-31,2026-06-22,有価証券報告書－第112期(2025/04/01－2026/03/31)
E01636,6363,S100YDRV,株式会社酉島製作所,2026-03-31,2026-06-22,有価証券報告書－第145期(2025/04/01－2026/03/31)
E01946,6954,S100YG3Q,ファナック株式会社,2026-03-31,2026-06-22,有価証券報告書－第57期(2025/04/01－2026/03/31)
E02237,7220,S100YGX6,武蔵精密工業株式会社,2026-03-31,2026-06-22,有価証券報告書－第99期(2025/04/01－2026/03/31)
E03321,7616,S100YG3O,株式会社　コロワイド,2026-03-31,2026-06-22,有価証券報告書－第64期(2025/04/01－2026/03/31)
E03145,9850,S100YGWW,株式会社グルメ杵屋,2026-03-31,2026-06-22,有価証券報告書－第60期(2025/04/01－2026/03/31)
E38215,9341,S100YFQH,株式会社ＧＥＮＯＶＡ,2026-03-31,2026-06-22,有価証券報告書－第21期(2025/04/01－2026/03/31)
E01146,5351,S100YFV6,品川リフラ株式会社,2026-03-31,2026-06-22,有価証券報告書－第192期(2025/04/01－2026/03/31)
E02411,6863,S100YFWS,株式会社ニレコ,2026-03-31,2026-06-22,有価証券報告書－第100期(2025/04/01－2026/03/31)
E05377,1717,S100YGMU,明豊ファシリティワークス株式会社,2026-03-31,2026-06-22,有価証券報告書－第46期(2025/04/01－2026/03/31)
E00871,4242,S100YGHA,株式会社タカギセイコー,2026-03-31,2026-06-22,有価証券報告書－第67期(2025/04/01－2026/03/31)
E31009,6027,S100YFWI,弁護士ドットコム株式会社,2026-03-31,2026-06-22,有価証券報告書－第21期(2025/04/01－2026/03/31)
E03752,8604,S100YC5C,野村ホールディングス株式会社,2026-03-31,2026-06-22,有価証券報告書－第122期(2025/04/01－2026/03/31)
E01594,6448,S100YECO,ブラザー工業株式会社,2026-03-31,2026-06-22,有価証券報告書－第134期(2025/04/01－2026/03/31)
E03236,7421,S100YDD5,カッパ・クリエイト株式会社,2026-03-31,2026-06-22,有価証券報告書－第48期(2025/04/01－2026/03/31)
E33622,8919,S100YGXU,株式会社カチタス,2026-03-31,2026-06-22,有価証券報告書－第48期(2025/04/01－2026/03/31)
E01600,6471,S100YFE3,日本精工株式会社,2026-03-31,2026-06-22,有価証券報告書－第165期(2025/04/01－2026/03/31)
E33633,6566,S100YFRW,株式会社要興業,2026-03-31,2026-06-22,有価証券報告書－第54期(2025/04/01－2026/03/31)
E05551,3796,S100YF6G,株式会社いい生活,2026-03-31,2026-06-22,有価証券報告書－第27期(2025/04/01－2026/03/31)
E15690,297A,S100YC5Z,アルピコホールディングス株式会社,2026-03-31,2026-06-22,有価証券報告書－第18期(2025/04/01－2026/03/31)
E23818,3178,S100YE67,チムニー株式会社,2026-03-31,2026-06-22,有価証券報告書－第18期(2025/04/01－2026/03/31)
E04849,9698,S100YGVQ,株式会社クレオ,2026-03-31,2026-06-22,有価証券報告書－第53期(2025/04/01－2026/03/31)
E35497,5368,S100YG71,日本インシュレーション株式会社,2026-03-31,2026-06-22,有価証券報告書－第81期(2025/04/01－2026/03/31)
E02267,7723,S100YF4W,愛知時計電機株式会社,2026-03-31,2026-06-22,有価証券報告書－第103期(2025/04/01－2026/03/31)
E02333,6788,S100YF0Y,株式会社日本トリム,2026-03-31,2026-06-22,有価証券報告書－第44期(2025/04/01－2026/03/31)
E01427,5951,S100YDWR,ダイニチ工業株式会社,2026-03-31,2026-06-22,有価証券報告書－第63期(2025/04/01－2026/03/31)
E03565,8365,S100YFUZ,株式会社　富山銀行,2026-03-31,2026-06-22,有価証券報告書－第100期(2025/04/01－2026/03/31)
E05192,4849,S100YGWT,エン株式会社,2026-03-31,2026-06-22,有価証券報告書－第26期(2025/04/01－2026/03/31)
E00346,2002,S100YE6A,株式会社日清製粉グループ本社,2026-03-31,2026-06-22,有価証券報告書－第182期(2025/04/01－2026/03/31)
E02414,7743,S100YGWB,株式会社シード,2026-03-31,2026-06-22,有価証券報告書－第70期(2025/04/01－2026/03/31)
E03597,8393,S100YGVF,株式会社宮崎銀行,2026-03-31,2026-06-22,有価証券報告書－第141期(2025/04/01－2026/03/31)
E00752,4005,S100YAUO,住友化学株式会社,2026-03-31,2026-06-22,有価証券報告書－第145期(2025/04/01－2026/03/31)
E02128,7013,S100YENT,株式会社ＩＨＩ,2026-03-31,2026-06-22,有価証券報告書－第209期(2025/04/01－2026/03/31)
E25165,3167,S100YFV5,株式会社ＴＯＫＡＩホールディングス,2026-03-31,2026-06-22,有価証券報告書－第15期(2025/04/01－2026/03/31)
E00360,2114,S100YGKQ,フジ日本株式会社,2026-03-31,2026-06-22,有価証券報告書－第103期(2025/04/01－2026/03/31)
E01767,6703,S100YFGL,沖電気工業株式会社,2026-03-31,2026-06-22,有価証券報告書－第102期(2025/04/01－2026/03/31)
E01211,5284,S100YG9T,ヤマウホールディングス株式会社,2026-03-31,2026-06-22,有価証券報告書－第69期(2025/04/01－2026/03/31)
E04272,9201,S100YFIO,日本航空株式会社,2026-03-31,2026-06-22,有価証券報告書－第77期(2025/04/01－2026/03/31)
E00452,2805,S100YGTZ,ヱスビー食品株式会社,2026-03-31,2026-06-22,有価証券報告書－第113期(2025/04/01－2026/03/31)
E03457,3372,S100YGBF,株式会社関門海,2026-03-31,2026-06-22,有価証券報告書－第38期(2025/04/01－2026/03/31)
E00840,4183,S100YGUI,三井化学株式会社,2026-03-31,2026-06-22,有価証券報告書－第29期(2025/04/01－2026/03/31)
E00322,1721,S100YFLP,コムシスホールディングス株式会社,2026-03-31,2026-06-22,有価証券報告書－第23期(2025/04/01－2026/03/31)
E27235,3670,S100YG51,協立情報通信株式会社,2026-03-31,2026-06-22,有価証券報告書－第61期(2025/04/01－2026/03/31)
E01631,6480,S100YD87,日本トムソン株式会社,2026-03-31,2026-06-22,有価証券報告書－第77期(2025/04/01－2026/03/31)
E00789,4031,S100YFRR,片倉コープアグリ株式会社,2026-03-31,2026-06-22,有価証券報告書－第111期(2025/04/01－2026/03/31)
E41037,483A,S100YGDD,テラテクノロジー株式会社,2026-03-31,2026-06-22,有価証券報告書－第36期(2025/04/01－2026/03/31)
E02294,7769,S100YFZJ,リズム株式会社,2026-03-31,2026-06-22,有価証券報告書－第6期(2025/04/01－2026/03/31)
E01305,5753,S100YEXB,日本伸銅株式会社,2026-03-31,2026-06-22,有価証券報告書－第103期(2025/04/01－2026/03/31)
E03581,8370,S100YE5S,株式会社紀陽銀行,2026-03-31,2026-06-22,有価証券報告書－第216期(2025/04/01－2026/03/31)
E00810,4113,S100YCNV,田岡化学工業株式会社,2026-03-31,2026-06-22,有価証券報告書－第126期(2025/04/01－2026/03/31)
E02073,6430,S100YGWC,ダイコク電機株式会社,2026-03-31,2026-06-22,有価証券報告書－第53期(2025/04/01－2026/03/31)
E00260,1787,S100YF2C,株式会社ナカボーテック,2026-03-31,2026-06-22,有価証券報告書－第83期(2025/04/01－2026/03/31)
E01080,5013,S100YEVT,株式会社ユシロ,2026-03-31,2026-06-22,有価証券報告書－第93期(2025/04/01－2026/03/31)
E04317,9322,S100YF5T,川西倉庫株式会社,2026-03-31,2026-06-22,有価証券報告書－第169期(2025/04/01－2026/03/31)
E00808,4188,S100YFSR,三菱ケミカルグループ株式会社,2026-03-31,2026-06-22,有価証券報告書－第21期(2025/04/01－2026/03/31)
E05469,3766,S100YGLS,システムズ・デザイン株式会社,2026-03-31,2026-06-22,有価証券報告書－第60期(2025/04/01－2026/03/31)
E04149,9022,S100YD7H,東海旅客鉄道株式会社,2026-03-31,2026-06-22,有価証券報告書－第39期(2025/04/01－2026/03/31)
E37499,6226,S100YGR0,守谷輸送機工業株式会社,2026-03-31,2026-06-22,有価証券報告書－第79期(2025/04/01－2026/03/31)
E01989,6928,S100YF9J,株式会社エノモト,2026-03-31,2026-06-22,有価証券報告書－第60期(2025/04/01－2026/03/31)
E00809,4112,S100YGIX,保土谷化学工業株式会社,2026-03-31,2026-06-22,有価証券報告書－第168期(2025/04/01－2026/03/31)
E03991,8891,S100YF0Z,ＡＭＧホールディングス株式会社,2026-03-31,2026-06-22,有価証券報告書－第41期(2025/04/01－2026/03/31)
E34052,4388,S100YGJY,株式会社エーアイ,2026-03-31,2026-06-22,有価証券報告書－第23期(2025/04/01－2026/03/31)
E24536,3166,S100YFNF,ＯＣＨＩホールディングス株式会社,2026-03-31,2026-06-22,有価証券報告書－第16期(2025/04/01－2026/03/31)
E00462,2810,S100YD7A,ハウス食品グループ本社株式会社,2026-03-31,2026-06-22,有価証券報告書－第80期(2025/04/01－2026/03/31)
E36102,1786,S100YDUO,オリエンタル白石株式会社,2026-03-31,2026-06-22,有価証券報告書－第75期(2025/04/01－2026/03/31)
E01055,4972,S100YFCG,綜研化学株式会社,2026-03-31,2026-06-22,有価証券報告書－第78期(2025/04/01－2026/03/31)
E01481,6103,S100YFQC,オークマ株式会社,2026-03-31,2026-06-22,有価証券報告書－第162期(2025/04/01－2026/03/31)
E31633,4980,S100YGAR,デクセリアルズ株式会社,2026-03-31,2026-06-22,有価証券報告書－第14期(2025/04/01－2026/03/31)
E22547,3150,S100YFUS,株式会社グリムス,2026-03-31,2026-06-22,有価証券報告書－第21期(2025/04/01－2026/03/31)
E38723,9332,S100YGQ8,ＮＩＳＳＯホールディングス株式会社,2026-03-31,2026-06-22,有価証券報告書－第3期(2025/04/01－2026/03/31)
E01731,6262,S100YGO3,株式会社ＰＥＧＡＳＵＳ,2026-03-31,2026-06-22,有価証券報告書－第80期(2025/04/01－2026/03/31)
E02386,7988,S100YGQB,株式会社ニフコ,2026-03-31,2026-06-22,有価証券報告書－第74期(2025/04/01－2026/03/31)
E02124,7004,S100YGOR,カナデビア株式会社,2026-03-31,2026-06-22,有価証券報告書－第129期(2025/04/01－2026/03/31)
E00147,1860,S100YG3E,戸田建設株式会社,2026-03-31,2026-06-22,有価証券報告書－第103期(2025/04/01－2026/03/31)
E05205,4290,S100YFPN,株式会社プレステージ・インターナショナル,2026-03-31,2026-06-22,有価証券報告書－第40期(2025/04/01－2026/03/31)
E01396,5994,S100YG56,株式会社ファインシンター,2026-03-31,2026-06-22,有価証券報告書－第77期(2025/04/01－2026/03/31)
E02759,9929,S100YGD5,平和紙業株式会社,2026-03-31,2026-06-22,有価証券報告書－第93期(2025/04/01－2026/03/31)
E02506,8020,S100YGCZ,兼松株式会社,2026-03-31,2026-06-22,有価証券報告書－第132期(2025/04/01－2026/03/31)
E00442,2892,S100YF39,日本食品化工株式会社,2026-03-31,2026-06-22,有価証券報告書－第105期(2025/04/01－2026/03/31)
E21261,2181,S100YGCS,パーソルホールディングス株式会社,2026-03-31,2026-06-22,有価証券報告書－第18期(2025/04/01－2026/03/31)
E04287,9306,S100Y9SP,東陽倉庫株式会社,2026-03-31,2026-06-22,有価証券報告書－第147期(2025/04/01－2026/03/31)
E01617,6325,S100YFLC,株式会社タカキタ,2026-03-31,2026-06-22,有価証券報告書－第82期(2025/04/01－2026/03/31)
E02076,6927,S100YF8D,ヘリオス　テクノ　ホールディング株式会社,2026-03-31,2026-06-22,有価証券報告書－第50期(2025/04/01－2026/03/31)
E01200,5279,S100YFPM,日本興業株式会社,2026-03-31,2026-06-22,有価証券報告書－第71期(2025/04/01－2026/03/31)
E05736,3622,S100YF6I,ネットイヤーグループ株式会社,2026-03-31,2026-06-22,有価証券報告書－第27期(2025/04/01－2026/03/31)
E01137,5333,S100YF7M,ＮＧＫ株式会社,2026-03-31,2026-06-22,有価証券報告書－第160期(2025/04/01－2026/03/31)
E03793,8617,S100YFAQ,光世証券株式会社,2026-03-31,2026-06-22,有価証券報告書－第66期(2025/04/01－2026/03/31)
E02952,2750,S100YEZP,石光商事株式会社,2026-03-31,2026-06-22,有価証券報告書－第76期(2025/04/01－2026/03/31)
E03487,3058,S100YFXN,株式会社三洋堂ホールディングス,2026-03-31,2026-06-22,有価証券報告書－第49期(2025/04/01－2026/03/31)
E03181,9904,S100YGMS,株式会社ベリテ,2026-03-31,2026-06-22,有価証券報告書－第82期(2025/04/01－2026/03/31)
E00204,1914,S100YGM2,日本基礎技術株式会社,2026-03-31,2026-06-22,有価証券報告書－第73期(2025/04/01－2026/03/31)
E00053,1803,S100YDXD,清水建設株式会社,2026-03-31,2026-06-22,有価証券報告書－第124期(2025/04/01－2026/03/31)
E24073,8715,S100YFY1,アニコム　ホールディングス株式会社,2026-03-31,2026-06-22,有価証券報告書－第26期(2025/04/01－2026/03/31)
E02510,8032,S100YF3W,日本紙パルプ商事株式会社,2026-03-31,2026-06-22,有価証券報告書－第164期(2025/04/01－2026/03/31)
E01443,3433,S100YFML,トーカロ株式会社,2026-03-31,2026-06-22,有価証券報告書－第75期(2025/04/01－2026/03/31)
E00873,3402,S100YFG9,東レ株式会社,2026-03-31,2026-06-22,有価証券報告書－第145期(2025/04/01－2026/03/31)
E04321,9351,S100YELE,東洋埠頭株式会社,2026-03-31,2026-06-22,有価証券報告書－第115期(2025/04/01－2026/03/31)
E01807,6779,S100YFNH,日本電波工業株式会社,2026-03-31,2026-06-22,有価証券報告書－第85期(2025/04/01－2026/03/31)
E39741,255A,S100YFOK,ジーエルテクノホールディングス株式会社,2026-03-31,2026-06-22,有価証券報告書－第2期(2025/04/01－2026/03/31)
E04031,8934,S100YGKR,サンフロンティア不動産株式会社,2026-03-31,2026-06-22,有価証券報告書－第27期(2025/04/01－2026/03/31)
E04973,4658,S100YC3N,日本空調サービス株式会社,2026-03-31,2026-06-22,有価証券報告書－第63期(2025/04/01－2026/03/31)
E01118,7938,S100YFIT,株式会社リーガルコーポレーション,2026-03-31,2026-06-22,有価証券報告書－第194期(2025/04/01－2026/03/31)
E01320,5928,S100YF9N,アルメタックス株式会社,2026-03-31,2026-06-22,有価証券報告書－第62期(2025/04/01－2026/03/31)
E01509,6151,S100YFFT,日東工器株式会社,2026-03-31,2026-06-22,有価証券報告書－第70期(2025/04/01－2026/03/31)
E37143,7134,S100YFV1,株式会社アップガレージグループ,2026-03-31,2026-06-22,有価証券報告書－第12期(2025/04/01－2026/03/31)
E01437,5984,S100YEZU,兼房株式会社,2026-03-31,2026-06-22,有価証券報告書－第78期(2025/04/01－2026/03/31)
E40154,300A,S100YFMQ,ＭＩＣ株式会社,2026-03-31,2026-06-22,有価証券報告書－第74期(2025/04/01－2026/03/31)
E02472,7840,S100YE44,フランスベッドホールディングス株式会社,2026-03-31,2026-06-22,有価証券報告書－第23期(2025/04/01－2026/03/31)
E02015,6869,S100YFAW,シスメックス株式会社,2026-03-31,2026-06-22,有価証券報告書－第59期(2025/04/01－2026/03/31)
E35587,6230,S100YEJ7,ＳＡＮＥＩ株式会社,2026-03-31,2026-06-22,有価証券報告書－第66期(2025/04/01－2026/03/31)
E00888,4365,S100YG2G,松本油脂製薬株式会社,2026-03-31,2026-06-22,有価証券報告書－第88期(2025/04/01－2026/03/31)
E01247,5451,S100YEVQ,株式会社ヨドコウ,2026-03-31,2026-06-22,有価証券報告書－第127期(2025/04/01－2026/03/31)
E03863,9706,S100YGGN,日本空港ビルデング株式会社,2026-03-31,2026-06-22,有価証券報告書－第82期(2025/04/01－2026/03/31)
E02221,7296,S100YFKQ,株式会社エフ・シー・シー,2026-03-31,2026-06-22,有価証券報告書－第96期(2025/04/01－2026/03/31)
E02778,9984,S100YGH5,ソフトバンクグループ株式会社,2026-03-31,2026-06-22,有価証券報告書－第46期(2025/04/01－2026/03/31)
E00109,1972,S100YCWL,三晃金属工業株式会社,2026-03-31,2026-06-22,有価証券報告書－第77期(2025/04/01－2026/03/31)
E00074,1942,S100YDOZ,株式会社関電工,2026-03-31,2026-06-22,有価証券報告書－第112期(2025/04/01－2026/03/31)
E03582,8383,S100YDT2,株式会社　鳥取銀行,2026-03-31,2026-06-22,有価証券報告書－第162期(2025/04/01－2026/03/31)
E02628,8107,S100YER7,株式会社キムラタン,2026-03-31,2026-06-22,有価証券報告書－第63期(2025/04/01－2026/03/31)
E40727,416A,S100YGHU,富士ユナイトホールディングス株式会社,2026-03-31,2026-06-22,有価証券報告書－第1期(2025/10/01－2026/03/31)
E05045,4732,S100YGIC,株式会社ユー・エス・エス,2026-03-31,2026-06-22,有価証券報告書－第46期(2025/04/01－2026/03/31)
E02611,8056,S100YFCP,ＢＩＰＲＯＧＹ株式会社,2026-03-31,2026-06-22,有価証券報告書－第82期(2025/04/01－2026/03/31)
E02176,7240,S100YFWJ,ＮＯＫ株式会社,2026-03-31,2026-06-22,有価証券報告書－第120期(2025/04/01－2026/03/31)
E00161,1976,S100YFOI,明星工業株式会社,2026-03-31,2026-06-22,有価証券報告書－第84期(2025/04/01－2026/03/31)
E35568,4932,S100YFI1,株式会社アルマード,2026-03-31,2026-06-22,有価証券報告書－第26期(2025/04/01－2026/03/31)
E11661,6238,S100YFJB,フリュー株式会社,2026-03-31,2026-06-22,有価証券報告書－第20期(2025/04/01－2026/03/31)
E04869,9658,S100YG97,株式会社ビジネスブレイン太田昭和,2026-03-31,2026-06-22,有価証券報告書－第59期(2025/04/01－2026/03/31)
E31997,6186,S100YFD3,株式会社一蔵,2026-03-31,2026-06-22,有価証券報告書－第36期(2025/04/01－2026/03/31)
E00457,2897,S100YEWB,日清食品ホールディングス株式会社,2026-03-31,2026-06-22,有価証券報告書－第78期(2025/04/01－2026/03/31)
E00815,4182,S100YEUU,三菱瓦斯化学株式会社,2026-03-31,2026-06-22,有価証券報告書－第99期(2025/04/01－2026/03/31)
E24558,1417,S100YG40,株式会社ミライト・ワン,2026-03-31,2026-06-22,有価証券報告書－第16期(2025/04/01－2026/03/31)
E00974,4553,S100YFVM,東和薬品株式会社,2026-03-31,2026-06-22,有価証券報告書－第70期(2025/04/01－2026/03/31)
E05699,3853,S100YGH9,アステリア株式会社,2026-03-31,2026-06-22,有価証券報告書－第28期(2025/04/01－2026/03/31)
E21320,6632,S100YG3R,株式会社ＪＶＣケンウッド,2026-03-31,2026-06-22,有価証券報告書－第18期(2025/04/01－2026/03/31)
E03310,7596,S100YGEC,株式会社魚力,2026-03-31,2026-06-22,有価証券報告書－第42期(2025/04/01－2026/03/31)
E01385,5929,S100YFHH,三和ホールディングス株式会社,2026-03-31,2026-06-22,有価証券報告書－第91期(2025/04/01－2026/03/31)
E02303,7702,S100YF50,株式会社ジェイ・エム・エス（称号　株式会社　ＪＭＳ）,2026-03-31,2026-06-22,有価証券報告書－第61期(2025/04/01－2026/03/31)
E02780,9987,S100YFRU,株式会社スズケン,2026-03-31,2026-06-22,有価証券報告書－第80期(2025/04/01－2026/03/31)
E02369,7994,S100YFDV,株式会社オカムラ,2026-03-31,2026-06-22,有価証券報告書－第91期(2025/04/01－2026/03/31)
E02615,8045,S100YCTS,横浜丸魚株式会社,2026-03-31,2026-06-22,有価証券報告書－第90期(2025/04/01－2026/03/31)
E04990,4679,S100YFEW,株式会社　田　谷,2026-03-31,2026-06-22,有価証券報告書－第52期(2025/04/01－2026/03/31)
E21955,3443,S100YF5H,川田テクノロジーズ株式会社,2026-03-31,2026-06-22,有価証券報告書－第18期(2025/04/01－2026/03/31)
E01428,7939,S100YEUJ,株式会社研創,2026-03-31,2026-06-22,有価証券報告書－第55期(2025/04/01－2026/03/31)
E00558,3306,S100YFIL,日本製麻株式会社,2026-03-31,2026-06-22,有価証券報告書－第98期(2025/04/01－2026/03/31)
E01414,6486,S100YFUB,イーグル工業株式会社,2026-03-31,2026-06-22,有価証券報告書－第72期(2025/04/01－2026/03/31)
E00209,1966,S100YGU2,株式会社　高田工業所,2026-03-31,2026-06-22,有価証券報告書－第79期(2025/04/01－2026/03/31)
E04520,9532,S100YFQT,大阪瓦斯株式会社,2026-03-31,2026-06-22,有価証券報告書－第208期(2025/04/01－2026/03/31)
E03138,9832,S100YF3G,株式会社オートバックスセブン,2026-03-31,2026-06-22,有価証券報告書－第79期(2025/04/01－2026/03/31)
E02927,2676,S100YFGR,高千穂交易株式会社,2026-03-31,2026-06-22,有価証券報告書－第75期(2025/04/01－2026/03/31)
E01805,6798,S100YFRH,ＳＭＫ株式会社,2026-03-31,2026-06-22,有価証券報告書－第104期(2025/04/01－2026/03/31)
E02580,8081,S100YFEF,株式会社カナデン,2026-03-31,2026-06-22,有価証券報告書－第176期(2025/04/01－2026/03/31)
E02152,7270,S100YFKZ,株式会社ＳＵＢＡＲＵ,2026-03-31,2026-06-22,有価証券報告書－第95期(2025/04/01－2026/03/31)
E04768,8584,S100YEIM,株式会社ジャックス,2026-03-31,2026-06-22,有価証券報告書－第95期(2025/04/01－2026/03/31)
E00238,1848,S100YG4M,株式会社富士ピー・エス,2026-03-31,2026-06-22,有価証券報告書－第74期(2025/04/01－2026/03/31)
E00439,2053,S100YF88,中部飼料株式会社,2026-03-31,2026-06-22,有価証券報告書－第79期(2025/04/01－2026/03/31)
E01755,6645,S100YG81,オムロン株式会社,2026-03-31,2026-06-22,有価証券報告書－第89期(2025/04/01－2026/03/31)
E04804,9744,S100YE6X,株式会社メイテックグループホールディングス,2026-03-31,2026-06-22,有価証券報告書－第53期(2025/04/01－2026/03/31)
E00021,5711,S100YFRY,三菱マテリアル株式会社,2026-03-31,2026-06-22,有価証券報告書－第101期(2025/04/01－2026/03/31)
E02838,7480,S100YG54,スズデン株式会社,2026-03-31,2026-06-22,有価証券報告書－第74期(2025/04/01－2026/03/31)
E00819,4203,S100YE8L,住友ベークライト株式会社,2026-03-31,2026-06-22,有価証券報告書－第135期(2025/04/01－2026/03/31)
E04380,9405,S100YD4D,朝日放送グループホールディングス株式会社,2026-03-31,2026-06-22,有価証券報告書－第99期(2025/04/01－2026/03/31)
E02012,6518,S100YE1K,三相電機株式会社,2026-03-31,2026-06-22,有価証券報告書－第69期(2025/04/01－2026/03/31)
E00012,1301,S100YE8K,株式会社　極洋,2026-03-31,2026-06-22,有価証券報告書－第103期(2025/04/01－2026/03/31)
E04094,9001,S100Y8FK,東武鉄道株式会社,2026-03-31,2026-06-22,有価証券報告書－第206期(2025/04/01－2026/03/31)
E01635,6396,S100YF8O,株式会社宇野澤組鐵工所,2026-03-31,2026-06-22,有価証券報告書－第134期(2025/04/01－2026/03/31)
E02114,6638,S100YCRC,株式会社ミマキエンジニアリング,2026-03-31,2026-06-22,有価証券報告書－第51期(2025/04/01－2026/03/31)
E00547,3202,S100YFWH,ダイトウボウ株式会社,2026-03-31,2026-06-22,有価証券報告書－第206期(2025/04/01－2026/03/31)
E00173,1960,S100YFBB,株式会社サンテック,2026-03-31,2026-06-22,有価証券報告書－第79期(2025/04/01－2026/03/31)
E02642,8117,S100YFX5,中央自動車工業株式会社,2026-03-31,2026-06-22,有価証券報告書－第87期(2025/04/01－2026/03/31)
E04899,9625,S100YF00,株式会社セレスポ,2026-03-31,2026-06-22,有価証券報告書－第49期(2025/04/01－2026/03/31)
E00690,3895,S100YE3K,ハビックス株式会社,2026-03-31,2026-06-22,有価証券報告書－第76期(2025/04/01－2026/03/31)
E01711,6322,S100YFBY,株式会社タクミナ,2026-03-31,2026-06-22,有価証券報告書－第50期(2025/04/01－2026/03/31)
E00760,4022,S100YD99,ラサ工業株式会社,2026-03-31,2026-06-22,有価証券報告書－第158期(2025/04/01－2026/03/31)
E02652,8035,S100YEOO,東京エレクトロン株式会社,2026-03-31,2026-06-22,有価証券報告書－第63期(2025/04/01－2026/03/31)
E04762,8591,S100YG5L,オリックス株式会社,2026-03-31,2026-06-22,有価証券報告書－第63期(2025/04/01－2026/03/31)
E01092,5195,S100YEMC,バンドー化学株式会社,2026-03-31,2026-06-22,有価証券報告書－第103期(2025/04/01－2026/03/31)
E00962,4547,S100YFN3,キッセイ薬品工業株式会社,2026-03-31,2026-06-22,有価証券報告書－第81期(2025/04/01－2026/03/31)
E00513,2818,S100YFQA,株式会社ピエトロ,2026-03-31,2026-06-22,有価証券報告書－第41期(2025/04/01－2026/03/31)
E02569,1948,S100YFSO,株式会社弘電社,2026-03-31,2026-06-22,有価証券報告書－第147期(2025/04/01－2026/03/31)
E02258,7305,S100Y8QF,新家工業株式会社,2026-03-31,2026-06-22,有価証券報告書－第162期(2025/04/01－2026/03/31)
E01058,4994,S100YG2P,大成ラミックグループ株式会社,2026-03-31,2026-06-22,有価証券報告書－第61期(2025/04/01－2026/03/31)
E04822,9759,S100YEYZ,株式会社ＮＳＤ,2026-03-31,2026-06-22,有価証券報告書－第57期(2025/04/01－2026/03/31)
E01683,6488,S100YDUY,株式会社ヨシタケ,2026-03-31,2026-06-22,有価証券報告書－第83期(2025/04/01－2026/03/31)
E02675,8153,S100YE7I,株式会社モスフードサービス,2026-03-31,2026-06-22,有価証券報告書－第54期(2025/04/01－2026/03/31)
E05462,8793,S100YEUV,ＮＥＣキャピタルソリューション株式会社,2026-03-31,2026-06-22,有価証券報告書－第56期(2025/04/01－2026/03/31)
E01280,5659,S100YDZS,日本精線株式会社,2026-03-31,2026-06-22,有価証券報告書－第96期(2025/04/01－2026/03/31)
E02199,6470,S100YF06,大豊工業株式会社,2026-03-31,2026-06-22,有価証券報告書－第120期(2025/04/01－2026/03/31)
E34470,7670,S100YFWA,オーウエル株式会社,2026-03-31,2026-06-22,有価証券報告書－第84期(2025/04/01－2026/03/31)
E26707,5703,S100YFJY,日本軽金属ホールディングス株式会社,2026-03-31,2026-06-22,有価証券報告書－第14期(2025/04/01－2026/03/31)
E02635,8158,S100YFPG,ソーダニッカ株式会社,2026-03-31,2026-06-22,有価証券報告書－第79期(2025/04/01－2026/03/31)
E01351,5820,S100YG3G,株式会社三ッ星,2026-03-31,2026-06-22,有価証券報告書－第81期(2025/04/01－2026/03/31)
E00761,4023,S100YFHO,株式会社クレハ,2026-03-31,2026-06-22,有価証券報告書－第113期(2025/04/01－2026/03/31)
E04803,9742,S100YF4O,株式会社アイネス,2026-03-31,2026-06-22,有価証券報告書－第64期(2025/04/01－2026/03/31)
E00073,1941,S100YD98,株式会社中電工,2026-03-31,2026-06-22,有価証券報告書－第110期(2025/04/01－2026/03/31)
E05550,2469,S100YG1N,ヒビノ株式会社,2026-03-31,2026-06-22,有価証券報告書－第63期(2025/04/01－2026/03/31)
E02902,7619,S100YDHJ,田中商事株式会社,2026-03-31,2026-06-22,有価証券報告書－第65期(2025/04/01－2026/03/31)
E00279,1768,S100YEJU,株式会社ソネック,2026-03-31,2026-06-22,有価証券報告書－第86期(2025/04/01－2026/03/31)
E00075,1944,S100YFY8,株式会社きんでん,2026-03-31,2026-06-22,有価証券報告書－第112期(2025/04/01－2026/03/31)
E01251,5461,S100Y9WS,中部鋼鈑株式会社,2026-03-31,2026-06-22,有価証券報告書－第102期(2025/04/01－2026/03/31)
E01821,6882,S100YFP9,株式会社三社電機製作所,2026-03-31,2026-06-22,有価証券報告書－第92期(2025/04/01－2026/03/31)
E01393,5998,S100YFF6,株式会社　アドバネクス,2026-03-31,2026-06-22,有価証券報告書－第78期(2025/04/01－2026/03/31)
E23741,3131,S100YEWH,シンデン・ハイテックス株式会社,2026-03-31,2026-06-22,有価証券報告書－第31期(2025/04/01－2026/03/31)
E05075,4752,S100YE2I,株式会社　昭和システムエンジニアリング,2026-03-31,2026-06-22,有価証券報告書－第60期(2025/04/01－2026/03/31)
E00669,3946,S100YFA2,株式会社トーモク,2026-03-31,2026-06-22,有価証券報告書－第87期(2025/04/01－2026/03/31)
E05432,3753,S100YH2V,株式会社フライトソリューションズ,2026-03-31,2026-06-23,有価証券報告書－第39期(2025/04/01－2026/03/31)
E02189,6493,S100YIJ0,株式会社ＮＩＴＴＡＮ,2026-03-31,2026-06-23,有価証券報告書－第104期(2025/04/01－2026/03/31)
E36435,7698,S100YHLL,株式会社アイスコ,2026-03-31,2026-06-23,有価証券報告書－第74期(2025/04/01－2026/03/31)
E37914,5133,S100YGVT,株式会社テリロジーホールディングス,2026-03-31,2026-06-23,有価証券報告書－第4期(2025/04/01－2026/03/31)
E01773,6753,S100YHZV,シャープ株式会社,2026-03-31,2026-06-23,有価証券報告書－第132期(2025/04/01－2026/03/31)
E04239,9110,S100YCN8,ＮＳユナイテッド海運株式会社,2026-03-31,2026-06-23,有価証券報告書－第100期(2025/04/01－2026/03/31)
E02769,9960,S100YGTS,東テク株式会社,2026-03-31,2026-06-23,有価証券報告書－第71期(2025/04/01－2026/03/31)
E00525,3101,S100YGRC,東洋紡株式会社,2026-03-31,2026-06-23,有価証券報告書－第168期(2025/04/01－2026/03/31)
E01353,5901,S100YGR9,東洋製罐グループホールディングス株式会社,2026-03-31,2026-06-23,有価証券報告書－第113期(2025/04/01－2026/03/31)
E01896,6955,S100YH9L,ＦＤＫ株式会社,2026-03-31,2026-06-23,有価証券報告書－第97期(2025/04/01－2026/03/31)
E00603,8111,S100YGJI,株式会社ゴールドウイン,2026-03-31,2026-06-23,有価証券報告書－第75期(2025/04/01－2026/03/31)
E01585,6305,S100YIBR,日立建機株式会社,2026-03-31,2026-06-23,有価証券報告書－第62期(2025/04/01－2026/03/31)
E36466,2933,S100YGHF,株式会社紀文食品,2026-03-31,2026-06-23,有価証券報告書－第88期(2025/04/01－2026/03/31)
E04995,4685,S100YH80,株式会社菱友システムズ,2026-03-31,2026-06-23,有価証券報告書－第58期(2025/04/01－2026/03/31)
E02804,7438,S100YEX8,コンドーテック株式会社,2026-03-31,2026-06-23,有価証券報告書－第74期(2025/04/01－2026/03/31)
E04197,9073,S100YGY5,京極運輸商事株式会社,2026-03-31,2026-06-23,有価証券報告書－第86期(2025/04/01－2026/03/31)
E04855,9691,S100YIGO,株式会社両毛システムズ,2026-03-31,2026-06-23,有価証券報告書－第57期(2025/04/01－2026/03/31)
E01511,6158,S100YI25,株式会社和井田製作所,2026-03-31,2026-06-23,有価証券報告書－第97期(2025/04/01－2026/03/31)
E34097,7040,S100YIEN,株式会社サン・ライフホールディング,2026-03-31,2026-06-23,有価証券報告書－第8期(2025/04/01－2026/03/31)
E32408,3937,S100YHAT,株式会社Ｕｂｉｃｏｍホールディングス,2026-03-31,2026-06-23,有価証券報告書－第21期(2025/04/01－2026/03/31)
E02158,7235,S100YG1L,東京ラヂエーター製造株式会社,2026-03-31,2026-06-23,有価証券報告書－第122期(2025/04/01－2026/03/31)
E02161,7238,S100YHCS,曙ブレーキ工業株式会社,2026-03-31,2026-06-23,有価証券報告書－第130期(2025/04/01－2026/03/31)
E01698,6418,S100YHD7,日本金銭機械株式会社,2026-03-31,2026-06-23,有価証券報告書－第73期(2025/04/01－2026/03/31)
E00993,4914,S100YGT4,高砂香料工業株式会社,2026-03-31,2026-06-23,有価証券報告書－第100期(2025/04/01－2026/03/31)
E02870,7551,S100YFMB,株式会社ウェッズ,2026-03-31,2026-06-23,有価証券報告書－第61期(2025/04/01－2026/03/31)
E04337,9360,S100YIBT,鈴与シンワート株式会社,2026-03-31,2026-06-23,有価証券報告書－第79期(2025/04/01－2026/03/31)
E00973,4552,S100YF19,ＪＣＲファーマ株式会社,2026-03-31,2026-06-23,有価証券報告書－第51期(2025/04/01－2026/03/31)
E01515,6203,S100YF38,豊和工業株式会社,2026-03-31,2026-06-23,有価証券報告書－第188期(2025/04/01－2026/03/31)
E03764,8616,S100YGI5,東海東京フィナンシャル・ホールディングス株式会社,2026-03-31,2026-06-23,有価証券報告書－第114期(2025/04/01－2026/03/31)
E27759,3291,S100YID4,飯田グループホールディングス株式会社,2026-03-31,2026-06-23,有価証券報告書－第13期(2025/04/01－2026/03/31)
E00142,1929,S100YIDU,日特建設株式会社,2026-03-31,2026-06-23,有価証券報告書－第79期(2025/04/01－2026/03/31)
E02467,7844,S100YGG0,株式会社マーベラス,2026-03-31,2026-06-23,有価証券報告書－第29期(2025/04/01－2026/03/31)
E00693,7912,S100YF74,大日本印刷株式会社,2026-03-31,2026-06-23,有価証券報告書－第132期(2025/04/01－2026/03/31)
E02856,7525,S100YGQ4,リックス株式会社,2026-03-31,2026-06-23,有価証券報告書－第80期(2025/04/01－2026/03/31)
E02046,7859,S100YHHV,株式会社アルメディオ,2026-03-31,2026-06-23,有価証券報告書－第46期(2025/04/01－2026/03/31)
E02986,3374,S100YH0J,内外テック株式会社,2026-03-31,2026-06-23,有価証券報告書－第65期(2025/04/01－2026/03/31)
E01018,4540,S100YFC1,株式会社ツムラ,2026-03-31,2026-06-23,有価証券報告書－第90期(2025/04/01－2026/03/31)
E30481,6740,S100YH91,株式会社ジャパンディスプレイ,2026-03-31,2026-06-23,有価証券報告書－第24期(2025/04/01－2026/03/31)
E03121,8160,S100YGX7,株式会社　木曽路,2026-03-31,2026-06-23,有価証券報告書－第77期(2025/04/01－2026/03/31)
E02344,7745,S100YHHI,株式会社Ａ＆Ｄホロンホールディングス,2026-03-31,2026-06-23,有価証券報告書－第49期(2025/04/01－2026/03/31)
E02143,7202,S100YFBQ,いすゞ自動車株式会社,2026-03-31,2026-06-23,有価証券報告書－第124期(2025/04/01－2026/03/31)
E01986,6932,S100YH7Z,株式会社遠藤照明,2026-03-31,2026-06-23,有価証券報告書－第55期(2025/04/01－2026/03/31)
E02658,8138,S100YIC4,三京化成株式会社,2026-03-31,2026-06-23,有価証券報告書－第100期(2025/04/01－2026/03/31)
E22461,3634,S100Y9J8,株式会社ソケッツ,2026-03-31,2026-06-23,有価証券報告書－第26期(2025/04/01－2026/03/31)
E01870,6777,S100YH8U,ｓａｎｔｅｃ　Ｈｏｌｄｉｎｇｓ株式会社,2026-03-31,2026-06-23,有価証券報告書－第47期(2025/04/01－2026/03/31)
E27655,3676,S100YH90,株式会社デジタルハーツホールディングス,2026-03-31,2026-06-23,有価証券報告書－第13期(2025/04/01－2026/03/31)
E36976,6523,S100YHPK,ＰＨＣホールディングス株式会社,2026-03-31,2026-06-23,有価証券報告書－第13期(2025/04/01－2026/03/31)
E04179,9069,S100YH4R,センコーグループホールディングス株式会社,2026-03-31,2026-06-23,有価証券報告書－第109期(2025/04/01－2026/03/31)
E03801,3772,S100YGX4,ウェルス・マネジメント株式会社,2026-03-31,2026-06-23,有価証券報告書－第27期(2025/04/01－2026/03/31)
E30682,6096,S100YIA0,株式会社レアジョブ,2026-03-31,2026-06-23,有価証券報告書－第19期(2025/04/01－2026/03/31)
E27051,3179,S100YHC7,シュッピン株式会社,2026-03-31,2026-06-23,有価証券報告書－第21期(2025/04/01－2026/03/31)
E04065,3238,S100YH5L,セントラル総合開発株式会社,2026-03-31,2026-06-23,有価証券報告書－第67期(2025/04/01－2026/03/31)
E30479,6616,S100YFAJ,トレックス・セミコンダクター株式会社,2026-03-31,2026-06-23,有価証券報告書－第31期(2025/04/01－2026/03/31)
E01905,6951,S100YIDD,日本電子株式会社,2026-03-31,2026-06-23,有価証券報告書－第79期(2025/04/01－2026/03/31)
E02217,7292,S100YHRX,株式会社村上開明堂,2026-03-31,2026-06-23,有価証券報告書－第83期(2025/04/01－2026/03/31)
E35334,7686,S100YIAO,株式会社ひとまいる,2026-03-31,2026-06-23,有価証券報告書－第44期(2025/04/01－2026/03/31)
E00719,7883,S100YFTU,サンメッセ株式会社,2026-03-31,2026-06-23,有価証券報告書－第81期(2025/04/01－2026/03/31)
E05156,4819,S100YIB5,株式会社デジタルガレージ,2026-03-31,2026-06-23,有価証券報告書－第31期(2025/04/01－2026/03/31)
E04060,3231,S100YH2N,野村不動産ホールディングス株式会社,2026-03-31,2026-06-23,有価証券報告書－第22期(2025/04/01－2026/03/31)
E05514,2454,S100YFW5,株式会社オールアバウト,2026-03-31,2026-06-23,有価証券報告書－第34期(2025/04/01－2026/03/31)
E05679,3839,S100YHN8,株式会社ＯＤＫソリューションズ,2026-03-31,2026-06-23,有価証券報告書－第63期(2025/04/01－2026/03/31)
E01831,6809,S100YFVG,ＴＯＡ株式会社,2026-03-31,2026-06-23,有価証券報告書－第78期(2025/04/01－2026/03/31)
E02025,6424,S100YEQL,株式会社高見沢サイバネティックス,2026-03-31,2026-06-23,有価証券報告書－第57期(2025/04/01－2026/03/31)
E02089,6674,S100YH71,株式会社　ジーエス・ユアサ　コーポレーション,2026-03-31,2026-06-23,有価証券報告書－第22期(2025/04/01－2026/03/31)
E04090,9005,S100YE63,東急株式会社,2026-03-31,2026-06-23,有価証券報告書－第157期(2025/04/01－2026/03/31)
E04285,9303,S100YHFI,株式会社住友倉庫,2026-03-31,2026-06-23,有価証券報告書－第149期(2025/04/01－2026/03/31)
E01261,5423,S100YDWW,東京製鐵株式会社,2026-03-31,2026-06-23,有価証券報告書－第112期(2025/04/01－2026/03/31)
E03332,7637,S100YI9D,白銅株式会社,2026-03-31,2026-06-23,有価証券報告書－第77期(2025/04/01－2026/03/31)
E00721,9475,S100YH2P,株式会社昭文社ホールディングス,2026-03-31,2026-06-23,有価証券報告書－第67期(2025/04/01－2026/03/31)
E02740,9820,S100YFVP,エムティジェネックス株式会社,2026-03-31,2026-06-23,有価証券報告書－第76期(2025/04/01－2026/03/31)
E04894,9629,S100YGVP,ピー・シー・エー株式会社,2026-03-31,2026-06-23,有価証券報告書－第46期(2025/04/01－2026/03/31)
E03128,8282,S100YFQY,株式会社ケーズホールディングス,2026-03-31,2026-06-23,有価証券報告書－第46期(2025/04/01－2026/03/31)
E05028,4718,S100YHCO,株式会社早稲田アカデミー,2026-03-31,2026-06-23,有価証券報告書－第52期(2025/04/01－2026/03/31)
E01661,6330,S100YI4K,東洋エンジニアリング株式会社,2026-03-31,2026-06-23,有価証券報告書－第71期(2025/04/01－2026/03/31)
E03969,4681,S100YFZK,リゾートトラスト株式会社,2026-03-31,2026-06-23,有価証券報告書－第53期(2025/04/01－2026/03/31)
E01225,5401,S100YF8E,日本製鉄株式会社,2026-03-31,2026-06-23,有価証券報告書－第101期(2025/04/01－2026/03/31)
E01573,6370,S100YBAT,栗田工業株式会社,2026-03-31,2026-06-23,有価証券報告書－第90期(2025/04/01－2026/03/31)
E00484,2814,S100YGVL,佐藤食品工業株式会社,2026-03-31,2026-06-23,有価証券報告書－第72期(2025/04/01－2026/03/31)
E33574,3611,S100YHK4,株式会社マツオカコーポレーション,2026-03-31,2026-06-23,有価証券報告書－第70期(2025/04/01－2026/03/31)
E01959,6958,S100YHVS,日本シイエムケイ株式会社,2026-03-31,2026-06-23,有価証券報告書－第66期(2025/04/01－2026/03/31)
E30065,6082,S100YHAZ,株式会社ライドオンエクスプレスホールディングス,2026-03-31,2026-06-23,有価証券報告書－第25期(2025/04/01－2026/03/31)
E00095,1822,S100YI2K,大豊建設株式会社,2026-03-31,2026-06-23,有価証券報告書－第77期(2025/04/01－2026/03/31)
E33624,7199,S100YHAQ,プレミアグループ株式会社,2026-03-31,2026-06-23,有価証券報告書－第11期(2025/04/01－2026/03/31)
E00845,4228,S100YI2M,積水化成品工業株式会社,2026-03-31,2026-06-23,有価証券報告書－第82期(2025/04/01－2026/03/31)
E03020,8242,S100YDD0,エイチ・ツー・オー　リテイリング株式会社,2026-03-31,2026-06-23,有価証券報告書－第107期(2025/04/01－2026/03/31)
E38760,5535,S100YFV9,ミガロホールディングス株式会社,2026-03-31,2026-06-23,有価証券報告書－第3期(2025/04/01－2026/03/31)
E02214,7287,S100YHIT,日本精機株式会社,2026-03-31,2026-06-23,有価証券報告書－第81期(2025/04/01－2026/03/31)
E00953,4538,S100YHSC,扶桑薬品工業株式会社,2026-03-31,2026-06-23,有価証券報告書－第103期(2025/04/01－2026/03/31)
E02265,7701,S100YGJF,株式会社　島津製作所,2026-03-31,2026-06-23,有価証券報告書－第163期(2025/04/01－2026/03/31)
E02516,9274,S100YHDZ,ＫＰＰグループホールディングス株式会社,2026-03-31,2026-06-23,有価証券報告書－第152期(2025/04/01－2026/03/31)
E03768,8614,S100YH08,東洋証券株式会社,2026-03-31,2026-06-23,有価証券報告書－第104期(2025/04/01－2026/03/31)
E03679,7150,S100YHPP,株式会社島根銀行,2026-03-31,2026-06-23,有価証券報告書－第176期(2025/04/01－2026/03/31)
E02525,8074,S100YGZX,株式会社ＹＵＡＳＡ,2026-03-31,2026-06-23,有価証券報告書－第147期(2025/04/01－2026/03/31)
E02905,7628,S100YHS4,株式会社オーハシテクニカ,2026-03-31,2026-06-23,有価証券報告書－第74期(2025/04/01－2026/03/31)
E02154,7246,S100YGAC,プレス工業株式会社,2026-03-31,2026-06-23,有価証券報告書－第124期(2025/04/01－2026/03/31)
E04236,9104,S100YI2T,株式会社　商船三井,2026-03-31,2026-06-23,有価証券報告書
E32159,3934,S100YHUS,株式会社ベネフィットジャパン,2026-03-31,2026-06-23,有価証券報告書－第30期(2025/04/01－2026/03/31)
E00115,1950,S100YGLL,日本電設工業株式会社,2026-03-31,2026-06-23,有価証券報告書－第84期(2025/04/01－2026/03/31)
E00277,1770,S100YGU7,藤田エンジニアリング株式会社,2026-03-31,2026-06-23,有価証券報告書－第63期(2025/04/01－2026/03/31)
E05054,4736,S100YGDA,日本ラッド株式会社,2026-03-31,2026-06-23,有価証券報告書－第55期(2025/04/01－2026/03/31)
E02049,6337,S100YHSE,株式会社テセック,2026-03-31,2026-06-23,有価証券報告書－第58期(2025/04/01－2026/03/31)
E00465,2806,S100YHEX,ユタカフーズ株式会社,2026-03-31,2026-06-23,有価証券報告書－第86期(2025/04/01－2026/03/31)
E30656,3221,S100YEWX,株式会社ヨシックスホールディングス,2026-03-31,2026-06-23,有価証券報告書－第41期(2025/04/01－2026/03/31)
E31977,3927,S100YI0F,株式会社フーバーブレイン,2026-03-31,2026-06-23,有価証券報告書－第25期(2025/04/01－2026/03/31)
E41331,550A,S100YA88,株式会社ソフトテックス,2026-03-31,2026-06-23,有価証券報告書－第43期(2025/04/01－2026/03/31)
E00014,1332,S100YHOQ,株式会社ニッスイ,2026-03-31,2026-06-23,有価証券報告書－第111期(2025/04/01－2026/03/31)
E05324,2351,S100YHBT,株式会社ＡＳＪ,2026-03-31,2026-06-23,有価証券報告書－第43期(2025/04/01－2026/03/31)
E00148,1870,S100YEMP,矢作建設工業株式会社,2026-03-31,2026-06-23,有価証券報告書－第85期(2025/04/01－2026/03/31)
E05575,2480,S100YGTA,システム・ロケーション株式会社,2026-03-31,2026-06-23,有価証券報告書－第58期(2025/04/01－2026/03/31)
E04501,9506,S100YEK2,東北電力株式会社,2026-03-31,2026-06-23,有価証券報告書－第102期(2025/04/01－2026/03/31)
E27273,1420,S100YGLY,サンヨーホームズ株式会社,2026-03-31,2026-06-23,有価証券報告書－第30期(2025/04/01－2026/03/31)
E30130,6088,S100YG2R,株式会社シグマクシス・ホールディングス,2026-03-31,2026-06-23,有価証券報告書－第18期(2025/04/01－2026/03/31)
E31167,3132,S100YGVR,マクニカホールディングス株式会社,2026-03-31,2026-06-23,有価証券報告書－第11期(2025/04/01－2026/03/31)
E01111,5186,S100YGN5,ニッタ株式会社,2026-03-31,2026-06-23,有価証券報告書－第97期(2025/04/01－2026/03/31)
E01260,5446,S100YG3Z,北越メタル株式会社,2026-03-31,2026-06-23,有価証券報告書－第110期(2025/04/01－2026/03/31)
E02802,7433,S100YI3S,伯東株式会社,2026-03-31,2026-06-23,有価証券報告書－第74期(2025/04/01－2026/03/31)
E02850,7504,S100YEIF,株式会社高速,2026-03-31,2026-06-23,有価証券報告書－第63期(2025/04/01－2026/03/31)
E00882,4406,S100YGXD,新日本理化株式会社,2026-03-31,2026-06-23,有価証券報告書－第154期(2025/04/01－2026/03/31)
E04353,9366,S100YFGT,株式会社サンリツ,2026-03-31,2026-06-23,有価証券報告書－第81期(2025/04/01－2026/03/31)
E01032,7927,S100YGVG,ムトー精工株式会社,2026-03-31,2026-06-23,有価証券報告書－第66期(2025/04/01－2026/03/31)
E00146,1959,S100YI0L,株式会社クラフティア,2026-03-31,2026-06-23,有価証券報告書－第98期(2025/04/01－2026/03/31)
E00466,2804,S100YGZB,ブルドックソース株式会社,2026-03-31,2026-06-23,有価証券報告書－第101期(2025/04/01－2026/03/31)
E00343,2293,S100YGEP,滝沢ハム株式会社,2026-03-31,2026-06-23,有価証券報告書－第76期(2025/04/01－2026/03/31)
E37788,9347,S100YHX4,日本管財ホールディングス株式会社,2026-03-31,2026-06-23,有価証券報告書－第3期(2025/04/01－2026/03/31)
E03746,8772,S100YI2V,株式会社アサックス,2026-03-31,2026-06-23,有価証券報告書－第57期(2025/04/01－2026/03/31)
E01770,6742,S100YH1N,株式会社京三製作所,2026-03-31,2026-06-23,有価証券報告書－第161期(2025/04/01－2026/03/31)
E02825,7460,S100YHKP,株式会社ヤギ,2026-03-31,2026-06-23,有価証券報告書－第114期(2025/04/01－2026/03/31)
E02632,7459,S100YI1C,株式会社メディパルホールディングス,2026-03-31,2026-06-23,有価証券報告書－第117期(2025/04/01－2026/03/31)
E01474,6016,S100YH5Z,株式会社ジャパンエンジンコーポレーション,2026-03-31,2026-06-23,有価証券報告書－第129期(2025/04/01－2026/03/31)
E01686,9895,S100YI0I,株式会社コンセック,2026-03-31,2026-06-23,有価証券報告書－第59期(2025/04/01－2026/03/31)
E04243,9119,S100YGFN,飯野海運株式会社,2026-03-31,2026-06-23,有価証券報告書－第135期(2025/04/01－2026/03/31)
E00345,2001,S100YIC9,株式会社ニップン,2026-03-31,2026-06-23,有価証券報告書－第202期(2025/04/01－2026/03/31)
E02962,2784,S100YH29,アルフレッサホールディングス株式会社,2026-03-31,2026-06-23,有価証券報告書－第23期(2025/04/01－2026/03/31)
E05445,3787,S100YI1N,株式会社テクノマセマティカル,2026-03-31,2026-06-23,有価証券報告書－第26期(2025/04/01－2026/03/31)
E05056,4694,S100YFSM,株式会社ビー・エム・エル,2026-03-31,2026-06-23,有価証券報告書－第71期(2025/04/01－2026/03/31)
E00372,2204,S100YF3Z,株式会社中村屋,2026-03-31,2026-06-23,有価証券報告書－第105期(2025/04/01－2026/03/31)
E26124,6055,S100YHDN,ジャパンマテリアル株式会社,2026-03-31,2026-06-23,有価証券報告書－第29期(2025/04/01－2026/03/31)
E01000,4218,S100YGTG,ニチバン株式会社,2026-03-31,2026-06-23,有価証券報告書－第122期(2025/04/01－2026/03/31)
E00891,4611,S100YHL6,大日本塗料株式会社,2026-03-31,2026-06-23,有価証券報告書－第143期(2025/04/01－2026/03/31)
E26061,4977,S100YHPC,新田ゼラチン株式会社,2026-03-31,2026-06-23,有価証券報告書－第87期(2025/04/01－2026/03/31)
E01670,6272,S100YFES,レオン自動機株式会社,2026-03-31,2026-06-23,有価証券報告書－第64期(2025/04/01－2026/03/31)
E02527,8070,S100YEID,東京産業株式会社,2026-03-31,2026-06-23,有価証券報告書－第116期(2025/04/01－2026/03/31)
E01262,5449,S100YHWP,大阪製鐵株式会社,2026-03-31,2026-06-23,有価証券報告書－第48期(2025/04/01－2026/03/31)
E02348,4237,S100YH1C,フジプレアム株式会社,2026-03-31,2026-06-23,有価証券報告書－第44期(2025/04/01－2026/03/31)
E04997,4687,S100YH3J,ＴＤＣソフト株式会社,2026-03-31,2026-06-23,有価証券報告書－第73期(2025/04/01－2026/03/31)
E03361,2674,S100YHYF,株式会社ハードオフコーポレーション,2026-03-31,2026-06-23,有価証券報告書－第54期(2025/04/01－2026/03/31)
E02222,5989,S100YFUA,株式会社エイチワン,2026-03-31,2026-06-23,有価証券報告書－第20期(2025/04/01－2026/03/31)
E00242,1828,S100YHGU,田辺工業株式会社,2026-03-31,2026-06-23,有価証券報告書－第58期(2025/04/01－2026/03/31)
E24050,5020,S100YF7I,ＥＮＥＯＳホールディングス株式会社,2026-03-31,2026-06-23,有価証券報告書－第16期(2025/04/01－2026/03/31)
E02167,7269,S100YFG2,スズキ株式会社,2026-03-31,2026-06-23,有価証券報告書－第160期(2025/04/01－2026/03/31)
E03958,8864,S100YGNC,空港施設株式会社,2026-03-31,2026-06-23,有価証券報告書－第57期(2025/04/01－2026/03/31)
E32766,3970,S100YHYE,株式会社イノベーション,2026-03-31,2026-06-23,有価証券報告書－第26期(2025/04/01－2026/03/31)
E01774,6754,S100YH5E,アンリツ株式会社,2026-03-31,2026-06-23,有価証券報告書－第100期(2025/04/01－2026/03/31)
E04514,9531,S100YH8W,東京瓦斯株式会社,2026-03-31,2026-06-23,有価証券報告書－第226期(2025/04/01－2026/03/31)
E03266,7506,S100YHK9,株式会社　ハウス　オブ　ローゼ,2026-03-31,2026-06-23,有価証券報告書－第45期(2025/04/01－2026/03/31)
E03052,8173,S100YHVK,株式会社Ｊｏｓｈｉｎ,2026-03-31,2026-06-23,有価証券報告書－第78期(2025/04/01－2026/03/31)
E02307,6859,S100YG4Z,エスペック株式会社,2026-03-31,2026-06-23,有価証券報告書－第73期(2025/04/01－2026/03/31)
E01334,5803,S100YGP3,株式会社フジクラ,2026-03-31,2026-06-23,有価証券報告書－第178期(2025/04/01－2026/03/31)
E30731,9468,S100YGF5,株式会社ＫＡＤＯＫＡＷＡ,2026-03-31,2026-06-23,有価証券報告書－第12期(2025/04/01－2026/03/31)
E00786,4094,S100YH9F,日本化学産業株式会社,2026-03-31,2026-06-23,有価証券報告書－第101期(2025/04/01－2026/03/31)
E01920,6586,S100YH4M,株式会社マキタ,2026-03-31,2026-06-23,有価証券報告書－第114期(2025/04/01－2026/03/31)
E04535,9701,S100YFQM,株式会社東京會舘,2026-03-31,2026-06-23,有価証券報告書－第132期(2025/04/01－2026/03/31)
E02381,6454,S100YHEY,マックス株式会社,2026-03-31,2026-06-23,有価証券報告書－第95期(2025/04/01－2026/03/31)
E03992,8892,S100YGKW,株式会社エスコン,2026-03-31,2026-06-23,有価証券報告書－第31期(2025/04/01－2026/03/31)
E02234,7264,S100YGBE,株式会社ムロコーポレーション,2026-03-31,2026-06-23,有価証券報告書－第69期(2025/04/01－2026/03/31)
E01816,6743,S100YEMV,大同信号株式会社,2026-03-31,2026-06-23,有価証券報告書－第80期(2025/04/01－2026/03/31)
E00478,2813,S100YGOO,和弘食品株式会社,2026-03-31,2026-06-23,有価証券報告書－第63期(2025/04/01－2026/03/31)
E01296,5697,S100YGAZ,株式会社サンユウ,2026-03-31,2026-06-23,有価証券報告書－第80期(2025/04/01－2026/03/31)
E01537,6332,S100YH1A,月島ホールディングス株式会社,2026-03-31,2026-06-23,有価証券報告書－第164期(2025/04/01－2026/03/31)
E02578,8059,S100YGOV,第一実業株式会社,2026-03-31,2026-06-23,有価証券報告書－第103期(2025/04/01－2026/03/31)
E02147,7242,S100YHB1,カヤバ株式会社,2026-03-31,2026-06-23,有価証券報告書－第104期(2025/04/01－2026/03/31)
E00904,4635,S100YDYR,東京インキ株式会社,2026-03-31,2026-06-23,有価証券報告書－第154期(2025/04/01－2026/03/31)
E03416,2780,S100YHJR,株式会社コメ兵ホールディングス,2026-03-31,2026-06-23,有価証券報告書－第48期(2025/04/01－2026/03/31)
E00893,4613,S100YHKQ,関西ペイント株式会社,2026-03-31,2026-06-23,有価証券報告書－第162期(2025/04/01－2026/03/31)
E00897,4617,S100YGSJ,中国塗料株式会社,2026-03-31,2026-06-23,有価証券報告書－第129期(2025/04/01－2026/03/31)
E27294,2588,S100YHDW,株式会社プレミアムウォーターホールディングス,2026-03-31,2026-06-23,有価証券報告書－第20期(2025/04/01－2026/03/31)
E01545,6118,S100YG50,アイダエンジニアリング株式会社,2026-03-31,2026-06-23,有価証券報告書－第91期(2025/04/01－2026/03/31)
E02579,8085,S100YHOM,ナラサキ産業株式会社,2026-03-31,2026-06-23,有価証券報告書－第83期(2025/04/01－2026/03/31)
E00781,4097,S100YHRU,高圧ガス工業株式会社,2026-03-31,2026-06-23,有価証券報告書－第93期(2025/04/01－2026/03/31)
E04194,9059,S100YHF0,カンダホールディングス株式会社,2026-03-31,2026-06-23,有価証券報告書－第113期(2025/04/01－2026/03/31)
E00341,2291,S100YHU1,福留ハム株式会社,2026-03-31,2026-06-23,有価証券報告書－第75期(2025/04/01－2026/03/31)
E02735,9882,S100YC2P,株式会社イエローハット,2026-03-31,2026-06-23,有価証券報告書－第68期(2025/04/01－2026/03/31)
E01824,6976,S100YHU5,太陽誘電株式会社,2026-03-31,2026-06-23,有価証券報告書－第85期(2025/04/01－2026/03/31)
E01183,7979,S100YGMA,株式会社松風,2026-03-31,2026-06-23,有価証券報告書－第154期(2025/04/01－2026/03/31)
E04478,4838,S100YHJ3,スペースシャワーＳＫＩＹＡＫＩホールディングス株式会社,2026-03-31,2026-06-23,有価証券報告書－第32期(2025/04/01－2026/03/31)
E00387,2222,S100YCOO,寿スピリッツ株式会社,2026-03-31,2026-06-23,有価証券報告書－第74期(2025/04/01－2026/03/31)
E03208,9959,S100YGUH,アシードホールディングス株式会社,2026-03-31,2026-06-23,有価証券報告書－第54期(2025/04/01－2026/03/31)
E02216,7291,S100YHRY,日本プラスト株式会社,2026-03-31,2026-06-23,有価証券報告書－第88期(2025/04/01－2026/03/31)
E02150,7222,S100YGCO,日産車体株式会社,2026-03-31,2026-06-23,有価証券報告書－第103期(2025/04/01－2026/03/31)
E04504,9504,S100YGCV,中国電力株式会社,2026-03-31,2026-06-23,有価証券報告書－第102期(2025/04/01－2026/03/31)
E03320,7615,S100YH5X,株式会社京都きもの友禅ホールディングス,2026-03-31,2026-06-23,有価証券報告書－第55期(2025/04/01－2026/03/31)
E36368,6614,S100YHLM,株式会社シキノハイテック,2026-03-31,2026-06-23,有価証券報告書－第54期(2025/04/01－2026/03/31)
E00107,1961,S100YH3A,三機工業株式会社,2026-03-31,2026-06-23,有価証券報告書－第102期(2025/04/01－2026/03/31)
E04517,9533,S100YGFW,東邦瓦斯株式会社,2026-03-31,2026-06-23,有価証券報告書－第155期(2025/04/01－2026/03/31)
E01035,4918,S100YHO9,株式会社アイビー化粧品,2026-03-31,2026-06-23,有価証券報告書－第51期(2025/04/01－2026/03/31)
E03977,8877,S100YHNU,エスリード株式会社,2026-03-31,2026-06-23,有価証券報告書－第34期(2025/04/01－2026/03/31)
E00848,4531,S100YHPD,有機合成薬品工業株式会社,2026-03-31,2026-06-23,有価証券報告書－第106期(2025/04/01－2026/03/31)
E01403,5969,S100YGO7,株式会社ロブテックス,2026-03-31,2026-06-23,有価証券報告書－第143期(2025/04/01－2026/03/31)
E02761,9934,S100YFJE,因幡電機産業株式会社,2026-03-31,2026-06-23,有価証券報告書－第78期(2025/04/01－2026/03/31)
E01729,6157,S100YG7J,日進工具株式会社,2026-03-31,2026-06-23,有価証券報告書－第65期(2025/04/01－2026/03/31)
E03399,2730,S100YDWB,株式会社エディオン,2026-03-31,2026-06-23,有価証券報告書－第25期(2025/04/01－2026/03/31)
E04153,9023,S100YHLQ,東京地下鉄株式会社,2026-03-31,2026-06-23,有価証券報告書－第22期(2025/04/01－2026/03/31)
E00931,4516,S100YGRG,日本新薬株式会社,2026-03-31,2026-06-23,有価証券報告書－第163期(2025/04/01－2026/03/31)
E01275,5458,S100YH3H,高砂鐵工株式会社,2026-03-31,2026-06-23,有価証券報告書－第154期(2025/04/01－2026/03/31)
E02530,8041,S100YGQH,ＯＵＧホールディングス株式会社,2026-03-31,2026-06-23,有価証券報告書－第80期(2025/04/01－2026/03/31)
E01630,4543,S100YGMG,テルモ株式会社,2026-03-31,2026-06-23,有価証券報告書－第111期(2025/04/01－2026/03/31)
E05578,3802,S100YHB3,株式会社エコミック,2026-03-31,2026-06-23,有価証券報告書－第29期(2025/04/01－2026/03/31)
E02835,7476,S100YHL5,アズワン株式会社,2026-03-31,2026-06-23,有価証券報告書－第65期(2025/04/01－2026/03/31)
E01802,6745,S100YH50,ホーチキ株式会社,2026-03-31,2026-06-23,有価証券報告書－第130期(2025/04/01－2026/03/31)
E04500,9509,S100YDWY,北海道電力株式会社,2026-03-31,2026-06-23,有価証券報告書－第102期(2025/04/01－2026/03/31)
E00569,3571,S100YGQR,株式会社ソトー,2026-03-31,2026-06-23,有価証券報告書－第155期(2025/04/01－2026/03/31)
E02245,3434,S100YGLQ,株式会社アルファ,2026-03-31,2026-06-23,有価証券報告書－第88期(2025/04/01－2026/03/31)
E01327,5726,S100YHFZ,株式会社大阪チタニウムテクノロジーズ,2026-03-31,2026-06-23,有価証券報告書－第29期(2025/04/01－2026/03/31)
E01331,5742,S100YGNV,エヌアイシ・オートテック株式会社,2026-03-31,2026-06-23,有価証券報告書－第55期(2025/04/01－2026/03/31)
E00609,9980,S100YHKB,ＭＲＫホールディングス株式会社,2026-03-31,2026-06-23,有価証券報告書－第49期(2025/04/01－2026/03/31)
E04511,9534,S100YGOL,北海道瓦斯株式会社,2026-03-31,2026-06-23,有価証券報告書－第180期(2025/04/01－2026/03/31)
E01735,6254,S100YG4U,野村マイクロ・サイエンス株式会社,2026-03-31,2026-06-23,有価証券報告書－第57期(2025/04/01－2026/03/31)
E02678,8159,S100YG86,株式会社立花エレテック,2026-03-31,2026-06-23,有価証券報告書－第97期(2025/04/01－2026/03/31)
E00725,7864,S100YHJH,株式会社フジシールインターナショナル,2026-03-31,2026-06-23,有価証券報告書－第68期(2025/04/01－2026/03/31)
E01266,5440,S100YGQP,共英製鋼株式会社,2026-03-31,2026-06-23,有価証券報告書－第82期(2025/04/01－2026/03/31)
E04294,9307,S100YEZX,株式会社杉村倉庫,2026-03-31,2026-06-23,有価証券報告書－第163期(2025/04/01－2026/03/31)
E01733,6258,S100YH6Y,平田機工株式会社,2026-03-31,2026-06-23,有価証券報告書－第75期(2025/04/01－2026/03/31)
E00334,2282,S100YEEQ,日本ハム株式会社,2026-03-31,2026-06-23,有価証券報告書－第81期(2025/04/01－2026/03/31)
E01109,5199,S100YGMK,不二ラテックス株式会社,2026-03-31,2026-06-23,有価証券報告書－第78期(2025/04/01－2026/03/31)
E01298,3423,S100YG2M,株式会社エスイー,2026-03-31,2026-06-23,有価証券報告書－第45期(2025/04/01－2026/03/31)
E03674,8563,S100YHKN,株式会社大東銀行,2026-03-31,2026-06-23,有価証券報告書－第121期(2025/04/01－2026/03/31)
E01434,6484,S100YH48,株式会社ＫＶＫ,2026-03-31,2026-06-23,有価証券報告書－第79期(2025/04/01－2026/03/31)
E00632,7897,S100YGLJ,ホクシン株式会社,2026-03-31,2026-06-23,有価証券報告書－第76期(2025/04/01－2026/03/31)
E01103,4224,S100YGGD,ロンシール工業株式会社,2026-03-31,2026-06-23,有価証券報告書－第83期(2025/04/01－2026/03/31)
E03599,8395,S100YH10,株式会社佐賀銀行,2026-03-31,2026-06-23,有価証券報告書－第97期(2025/04/01－2026/03/31)
E02938,2708,S100YG7R,株式会社久世,2026-03-31,2026-06-23,有価証券報告書－第79期(2025/04/01－2026/03/31)
E00591,3580,S100YHIR,小松マテーレ株式会社,2026-03-31,2026-06-23,有価証券報告書－第114期(2025/04/01－2026/03/31)
E00501,2816,S100YGNU,株式会社ダイショー,2026-03-31,2026-06-23,有価証券報告書－第60期(2025/04/01－2026/03/31)
E04356,9367,S100YH3W,大東港運株式会社,2026-03-31,2026-06-23,有価証券報告書－第77期(2025/04/01－2026/03/31)
E04410,9404,S100Y9BG,日本テレビホールディングス株式会社,2026-03-31,2026-06-23,有価証券報告書－第93期(2025/04/01－2026/03/31)
E03269,7509,S100YGK3,アイエーグループ株式会社,2026-03-31,2026-06-23,有価証券報告書－第43期(2025/04/01－2026/03/31)
E02851,7510,S100YHGY,株式会社たけびし,2026-03-31,2026-06-23,有価証券報告書－第137期(2025/04/01－2026/03/31)
E04859,9684,S100YHJ4,株式会社スクウェア・エニックス・ホールディングス,2026-03-31,2026-06-23,有価証券報告書－第46期(2025/04/01－2026/03/31)
E01916,6982,S100YGCM,株式会社リード,2026-03-31,2026-06-23,有価証券報告書－第93期(2025/04/01－2026/03/31)
E00065,1815,S100YGCF,鉄建建設株式会社,2026-03-31,2026-06-23,有価証券報告書－第85期(2025/04/01－2026/03/31)
E02821,7456,S100YGWM,松田産業株式会社,2026-03-31,2026-06-23,有価証券報告書－第77期(2025/04/01－2026/03/31)
E04092,9008,S100YF0G,京王電鉄株式会社,2026-03-31,2026-06-23,有価証券報告書－第105期(2025/04/01－2026/03/31)
E01411,5986,S100YGQQ,モリテックスチール株式会社,2026-03-31,2026-06-23,有価証券報告書－第85期(2025/04/01－2026/03/31)
E32647,3963,S100YGE7,株式会社シンクロ・フード,2026-03-31,2026-06-23,有価証券報告書－第23期(2025/04/01－2026/03/31)
E04788,8593,S100YF4V,三菱ＨＣキャピタル株式会社,2026-03-31,2026-06-23,有価証券報告書－第55期(2025/04/01－2026/03/31)
E00922,4506,S100YH3M,住友ファーマ株式会社,2026-03-31,2026-06-23,有価証券報告書－第206期(2025/04/01－2026/03/31)
E02415,7943,S100YH8A,ニチハ株式会社,2026-03-31,2026-06-23,有価証券報告書－第89期(2025/04/01－2026/03/31)
E01048,4968,S100YF3H,荒川化学工業株式会社,2026-03-31,2026-06-23,有価証券報告書－第96期(2025/04/01－2026/03/31)
E02281,7762,S100YGYK,シチズン時計株式会社,2026-03-31,2026-06-23,有価証券報告書－第141期(2025/04/01－2026/03/31)
E37978,6526,S100YHHK,株式会社ソシオネクスト,2026-03-31,2026-06-23,有価証券報告書－第12期(2025/04/01－2026/03/31)
E02549,8101,S100YGXI,株式会社ＧＳＩクレオス,2026-03-31,2026-06-23,有価証券報告書－第96期(2025/04/01－2026/03/31)
E00480,2907,S100YGFU,株式会社あじかん,2026-03-31,2026-06-23,有価証券報告書－第62期(2025/04/01－2026/03/31)
E04878,6197,S100YGQU,株式会社ソラスト,2026-03-31,2026-06-23,有価証券報告書－第58期(2025/04/01－2026/03/31)
E02170,7226,S100YE9E,極東開発工業株式会社,2026-03-31,2026-06-23,有価証券報告書－第91期(2025/04/01－2026/03/31)
E05025,4684,S100YGBS,株式会社オービック,2026-03-31,2026-06-23,有価証券報告書－第59期(2025/04/01－2026/03/31)
E03178,9900,S100YGZJ,株式会社サガミホールディングス,2026-03-31,2026-06-23,有価証券報告書－第56期(2025/04/01－2026/03/31)
E05493,2445,S100YFC3,株式会社タカミヤ,2026-03-31,2026-06-23,有価証券報告書－第58期(2025/04/01－2026/03/31)
E00028,5714,S100YGIN,ＤＯＷＡホールディングス株式会社,2026-03-31,2026-06-23,有価証券報告書－第123期(2025/04/01－2026/03/31)
E33822,6570,S100YF8W,株式会社共和コーポレーション,2026-03-31,2026-06-23,有価証券報告書－第40期(2025/04/01－2026/03/31)
E01444,5909,S100YF55,株式会社　コロナ,2026-03-31,2026-06-23,有価証券報告書－第78期(2025/04/01－2026/03/31)
E01206,5282,S100YG98,ジオスター株式会社,2026-03-31,2026-06-23,有価証券報告書－第57期(2025/04/01－2026/03/31)
E03788,8707,S100YG9I,岩井コスモホールディングス株式会社,2026-03-31,2026-06-23,有価証券報告書－第87期(2025/04/01－2026/03/31)
E04160,9083,S100YHAF,神姫バス株式会社,2026-03-31,2026-06-23,有価証券報告書－第143期(2025/04/01－2026/03/31)
E00348,2004,S100YGEO,昭和産業株式会社,2026-03-31,2026-06-23,有価証券報告書－第125期(2025/04/01－2026/03/31)
E05283,2317,S100YFPF,株式会社システナ,2026-03-31,2026-06-23,有価証券報告書－第44期(2025/04/01－2026/03/31)
E30451,3190,S100YEJ9,株式会社ホットマン,2026-03-31,2026-06-23,有価証券報告書－第52期(2025/04/01－2026/03/31)
E01850,6820,S100YGGJ,アイコム株式会社,2026-03-31,2026-06-23,有価証券報告書－第62期(2025/04/01－2026/03/31)
E02345,6678,S100YGSP,株式会社テクノメディカ,2026-03-31,2026-06-23,有価証券報告書－第39期(2025/04/01－2026/03/31)
E01315,5464,S100YEUF,モリ工業株式会社,2026-03-31,2026-06-23,有価証券報告書－第84期(2025/04/01－2026/03/31)
E02837,7481,S100YDVR,尾家産業株式会社,2026-03-31,2026-06-23,有価証券報告書－第66期(2025/04/01－2026/03/31)
E31624,3417,S100YF0K,大木ヘルスケアホールディングス株式会社,2026-03-31,2026-06-23,有価証券報告書－第11期(2025/04/01－2026/03/31)
E00764,4027,S100YHFP,テイカ株式会社,2026-03-31,2026-06-23,有価証券報告書－第160期(2025/04/01－2026/03/31)
E02363,7952,S100YG4C,株式会社河合楽器製作所,2026-03-31,2026-06-23,有価証券報告書－第99期(2025/04/01－2026/03/31)
E02544,8291,S100YGG9,日産東京販売ホールディングス株式会社,2026-03-31,2026-06-23,有価証券報告書－第114期(2025/04/01－2026/03/31)
E03567,8362,S100YFJC,株式会社福井銀行,2026-03-31,2026-06-23,有価証券報告書－第206期(2025/04/01－2026/03/31)
E02163,7261,S100YDZ1,マツダ株式会社,2026-03-31,2026-06-23,有価証券報告書－第160期(2025/04/01－2026/03/31)
E00996,3551,S100YFSH,ダイニック株式会社,2026-03-31,2026-06-23,有価証券報告書－第163期(2025/04/01－2026/03/31)
E04336,9193,S100YEHQ,東京汽船株式会社,2026-03-31,2026-06-23,有価証券報告書－第88期(2025/04/01－2026/03/31)
E03133,8255,S100YBP0,アクシアル　リテイリング株式会社,2026-03-31,2026-06-23,有価証券報告書－第75期(2025/04/01－2026/03/31)
E00194,1980,S100YGXY,ダイダン株式会社,2026-03-31,2026-06-23,有価証券報告書－第97期(2025/04/01－2026/03/31)
E01051,4970,S100YGHH,東洋合成工業株式会社,2026-03-31,2026-06-23,有価証券報告書－第76期(2025/04/01－2026/03/31)
E01066,4241,S100YDEW,株式会社アテクト,2026-03-31,2026-06-23,有価証券報告書－第57期(2025/04/01－2026/03/31)
E01534,6360,S100YHZL,株式会社　東京自働機械製作所,2026-03-31,2026-06-24,有価証券報告書－第77期(2025/04/01－2026/03/31)
E03147,9853,S100YJPB,株式会社銀座ルノアール,2026-03-31,2026-06-24,有価証券報告書－第63期(2025/04/01－2026/03/31)
E01620,6343,S100YIIQ,フリージア・マクロス株式会社,2026-03-31,2026-06-24,有価証券報告書－第83期(2025/04/01－2026/03/31)
E01222,5288,S100YJPY,アジアパイルホールディングス株式会社,2026-03-31,2026-06-24,有価証券報告書－第21期(2025/04/01－2026/03/31)
E00879,4118,S100YIFD,株式会社カネカ,2026-03-31,2026-06-24,有価証券報告書－第102期(2025/04/01－2026/03/31)
E01632,6357,S100YE8X,三精テクノロジーズ株式会社,2026-03-31,2026-06-24,有価証券報告書－第76期(2025/04/01－2026/03/31)
E02732,9896,S100YJ4A,ＪＫホールディングス株式会社,2026-03-31,2026-06-24,有価証券報告書－第80期(2025/04/01－2026/03/31)
E00543,3104,S100YIS2,富士紡ホールディングス株式会社,2026-03-31,2026-06-24,有価証券報告書－第206期(2025/04/01－2026/03/31)
E04815,9753,S100YIII,アイエックス・ナレッジ株式会社,2026-03-31,2026-06-24,有価証券報告書－第48期(2025/04/01－2026/03/31)
E04159,9082,S100YHKH,大和自動車交通株式会社,2026-03-31,2026-06-24,有価証券報告書－第119期(2025/04/01－2026/03/31)
E02714,9856,S100YIY6,株式会社ケーユーホールディングス,2026-03-31,2026-06-24,有価証券報告書－第54期(2025/04/01－2026/03/31)
E03688,8511,S100YIQY,日本証券金融株式会社,2026-03-31,2026-06-24,有価証券報告書－第116期(2025/04/01－2026/03/31)
E38504,4040,S100YI8M,南海化学株式会社,2026-03-31,2026-06-24,有価証券報告書－第75期(2025/04/01－2026/03/31)
E02747,9906,S100YJUL,藤井産業株式会社,2026-03-31,2026-06-24,有価証券報告書－第72期(2025/04/01－2026/03/31)
E35153,2980,S100YJPC,ＳＲＥホールディングス株式会社,2026-03-31,2026-06-24,有価証券報告書－第12期(2025/04/01－2026/03/31)
E01808,6800,S100YI9J,株式会社ヨコオ,2026-03-31,2026-06-24,有価証券報告書－第88期(2025/04/01－2026/03/31)
E37165,2585,S100YIP0,株式会社ライフドリンク　カンパニー,2026-03-31,2026-06-24,有価証券報告書－第54期(2025/04/01－2026/03/31)
E01088,5103,S100YJM4,昭和ホールディングス株式会社,2026-03-31,2026-06-24,有価証券報告書－第125期(2025/04/01－2026/03/31)
E04982,4671,S100YIIX,株式会社ファルコホールディングス,2026-03-31,2026-06-24,有価証券報告書－第39期(2025/04/01－2026/03/31)
E41115,475A,S100YJX2,株式会社ギミック,2026-03-31,2026-06-24,有価証券報告書－第23期(2025/04/01－2026/03/31)
E01151,5393,S100YG7B,ニチアス株式会社,2026-03-31,2026-06-24,有価証券報告書－第210期(2025/04/01－2026/03/31)
E01112,5161,S100YIPC,西川ゴム工業株式会社,2026-03-31,2026-06-24,有価証券報告書－第77期(2025/04/01－2026/03/31)
E03213,9969,S100YJTJ,株式会社ショクブン,2026-03-31,2026-06-24,有価証券報告書－第50期(2025/04/01－2026/03/31)
E38761,6209,S100YHYP,リケンＮＰＲ株式会社,2026-03-31,2026-06-24,有価証券報告書－第3期(2025/04/01－2026/03/31)
E04996,4686,S100YHW4,株式会社ジャストシステム,2026-03-31,2026-06-24,有価証券報告書－第45期(2025/04/01－2026/03/31)
E01372,6306,S100YH1J,日工株式会社,2026-03-31,2026-06-24,有価証券報告書－第163期(2025/04/01－2026/03/31)
E02387,7284,S100YIWC,盟和産業株式会社,2026-03-31,2026-06-24,有価証券報告書－第71期(2025/04/01－2026/03/31)
E05400,3741,S100YIG2,株式会社セック,2026-03-31,2026-06-24,有価証券報告書－第56期(2025/04/01－2026/03/31)
E32620,3962,S100YJC3,株式会社チェンジホールディングス,2026-03-31,2026-06-24,有価証券報告書－第24期(2025/04/01－2026/03/31)
E00765,4028,S100YIFO,石原産業株式会社,2026-03-31,2026-06-24,有価証券報告書－第103期(2025/04/01－2026/03/31)
E02006,6420,S100YJPK,ガリレイ株式会社,2026-03-31,2026-06-24,有価証券報告書－第75期(2025/04/01－2026/03/31)
E05553,3799,S100YI9M,キーウェアソリューションズ株式会社,2026-03-31,2026-06-24,有価証券報告書－第61期(2025/04/01－2026/03/31)
E02042,6875,S100YDEK,株式会社メガチップス,2026-03-31,2026-06-24,有価証券報告書－第36期(2025/04/01－2026/03/31)
E00168,1982,S100YJU0,日比谷総合設備株式会社,2026-03-31,2026-06-24,有価証券報告書－第61期(2025/04/01－2026/03/31)
E00521,3010,S100YITQ,ポラリス・ホールディングス株式会社,2026-03-31,2026-06-24,有価証券報告書－第152期(2025/04/01－2026/03/31)
E03120,8218,S100YJBF,株式会社コメリ,2026-03-31,2026-06-24,有価証券報告書－第65期(2025/04/01－2026/03/31)
E02242,7217,S100YIDI,株式会社テイン,2026-03-31,2026-06-24,有価証券報告書－第43期(2025/04/01－2026/03/31)
E04331,8097,S100YH4U,三愛オブリ株式会社,2026-03-31,2026-06-24,有価証券報告書－第95期(2025/04/01－2026/03/31)
E00094,1951,S100YI51,エクシオグループ株式会社,2026-03-31,2026-06-24,有価証券報告書－第72期(2025/04/01－2026/03/31)
E01581,6380,S100YHXB,オリエンタルチエン工業株式会社,2026-03-31,2026-06-24,有価証券報告書－第107期(2025/04/01－2026/03/31)
E40985,429A,S100YJ5L,テクセンドフォトマスク株式会社,2026-03-31,2026-06-24,有価証券報告書－第5期(2025/04/01－2026/03/31)
E01065,4975,S100YIEL,株式会社ＪＣＵ,2026-03-31,2026-06-24,有価証券報告書－第66期(2025/04/01－2026/03/31)
E33247,6549,S100YJGW,ディーエムソリューションズ株式会社,2026-03-31,2026-06-24,有価証券報告書－第22期(2025/04/01－2026/03/31)
E02518,8084,S100YGNM,株式会社ＲＹＯＤＥＮ,2026-03-31,2026-06-24,有価証券報告書－第86期(2025/04/01－2026/03/31)
E01884,6588,S100YHCF,東芝テック株式会社,2026-03-31,2026-06-24,有価証券報告書－第101期(2025/04/01－2026/03/31)
E01815,6804,S100YI0D,ホシデン株式会社,2026-03-31,2026-06-24,有価証券報告書－第76期(2025/04/01－2026/03/31)
E00185,1938,S100YI6M,日本リーテック株式会社,2026-03-31,2026-06-24,有価証券報告書－第17期(2025/04/01－2026/03/31)
E00153,1975,S100YIGB,株式会社朝日工業社,2026-03-31,2026-06-24,有価証券報告書－第97期(2025/04/01－2026/03/31)
E34031,4386,S100YH0Q,株式会社ＳＩＧグループ,2026-03-31,2026-06-24,有価証券報告書－第35期(2025/04/01－2026/03/31)
E02228,5970,S100YIKX,株式会社ジーテクト,2026-03-31,2026-06-24,有価証券報告書－第15期(2025/04/01－2026/03/31)
E02864,7537,S100YIN7,丸文株式会社,2026-03-31,2026-06-24,有価証券報告書－第79期(2025/04/01－2026/03/31)
E01693,6485,S100YIVJ,前澤給装工業株式会社,2026-03-31,2026-06-24,有価証券報告書－第70期(2025/04/01－2026/03/31)
E01979,6941,S100YHIH,山一電機株式会社,2026-03-31,2026-06-24,有価証券報告書－第71期(2025/04/01－2026/03/31)
E01081,5016,S100YINW,ＪＸ金属株式会社,2026-03-31,2026-06-24,有価証券報告書－第24期(2025/04/01－2026/03/31)
E01439,5983,S100YHYU,イワブチ株式会社,2026-03-31,2026-06-24,有価証券報告書－第76期(2025/04/01－2026/03/31)
E03907,8830,S100YI5D,住友不動産株式会社,2026-03-31,2026-06-24,有価証券報告書－第93期(2025/04/01－2026/03/31)
E04136,9012,S100YIV6,秩父鉄道株式会社,2026-03-31,2026-06-24,有価証券報告書－第203期(2025/04/01－2026/03/31)
E00388,2224,S100YICN,株式会社コモ,2026-03-31,2026-06-24,有価証券報告書－第42期(2025/04/01－2026/03/31)
E00498,2877,S100YGFI,日東ベスト株式会社,2026-03-31,2026-06-24,有価証券報告書－第88期(2025/04/01－2026/03/31)
E00988,4901,S100YIBH,富士フイルムホールディングス株式会社,2026-03-31,2026-06-24,有価証券報告書－第130期(2025/04/01－2026/03/31)
E01607,6479,S100YISS,ミネベアミツミ株式会社,2026-03-31,2026-06-24,有価証券報告書－第80期(2025/04/01－2026/03/31)
E03606,8306,S100YJQO,株式会社三菱ＵＦＪフィナンシャル・グループ,2026-03-31,2026-06-24,有価証券報告書－第21期(2025/04/01－2026/03/31)
E00530,3109,S100YGL9,シキボウ株式会社,2026-03-31,2026-06-24,有価証券報告書－第213期(2025/04/01－2026/03/31)
E03855,8801,S100YHUO,三井不動産株式会社,2026-03-31,2026-06-24,有価証券報告書－第114期(2025/04/01－2026/03/31)
E02285,7734,S100YIB1,理研計器株式会社,2026-03-31,2026-06-24,有価証券報告書－第120期(2025/04/01－2026/03/31)
E27624,4275,S100YIGR,株式会社カーリット,2026-03-31,2026-06-24,有価証券報告書－第13期(2025/04/01－2026/03/31)
E01914,6981,S100YHPY,株式会社村田製作所,2026-03-31,2026-06-24,有価証券報告書－第90期(2025/04/01－2026/03/31)
E03164,9887,S100YJ71,株式会社松屋フーズホールディングス,2026-03-31,2026-06-24,有価証券報告書－第51期(2025/04/01－2026/03/31)
E01797,6794,S100YJIM,フォスター電機株式会社,2026-03-31,2026-06-24,有価証券報告書－第92期(2025/04/01－2026/03/31)
E33535,1443,S100YEE3,技研ホールディングス株式会社,2026-03-31,2026-06-24,有価証券報告書－第9期(2025/04/01－2026/03/31)
E01094,5121,S100YJDM,藤倉コンポジット株式会社,2026-03-31,2026-06-24,有価証券報告書－第147期(2025/04/01－2026/03/31)
E01875,6659,S100YHY4,株式会社メディアリンクス,2026-03-31,2026-06-24,有価証券報告書－第33期(2025/04/01－2026/03/31)
E03360,2673,S100YE9G,夢みつけ隊株式会社,2026-03-31,2026-06-24,有価証券報告書－第46期(2025/04/01－2026/03/31)
E02140,7276,S100YHHQ,株式会社小糸製作所,2026-03-31,2026-06-24,有価証券報告書－第126期(2025/04/01－2026/03/31)
E03770,8699,S100YJQ6,ＨＳホールディングス株式会社,2026-03-31,2026-06-24,有価証券報告書－第69期(2025/04/01－2026/03/31)
E04773,9735,S100YICV,セコム株式会社,2026-03-31,2026-06-24,有価証券報告書－第65期(2025/04/01－2026/03/31)
E03144,9843,S100YIMF,株式会社ニトリホールディングス,2026-03-31,2026-06-24,有価証券報告書－第54期(2025/04/01－2026/03/31)
E39448,160A,S100YIQV,株式会社アズパートナーズ,2026-03-31,2026-06-24,有価証券報告書－第22期(2025/04/01－2026/03/31)
E05556,3395,S100YI0O,株式会社サンマルクホールディングス,2026-03-31,2026-06-24,有価証券報告書－第35期(2025/04/01－2026/03/31)
E37831,7111,S100YJEX,ＩＮＥＳＴ株式会社,2026-03-31,2026-06-24,有価証券報告書－第4期(2025/04/01－2026/03/31)
E02442,5956,S100YHLG,トーソー株式会社,2026-03-31,2026-06-24,有価証券報告書－第86期(2025/04/01－2026/03/31)
E00024,5706,S100YBQV,三井金属株式会社,2026-03-31,2026-06-24,有価証券報告書－第101期(2025/04/01－2026/03/31)
E31958,6185,S100YIYU,ＳＭＮ株式会社,2026-03-31,2026-06-24,有価証券報告書－第29期(2025/04/01－2026/03/31)
E04503,9505,S100YE68,北陸電力株式会社,2026-03-31,2026-06-24,有価証券報告書－第102期(2025/04/01－2026/03/31)
E05645,3825,S100YJHT,株式会社リミックスポイント,2026-03-31,2026-06-24,有価証券報告書－第23期(2025/04/01－2026/03/31)
E04323,9311,S100YIGL,アサガミ株式会社,2026-03-31,2026-06-24,有価証券報告書－第104期(2025/04/01－2026/03/31)
E00233,1904,S100YIC7,大成温調株式会社,2026-03-31,2026-06-24,有価証券報告書－第75期(2025/04/01－2026/03/31)
E04920,9799,S100YHT5,旭情報サービス株式会社,2026-03-31,2026-06-24,有価証券報告書－第64期(2025/04/01－2026/03/31)
E04414,9409,S100YCD2,株式会社テレビ朝日ホールディングス,2026-03-31,2026-06-24,有価証券報告書－第86期(2025/04/01－2026/03/31)
E04476,9445,S100YJ9I,株式会社フォーバルテレコム,2026-03-31,2026-06-24,有価証券報告書－第31期(2025/04/01－2026/03/31)
E36757,7127,S100YHIO,株式会社一家ホールディングス,2026-03-31,2026-06-24,有価証券報告書－第5期(2025/04/01－2026/03/31)
E04944,9780,S100Y7GN,株式会社ハリマビステム,2026-03-31,2026-06-24,有価証券報告書－第64期(2025/04/01－2026/03/31)
E31632,5021,S100YI3A,コスモエネルギーホールディングス株式会社,2026-03-31,2026-06-24,有価証券報告書－第11期(2025/04/01－2026/03/31)
E27260,3182,S100YJ0Y,オイシックス・ラ・大地株式会社,2026-03-31,2026-06-24,有価証券報告書－第29期(2025/04/01－2026/03/31)
E01790,6707,S100YI8X,サンケン電気株式会社,2026-03-31,2026-06-24,有価証券報告書－第109期(2025/04/01－2026/03/31)
E05686,2148,S100YHX3,アイティメディア株式会社,2026-03-31,2026-06-24,有価証券報告書－第27期(2025/04/01－2026/03/31)
E04585,9605,S100YI7S,東映株式会社,2026-03-31,2026-06-24,有価証券報告書－第103期(2025/04/01－2026/03/31)
E27210,3183,S100YEHT,ウイン・パートナーズ株式会社,2026-03-31,2026-06-24,有価証券報告書－第13期(2025/04/01－2026/03/31)
E04399,9408,S100YHOV,株式会社ＢＳＮメディアホールディングス,2026-03-31,2026-06-24,有価証券報告書－第96期(2025/04/01－2026/03/31)
E04044,8999,S100YIKY,グランディハウス株式会社,2026-03-31,2026-06-24,有価証券報告書－第35期(2025/04/01－2026/03/31)
E04342,9362,S100YGR4,兵機海運株式会社,2026-03-31,2026-06-24,有価証券報告書－第83期(2025/04/01－2026/03/31)
E27633,3289,S100YHXW,東急不動産ホールディングス株式会社,2026-03-31,2026-06-24,有価証券報告書－第13期(2025/04/01－2026/03/31)
E33819,3489,S100YHL1,株式会社フェイスネットワーク,2026-03-31,2026-06-24,有価証券報告書－第25期(2025/04/01－2026/03/31)
E00167,1807,S100YJEE,株式会社佐藤渡辺,2026-03-31,2026-06-24,有価証券報告書－第95期(2025/04/01－2026/03/31)
E05238,8898,S100YJMR,株式会社センチュリー２１・ジャパン,2026-03-31,2026-06-24,有価証券報告書－第43期(2025/04/01－2026/03/31)
E26454,6059,S100YJMS,株式会社ウチヤマホールディングス,2026-03-31,2026-06-24,有価証券報告書－第20期(2025/04/01－2026/03/31)
E01172,4990,S100YJME,昭和化学工業株式会社,2026-03-31,2026-06-24,有価証券報告書－第99期(2025/04/01－2026/03/31)
E00098,1926,S100YIK2,ライト工業株式会社,2026-03-31,2026-06-24,有価証券報告書－第79期(2025/04/01－2026/03/31)
E02574,8043,S100YIM9,スターゼン株式会社,2026-03-31,2026-06-24,有価証券報告書－第87期(2025/04/01－2026/03/31)
E02354,7749,S100YI2W,メディキット株式会社,2026-03-31,2026-06-24,有価証券報告書－第43期(2025/04/01－2026/03/31)
E04326,9355,S100YHZP,株式会社リンコーコーポレーション,2026-03-31,2026-06-24,有価証券報告書－第165期(2025/04/01－2026/03/31)
E00767,4042,S100YE5Q,東ソー株式会社,2026-03-31,2026-06-24,有価証券報告書－第127期(2025/04/01－2026/03/31)
E01813,6776,S100YIYI,天昇電気工業株式会社,2026-03-31,2026-06-24,有価証券報告書－第100期(2025/04/01－2026/03/31)
E01874,6675,S100YJLC,サクサ株式会社,2026-03-31,2026-06-24,有価証券報告書－第23期(2025/04/01－2026/03/31)
E02724,9880,S100YJ5D,イノテック株式会社,2026-03-31,2026-06-24,有価証券報告書－第40期(2025/04/01－2026/03/31)
E04510,9513,S100YISC,電源開発株式会社,2026-03-31,2026-06-24,有価証券報告書－第74期(2025/04/01－2026/03/31)
E04242,9115,S100YGYV,明海グループ株式会社,2026-03-31,2026-06-24,有価証券報告書－第172期(2025/04/01－2026/03/31)
E23479,4926,S100YIUO,株式会社シーボン,2026-03-31,2026-06-24,有価証券報告書－第61期(2025/04/01－2026/03/31)
E01939,6806,S100YJDW,ヒロセ電機株式会社,2026-03-31,2026-06-24,有価証券報告書－第79期(2025/04/01－2026/03/31)
E01229,5408,S100YIVA,株式会社中山製鋼所,2026-03-31,2026-06-24,有価証券報告書－第132期(2025/04/01－2026/03/31)
E03193,9936,S100YHJQ,株式会社王将フードサービス,2026-03-31,2026-06-24,有価証券報告書－第52期(2025/04/01－2026/03/31)
E01947,6810,S100YJH7,マクセル株式会社,2026-03-31,2026-06-24,有価証券報告書－第80期(2025/04/01－2026/03/31)
E01378,5981,S100YJJW,東京製綱株式会社,2026-03-31,2026-06-24,有価証券報告書－第227期(2025/04/01－2026/03/31)
E21902,2269,S100YILP,明治ホールディングス株式会社,2026-03-31,2026-06-24,有価証券報告書－第17期(2025/04/01－2026/03/31)
E04887,9644,S100YJ07,株式会社タナベコンサルティンググループ,2026-03-31,2026-06-24,有価証券報告書－第64期(2025/04/01－2026/03/31)
E02547,3023,S100YJIY,ラサ商事株式会社,2026-03-31,2026-06-24,有価証券報告書－第124期(2025/04/01－2026/03/31)
E00692,7911,S100YIAY,ＴＯＰＰＡＮホールディングス株式会社,2026-03-31,2026-06-24,有価証券報告書－第180期(2025/04/01－2026/03/31)
E01928,6926,S100YJ7H,岡谷電機産業株式会社,2026-03-31,2026-06-24,有価証券報告書－第103期(2025/04/01－2026/03/31)
E01811,6772,S100YJ3Z,東京コスモス電機株式会社,2026-03-31,2026-06-24,有価証券報告書－第69期(2025/04/01－2026/03/31)
E03289,4558,S100YJGX,株式会社中京医薬品,2026-03-31,2026-06-24,有価証券報告書－第48期(2025/04/01－2026/03/31)
E03967,8869,S100YJF1,明和地所株式会社,2026-03-31,2026-06-24,有価証券報告書－第40期(2025/04/01－2026/03/31)
E00092,1945,S100YJBK,株式会社東京エネシス,2026-03-31,2026-06-24,有価証券報告書－第79期(2025/04/01－2026/03/31)
E02444,7874,S100YIJB,レック株式会社,2026-03-31,2026-06-24,有価証券報告書－第44期(2025/04/01－2026/03/31)
E01422,5940,S100YIDL,不二サッシ株式会社,2026-03-31,2026-06-24,有価証券報告書－第45期(2025/04/01－2026/03/31)
E00137,1934,S100YHQP,株式会社ユアテック,2026-03-31,2026-06-24,有価証券報告書－第112期(2025/04/01－2026/03/31)
E03330,7634,S100YHH0,株式会社星医療酸器,2026-03-31,2026-06-24,有価証券報告書－第52期(2025/04/01－2026/03/31)
E01993,6918,S100Y38P,株式会社アバールデータ,2026-03-31,2026-06-24,有価証券報告書－第67期(2025/04/01－2026/03/31)
E02773,3598,S100YI4G,山喜株式会社,2026-03-31,2026-06-24,有価証券報告書－第74期(2025/04/01－2026/03/31)
E00069,1811,S100YJ24,株式会社錢高組,2026-03-31,2026-06-24,有価証券報告書－第95期(2025/04/01－2026/03/31)
E01142,5269,S100YI1J,日本コンクリート工業株式会社,2026-03-31,2026-06-24,有価証券報告書－第95期(2025/04/01－2026/03/31)
E00179,1867,S100YIPR,株式会社植木組,2026-03-31,2026-06-24,有価証券報告書－第79期(2025/04/01－2026/03/31)
E00032,5715,S100YIDC,古河機械金属株式会社,2026-03-31,2026-06-24,有価証券報告書－第159期(2025/04/01－2026/03/31)
E00331,2264,S100YIHY,森永乳業株式会社,2026-03-31,2026-06-24,有価証券報告書－第103期(2025/04/01－2026/03/31)
E01045,4966,S100YIOW,上村工業株式会社,2026-03-31,2026-06-24,有価証券報告書－第98期(2025/04/01－2026/03/31)
E04155,9017,S100YI97,新潟交通株式会社,2026-03-31,2026-06-24,有価証券報告書－第113期(2025/04/01－2026/03/31)
E32158,3467,S100YIPZ,アグレ都市デザイン株式会社,2026-03-31,2026-06-24,有価証券報告書－第17期(2025/04/01－2026/03/31)
E00036,1515,S100YI8I,日鉄鉱業株式会社,2026-03-31,2026-06-24,有価証券報告書－第112期(2025/04/01－2026/03/31)
E01847,6864,S100YIMB,株式会社エヌエフホールディングス,2026-03-31,2026-06-24,有価証券報告書－第73期(2025/04/01－2026/03/31)
E05543,3779,S100YHI1,ジェイ・エスコムホールディングス株式会社,2026-03-31,2026-06-24,有価証券報告書－第21期(2025/04/01－2026/03/31)
E00207,1930,S100YI00,北陸電気工事株式会社,2026-03-31,2026-06-24,有価証券報告書－第112期(2025/04/01－2026/03/31)
E00520,3002,S100YGEM,グンゼ株式会社,2026-03-31,2026-06-24,有価証券報告書－第130期(2025/04/01－2026/03/31)
E00076,1946,S100YIKH,株式会社トーエネック,2026-03-31,2026-06-24,有価証券報告書－第108期(2025/04/01－2026/03/31)
E01321,5757,S100YIA1,株式会社ＣＫサンエツ,2026-03-31,2026-06-24,有価証券報告書
E32189,6237,S100YHPM,株式会社イワキ,2026-03-31,2026-06-24,有価証券報告書－第71期(2025/04/01－2026/03/31)
E01230,7231,S100YJBN,トピー工業株式会社,2026-03-31,2026-06-24,有価証券報告書－第132期(2025/04/01－2026/03/31)
E02683,8023,S100YIXP,ＤＡＩＫＯ　ＸＴＥＣＨ株式会社,2026-03-31,2026-06-24,有価証券報告書－第73期(2025/04/01－2026/03/31)
E00910,4624,S100YJCY,イサム塗料株式会社,2026-03-31,2026-06-24,有価証券報告書－第80期(2025/04/01－2026/03/31)
E01235,5410,S100YCUF,合同製鐵株式会社,2026-03-31,2026-06-24,有価証券報告書－第120期(2025/04/01－2026/03/31)
E02334,7717,S100YITH,株式会社ブイ・テクノロジー,2026-03-31,2026-06-24,有価証券報告書－第29期(2025/04/01－2026/03/31)
E01859,6822,S100YI6A,大井電気株式会社,2026-03-31,2026-06-24,有価証券報告書－第102期(2025/04/01－2026/03/31)
E01880,6923,S100YERJ,スタンレー電気株式会社,2026-03-31,2026-06-24,有価証券報告書－第121期(2025/04/01－2026/03/31)
E03763,8708,S100YIEX,アイザワ証券グループ株式会社,2026-03-31,2026-06-24,有価証券報告書－第106期(2025/04/01－2026/03/31)
E00877,3407,S100YGRD,旭化成株式会社,2026-03-31,2026-06-24,有価証券報告書－第135期(2025/04/01－2026/03/31)
E05107,4771,S100YIXJ,株式会社エフアンドエム,2026-03-31,2026-06-24,有価証券報告書－第36期(2025/04/01－2026/03/31)
E05201,4288,S100YGM0,株式会社アズジェント,2026-03-31,2026-06-24,有価証券報告書－第29期(2025/04/01－2026/03/31)
E04097,9003,S100YFL1,相鉄ホールディングス株式会社,2026-03-31,2026-06-24,有価証券報告書－第158期(2025/04/01－2026/03/31)
E00376,2207,S100YHY5,株式会社ｍｅｉｔｏ,2026-03-31,2026-06-24,有価証券報告書－第84期(2025/04/01－2026/03/31)
E35308,4483,S100YJCA,株式会社ＪＭＤＣ,2026-03-31,2026-06-24,有価証券報告書－第13期(2025/04/01－2026/03/31)
E00780,4078,S100YICQ,堺化学工業株式会社,2026-03-31,2026-06-24,有価証券報告書－第131期(2025/04/01－2026/03/31)
E04375,9401,S100YI1U,株式会社ＴＢＳホールディングス,2026-03-31,2026-06-24,有価証券報告書－第99期(2025/04/01－2026/03/31)
E01590,6436,S100YJFL,アマノ株式会社,2026-03-31,2026-06-24,有価証券報告書－第110期(2025/04/01－2026/03/31)
E02093,6666,S100YJ84,リバーエレテック株式会社,2026-03-31,2026-06-24,有価証券報告書－第81期(2025/04/01－2026/03/31)
E34137,5290,S100YGZE,株式会社ベルテクスコーポレーション,2026-03-31,2026-06-24,有価証券報告書－第8期(2025/04/01－2026/03/31)
E01236,5609,S100YGG5,日本鋳造株式会社,2026-03-31,2026-06-24,有価証券報告書－第104期(2025/04/01－2026/03/31)
E00335,2281,S100YDH8,プリマハム株式会社,2026-03-31,2026-06-24,有価証券報告書－第79期(2025/04/01－2026/03/31)
E01570,6367,S100YFQL,ダイキン工業株式会社,2026-03-31,2026-06-24,有価証券報告書－第123期(2025/04/01－2026/03/31)
E04540,9713,S100YHWF,株式会社ロイヤルホテル,2026-03-31,2026-06-24,有価証券報告書－第100期(2025/04/01－2026/03/31)
E02252,7224,S100YFNV,新明和工業株式会社,2026-03-31,2026-06-24,有価証券報告書－第102期(2025/04/01－2026/03/31)
E00386,2221,S100YJ2N,岩塚製菓株式会社,2026-03-31,2026-06-24,有価証券報告書－第73期(2025/04/01－2026/03/31)
E36098,6229,S100YHR0,株式会社オーケーエム,2026-03-31,2026-06-24,有価証券報告書－第65期(2025/04/01－2026/03/31)
E02584,8089,S100YI3N,ナイス株式会社,2026-03-31,2026-06-24,有価証券報告書－第77期(2025/04/01－2026/03/31)
E01803,6744,S100YHTN,能美防災株式会社,2026-03-31,2026-06-24,有価証券報告書－第82期(2025/04/01－2026/03/31)
E00105,1827,S100YHMT,株式会社ナカノフドー建設,2026-03-31,2026-06-24,有価証券報告書－第84期(2025/04/01－2026/03/31)
E00796,4098,S100YGE8,チタン工業株式会社,2026-03-31,2026-06-24,有価証券報告書－第128期(2025/04/01－2026/03/31)
E00791,4102,S100YFE2,丸尾カルシウム株式会社,2026-03-31,2026-06-24,有価証券報告書－第78期(2025/04/01－2026/03/31)
E04123,9033,S100YI48,広島電鉄株式会社,2026-03-31,2026-06-24,有価証券報告書－第117期(2025/04/01－2026/03/31)
E02608,8129,S100YHSN,東邦ホールディングス株式会社,2026-03-31,2026-06-24,有価証券報告書－第78期(2025/04/01－2026/03/31)
E05682,3845,S100YJ02,株式会社アイフリークモバイル,2026-03-31,2026-06-24,有価証券報告書－第26期(2025/04/01－2026/03/31)
E02739,9818,S100YII7,大丸エナウィン株式会社,2026-03-31,2026-06-24,有価証券報告書－第76期(2025/04/01－2026/03/31)
E39254,167A,S100YHJV,リョーサン菱洋ホールディングス株式会社,2026-03-31,2026-06-24,有価証券報告書－第2期(2025/04/01－2026/03/31)
E40668,368A,S100YIB6,株式会社北里コーポレーション,2026-03-31,2026-06-24,有価証券報告書－第19期(2025/04/01－2026/03/31)
E05428,2415,S100YIDK,ヒューマンホールディングス株式会社,2026-03-31,2026-06-24,有価証券報告書－第24期(2025/04/01－2026/03/31)
E01744,6508,S100YIHP,株式会社明電舎,2026-03-31,2026-06-24,有価証券報告書－第162期(2025/04/01－2026/03/31)
E02138,7122,S100YI50,近畿車輛株式会社,2026-03-31,2026-06-24,有価証券報告書－第114期(2025/04/01－2026/03/31)
E02428,7902,S100YJAF,株式会社ソノコム,2026-03-31,2026-06-24,有価証券報告書－第64期(2025/04/01－2026/03/31)
E01107,5189,S100YIQ8,櫻護謨株式会社,2026-03-31,2026-06-24,有価証券報告書－第166期(2025/04/01－2026/03/31)
E25648,2117,S100YIPK,ウェルネオシュガー株式会社,2026-03-31,2026-06-24,有価証券報告書－第15期(2025/04/01－2026/03/31)
E03276,7523,S100YI6G,アールビバン株式会社,2026-03-31,2026-06-24,有価証券報告書－第42期(2025/04/01－2026/03/31)
E02004,6912,S100YIEI,菊水ホールディングス株式会社,2026-03-31,2026-06-24,有価証券報告書－第75期(2025/04/01－2026/03/31)
E04286,9304,S100YI5J,澁澤倉庫株式会社,2026-03-31,2026-06-24,有価証券報告書－第179期(2025/04/01－2026/03/31)
E03856,8802,S100YBLA,三菱地所株式会社,2026-03-31,2026-06-24,有価証券報告書－第122期(2025/04/01－2026/03/31)
E02377,7991,S100YJ8W,マミヤ・オーピー株式会社,2026-03-31,2026-06-24,有価証券報告書－第84期(2025/04/01－2026/03/31)
E02602,8066,S100YJ7S,三谷商事株式会社,2026-03-31,2026-06-24,有価証券報告書－第109期(2025/04/01－2026/03/31)
E01547,6342,S100YIVE,株式会社太平製作所,2026-03-31,2026-06-24,有価証券報告書－第139期(2025/04/01－2026/03/31)
E21514,2179,S100YCFW,株式会社成学社,2026-03-31,2026-06-24,有価証券報告書－第40期(2025/04/01－2026/03/31)
E01873,6724,S100YJ6A,セイコーエプソン株式会社,2026-03-31,2026-06-24,有価証券報告書－第84期(2025/04/01－2026/03/31)
E03997,8897,S100YIRG,ＭＩＲＡＲＴＨホールディングス株式会社,2026-03-31,2026-06-24,有価証券報告書－第54期(2025/04/01－2026/03/31)
E02786,9996,S100YHOR,株式会社サトー商会,2026-03-31,2026-06-24,有価証券報告書－第77期(2025/04/01－2026/03/31)
E01400,5976,S100YIP6,高周波熱錬株式会社,2026-03-31,2026-06-24,有価証券報告書－第115期(2025/04/01－2026/03/31)
E02588,8025,S100YDV3,株式会社ツカモトコーポレーション,2026-03-31,2026-06-24,有価証券報告書－第107期(2025/04/01－2026/03/31)
E01409,5958,S100YFD2,三洋工業株式会社,2026-03-31,2026-06-24,有価証券報告書－第92期(2025/04/01－2026/03/31)
E02043,6855,S100YHWG,日本電子材料株式会社,2026-03-31,2026-06-24,有価証券報告書－第67期(2025/04/01－2026/03/31)
E01651,6347,S100YFZB,株式会社プラコー,2026-03-31,2026-06-24,有価証券報告書－第66期(2025/04/01－2026/03/31)
E32795,6538,S100YH9V,株式会社ディスラプターズ,2026-03-31,2026-06-24,有価証券報告書－第21期(2025/04/01－2026/03/31)
E03421,2790,S100YJ0H,株式会社ナフコ,2026-03-31,2026-06-24,有価証券報告書－第57期(2025/04/01－2026/03/31)
E02126,7011,S100YHZG,三菱重工業株式会社,2026-03-31,2026-06-24,有価証券報告書
E00804,4462,S100YHRO,石原ケミカル株式会社,2026-03-31,2026-06-24,有価証券報告書－第88期(2025/04/01－2026/03/31)
E01704,6307,S100YJ78,サンセイ株式会社,2026-03-31,2026-06-24,有価証券報告書－第71期(2025/04/01－2026/03/31)
E04101,9048,S100YHOL,名古屋鉄道株式会社,2026-03-31,2026-06-24,有価証券報告書－第162期(2025/04/01－2026/03/31)
E00023,5713,S100YJ6N,住友金属鉱山株式会社,2026-03-31,2026-06-24,有価証券報告書－第101期(2025/04/01－2026/03/31)
E00947,4534,S100YI28,持田製薬株式会社,2026-03-31,2026-06-24,有価証券報告書－第88期(2025/04/01－2026/03/31)
E03858,8803,S100YJ5I,平和不動産株式会社,2026-03-31,2026-06-24,有価証券報告書－第106期(2025/04/01－2026/03/31)
E04498,9501,S100YIHR,東京電力ホールディングス株式会社,2026-03-31,2026-06-24,有価証券報告書－第102期(2025/04/01－2026/03/31)
E03295,7562,S100YEJV,株式会社安楽亭,2026-03-31,2026-06-24,有価証券報告書－第48期(2025/04/01－2026/03/31)
E01332,5801,S100YCF0,古河電気工業株式会社,2026-03-31,2026-06-24,有価証券報告書－第204期(2025/04/01－2026/03/31)
E02450,7867,S100YHL0,株式会社タカラトミー,2026-03-31,2026-06-24,有価証券報告書－第75期(2025/04/01－2026/03/31)
E01373,5923,S100YI9L,高田機工株式会社,2026-03-31,2026-06-24,有価証券報告書－第97期(2025/04/01－2026/03/31)
E05640,3817,S100YHQM,株式会社ＳＲＡホールディングス,2026-03-31,2026-06-24,有価証券報告書－第36期(2025/04/01－2026/03/31)
E03108,8207,S100YIGD,テンアライド株式会社,2026-03-31,2026-06-24,有価証券報告書－第57期(2025/04/01－2026/03/31)
E04198,9076,S100YI52,セイノーホールディングス株式会社,2026-03-31,2026-06-24,有価証券報告書－第105期(2025/04/01－2026/03/31)
E01538,6334,S100YJ53,明治機械株式会社,2026-03-31,2026-06-24,有価証券報告書－第151期(2025/04/01－2026/03/31)
E01548,6245,S100YIRK,株式会社ヒラノテクシード,2026-03-31,2026-06-24,有価証券報告書－第102期(2025/04/01－2026/03/31)
E00055,1802,S100YITC,株式会社大林組,2026-03-31,2026-06-24,有価証券報告書－第122期(2025/04/01－2026/03/31)
E01131,5355,S100YINX,日本坩堝株式会社,2026-03-31,2026-06-24,有価証券報告書－第186期(2025/04/01－2026/03/31)
E35948,285A,S100YJ18,キオクシアホールディングス株式会社,2026-03-31,2026-06-24,有価証券報告書－第8期(2025/04/01－2026/03/31)
E03090,8163,S100YIH4,ＳＲＳホールディングス株式会社,2026-03-31,2026-06-24,有価証券報告書－第58期(2025/04/01－2026/03/31)
E02280,8050,S100YHM2,セイコーグループ株式会社,2026-03-31,2026-06-24,有価証券報告書－第165期(2025/04/01－2026/03/31)
E01903,6849,S100YHO8,日本光電工業株式会社,2026-03-31,2026-06-24,有価証券報告書－第75期(2025/04/01－2026/03/31)
E05664,3837,S100YFRS,アドソル日進株式会社,2026-03-31,2026-06-24,有価証券報告書－第51期(2025/04/01－2026/03/31)
E00842,4100,S100YIHV,戸田工業株式会社,2026-03-31,2026-06-24,有価証券報告書－第93期(2025/04/01－2026/03/31)
E00911,4625,S100YIIT,アトミクス株式会社,2026-03-31,2026-06-24,有価証券報告書－第79期(2025/04/01－2026/03/31)
E01628,6246,S100YJ0X,株式会社テクノスマート,2026-03-31,2026-06-24,有価証券報告書－第92期(2025/04/01－2026/03/31)
E00691,3708,S100YHWR,特種東海製紙株式会社,2026-03-31,2026-06-24,有価証券報告書－第19期(2025/04/01－2026/03/31)
E02639,8115,S100YDWL,ムーンバット株式会社,2026-03-31,2026-06-24,有価証券報告書－第85期(2025/04/01－2026/03/31)
E23288,3157,S100YI2B,ジオリーブグループ株式会社,2026-03-31,2026-06-24,有価証券報告書－第17期(2025/04/01－2026/03/31)
E02229,7212,S100YHFG,株式会社エフテック,2026-03-31,2026-06-24,有価証券報告書－第71期(2025/04/01－2026/03/31)
E02779,9986,S100YJ27,蔵王産業株式会社,2026-03-31,2026-06-24,有価証券報告書－第70期(2025/04/01－2026/03/31)
E02708,9845,S100YJ1T,株式会社パーカーコーポレーション,2026-03-31,2026-06-24,有価証券報告書－第99期(2025/04/01－2026/03/31)
E21832,3143,S100YI27,オーウイル株式会社,2026-03-31,2026-06-24,有価証券報告書－第40期(2025/04/01－2026/03/31)
E02205,7280,S100Y9OD,株式会社ミツバ,2026-03-31,2026-06-24,有価証券報告書－第81期(2025/04/01－2026/03/31)
E01100,5122,S100YHXH,オカモト株式会社,2026-03-31,2026-06-24,有価証券報告書－第130期(2025/04/01－2026/03/31)
E00610,3600,S100YHMW,株式会社フジックス,2026-03-31,2026-06-24,有価証券報告書－第77期(2025/04/01－2026/03/31)
E00832,4620,S100YJ15,藤倉化成株式会社,2026-03-31,2026-06-24,有価証券報告書－第115期(2025/04/01－2026/03/31)
E39785,256A,S100YIL8,飛島ホールディングス株式会社,2026-03-31,2026-06-24,有価証券報告書－第2期(2025/04/01－2026/03/31)
E35597,2984,S100YH26,ヤマイチエステート株式会社,2026-03-31,2026-06-24,有価証券報告書－第37期(2025/04/01－2026/03/31)
E00886,4409,S100YGU8,東邦化学工業株式会社,2026-03-31,2026-06-24,有価証券報告書－第89期(2025/04/01－2026/03/31)
E04505,9507,S100YH23,四国電力株式会社,2026-03-31,2026-06-24,有価証券報告書－第102期(2025/04/01－2026/03/31)
E04018,8920,S100YI5M,株式会社　東　祥,2026-03-31,2026-06-24,有価証券報告書－第48期(2025/04/01－2026/03/31)
E02059,6727,S100YHU2,株式会社ワコム,2026-03-31,2026-06-24,有価証券報告書－第43期(2025/04/01－2026/03/31)
E02572,8052,S100YIO8,椿本興業株式会社,2026-03-31,2026-06-24,有価証券報告書－第123期(2025/04/01－2026/03/31)
E00058,1812,S100YGGI,鹿島建設株式会社,2026-03-31,2026-06-24,有価証券報告書－第129期(2025/04/01－2026/03/31)
E00562,3569,S100YH1G,セーレン株式会社,2026-03-31,2026-06-24,有価証券報告書－第154期(2025/04/01－2026/03/31)
E01461,3431,S100YDPT,宮地エンジニアリンググループ株式会社,2026-03-31,2026-06-24,有価証券報告書－第23期(2025/04/01－2026/03/31)
E05487,3771,S100YHX1,株式会社システムリサーチ,2026-03-31,2026-06-24,有価証券報告書－第46期(2025/04/01－2026/03/31)
E01127,5232,S100YH1Y,住友大阪セメント株式会社,2026-03-31,2026-06-24,有価証券報告書－第163期(2025/04/01－2026/03/31)
E00759,4021,S100YIML,日産化学株式会社,2026-03-31,2026-06-24,有価証券報告書－第156期(2025/04/01－2026/03/31)
E03227,9994,S100YIXT,株式会社やまや,2026-03-31,2026-06-24,有価証券報告書－第56期(2025/04/01－2026/03/31)
E04502,9502,S100YDH0,中部電力株式会社,2026-03-31,2026-06-24,有価証券報告書－第102期(2025/04/01－2026/03/31)
E00481,2908,S100YF97,フジッコ株式会社,2026-03-31,2026-06-24,有価証券報告書－第66期(2025/04/01－2026/03/31)
E04908,9616,S100YIIM,株式会社共立メンテナンス,2026-03-31,2026-06-24,有価証券報告書－第47期(2025/04/01－2026/03/31)
E01583,6390,S100YG4R,株式会社加藤製作所,2026-03-31,2026-06-24,有価証券報告書－第127期(2025/04/01－2026/03/31)
E01268,5602,S100YDW9,株式会社栗本鐵工所,2026-03-31,2026-06-24,有価証券報告書－第130期(2025/04/01－2026/03/31)
E04462,4676,S100YHYX,株式会社フジ・メディア・ホールディングス,2026-03-31,2026-06-24,有価証券報告書－第85期(2025/04/01－2026/03/31)
E05440,2425,S100YIQF,株式会社ケアサービス,2026-03-31,2026-06-24,有価証券報告書－第35期(2025/04/01－2026/03/31)
E00250,1799,S100YILN,第一建設工業株式会社,2026-03-31,2026-06-24,有価証券報告書－第84期(2025/04/01－2026/03/31)
E00026,5729,S100YIW1,日本精鉱株式会社,2026-03-31,2026-06-24,有価証券報告書－第131期(2025/04/01－2026/03/31)
E05579,2483,S100YILW,株式会社翻訳センター,2026-03-31,2026-06-24,有価証券報告書－第40期(2025/04/01－2026/03/31)
E04293,9312,S100YHI4,ケイヒン株式会社,2026-03-31,2026-06-24,有価証券報告書－第79期(2025/04/01－2026/03/31)
E01887,6844,S100YHJ7,新電元工業株式会社,2026-03-31,2026-06-24,有価証券報告書－第103期(2025/04/01－2026/03/31)
E04334,9075,S100YIXL,福山通運株式会社,2026-03-31,2026-06-24,有価証券報告書－第78期(2025/04/01－2026/03/31)
E01842,6823,S100YI2O,リオン株式会社,2026-03-31,2026-06-24,有価証券報告書－第105期(2025/04/01－2026/03/31)
E01531,6222,S100YIO7,株式会社島精機製作所,2026-03-31,2026-06-24,有価証券報告書－第65期(2025/04/01－2026/03/31)
E01684,6286,S100YHL2,靜甲株式会社,2026-03-31,2026-06-24,有価証券報告書－第124期(2025/04/01－2026/03/31)
E01143,5268,S100YIYA,旭コンクリート工業株式会社,2026-03-31,2026-06-24,有価証券報告書－第146期(2025/04/01－2026/03/31)
E04499,9503,S100YFXZ,関西電力株式会社,2026-03-31,2026-06-24,有価証券報告書－第102期(2025/04/01－2026/03/31)
E00630,7898,S100YI45,株式会社ウッドワン,2026-03-31,2026-06-24,有価証券報告書－第74期(2025/04/01－2026/03/31)
E00573,3512,S100YIXB,日本フエルト株式会社,2026-03-31,2026-06-24,有価証券報告書－第162期(2025/04/01－2026/03/31)
E21815,9385,S100YIVY,株式会社ショーエイコーポレーション,2026-03-31,2026-06-24,有価証券報告書－第59期(2025/04/01－2026/03/31)
E32146,3537,S100YHFB,昭栄薬品株式会社,2026-03-31,2026-06-24,有価証券報告書－第66期(2025/04/01－2026/03/31)
E01008,4212,S100YIY2,積水樹脂株式会社,2026-03-31,2026-06-24,有価証券報告書－第92期(2025/04/01－2026/03/31)
E04506,9508,S100YHHO,九州電力株式会社,2026-03-31,2026-06-24,有価証券報告書－第102期(2025/04/01－2026/03/31)
E02855,7521,S100YHDE,株式会社ムサシ,2026-03-31,2026-06-24,有価証券報告書－第105期(2025/04/01－2026/03/31)
E00529,3107,S100YGNL,ダイワボウホールディングス株式会社,2026-03-31,2026-06-24,有価証券報告書－第115期(2025/04/01－2026/03/31)
E01759,6651,S100YIVN,日東工業株式会社,2026-03-31,2026-06-24,有価証券報告書－第78期(2025/04/01－2026/03/31)
E01462,3435,S100YHPR,サンコーテクノ株式会社,2026-03-31,2026-06-24,有価証券報告書－第62期(2025/04/01－2026/03/31)
E02424,6419,S100YHFR,株式会社マースグループホールディングス,2026-03-31,2026-06-24,有価証券報告書－第52期(2025/04/01－2026/03/31)
E00255,1793,S100YI8J,株式会社大本組,2026-03-31,2026-06-24,有価証券報告書－第89期(2025/04/01－2026/03/31)
E01539,6335,S100YI7P,株式会社東京機械製作所,2026-03-31,2026-06-24,有価証券報告書－第169期(2025/04/01－2026/03/31)
E01126,5210,S100YHIJ,日本山村硝子株式会社,2026-03-31,2026-06-24,有価証券報告書－第97期(2025/04/01－2026/03/31)
E00541,3113,S100YHET,株式会社ＵＮＩＶＡ・Ｏａｋホールディングス,2026-03-31,2026-06-24,有価証券報告書－第165期(2025/04/01－2026/03/31)
E02839,7482,S100YIAX,株式会社シモジマ,2026-03-31,2026-06-24,有価証券報告書－第65期(2025/04/01－2026/03/31)
E02227,7271,S100YFR1,株式会社安永,2026-03-31,2026-06-24,有価証券報告書－第80期(2025/04/01－2026/03/31)
E01786,6768,S100YIQG,株式会社タムラ製作所,2026-03-31,2026-06-24,有価証券報告書－第103期(2025/04/01－2026/03/31)
E36190,4887,S100YITS,サワイグループホールディングス株式会社,2026-03-31,2026-06-24,有価証券報告書－第5期(2025/04/01－2026/03/31)
E01147,5357,S100YHT7,株式会社　ヨータイ,2026-03-31,2026-06-24,有価証券報告書－第128期(2025/04/01－2026/03/31)
E01242,5480,S100YC9N,日本冶金工業株式会社,2026-03-31,2026-06-24,有価証券報告書－第144期(2025/04/01－2026/03/31)
E00121,1826,S100YILD,佐田建設株式会社,2026-03-31,2026-06-24,有価証券報告書－第77期(2025/04/01－2026/03/31)
E01456,6467,S100YGVK,株式会社ニチダイ,2026-03-31,2026-06-24,有価証券報告書－第59期(2025/04/01－2026/03/31)
E04283,9301,S100YA7K,三菱倉庫株式会社,2026-03-31,2026-06-24,有価証券報告書－第223期(2025/04/01－2026/03/31)
E02406,7955,S100YHN2,クリナップ株式会社,2026-03-31,2026-06-24,有価証券報告書－第73期(2025/04/01－2026/03/31)
E33616,9268,S100YJVB,株式会社オプティマスグループ,2026-03-31,2026-06-24,有価証券報告書－第12期(2025/04/01－2026/03/31)
E05262,4341,S100YFFX,西菱電機株式会社,2026-03-31,2026-06-24,有価証券報告書－第60期(2025/04/01－2026/03/31)
E03432,3317,S100YHND,株式会社フライングガーデン,2026-03-31,2026-06-24,有価証券報告書－第45期(2025/04/01－2026/03/31)
E01510,6155,S100YHHC,高松機械工業株式会社,2026-03-31,2026-06-24,有価証券報告書－第65期(2025/04/01－2026/03/31)
E01212,5285,S100YFLV,株式会社ヤマックス,2026-03-31,2026-06-24,有価証券報告書－第63期(2025/04/01－2026/03/31)
E01366,5974,S100YHRE,中国工業株式会社,2026-03-31,2026-06-24,有価証券報告書－第76期(2025/04/01－2026/03/31)
E35466,4491,S100YGM1,コンピューターマネージメント株式会社,2026-03-31,2026-06-24,有価証券報告書－第45期(2025/04/01－2026/03/31)
E00081,1888,S100YHAB,若築建設株式会社,2026-03-31,2026-06-24,有価証券報告書－第210期(2025/04/01－2026/03/31)
E03225,9990,S100YJ0B,株式会社サックスバーホールディングス,2026-03-31,2026-06-24,有価証券報告書－第53期(2025/04/01－2026/03/31)
E04289,9310,S100YGL7,日本トランスシティ株式会社,2026-03-31,2026-06-24,有価証券報告書－第112期(2025/04/01－2026/03/31)
E03418,2782,S100YH2R,株式会社セリア,2026-03-31,2026-06-24,有価証券報告書－第39期(2025/04/01－2026/03/31)
E05236,4323,S100YI5H,日本システム技術株式会社,2026-03-31,2026-06-24,有価証券報告書－第54期(2025/04/01－2026/03/31)
E04821,8596,S100YHO7,株式会社九州リースサービス,2026-03-31,2026-06-24,有価証券報告書－第52期(2025/04/01－2026/03/31)
E36627,7791,S100YHQB,ドリームベッド株式会社,2026-03-31,2026-06-24,有価証券報告書－第69期(2025/04/01－2026/03/31)
E01014,4366,S100YGAU,ダイトーケミックス株式会社,2026-03-31,2026-06-24,有価証券報告書－第80期(2025/04/01－2026/03/31)
E00355,2108,S100YEPB,日本甜菜製糖株式会社,2026-03-31,2026-06-24,有価証券報告書－第128期(2025/04/01－2026/03/31)
E05606,3042,S100YH8N,株式会社セキュアヴェイル,2026-03-31,2026-06-24,有価証券報告書－第25期(2025/04/01－2026/03/31)
E04049,8995,S100YI2H,株式会社誠建設工業,2026-03-31,2026-06-24,有価証券報告書－第35期(2025/04/01－2026/03/31)
E03229,9997,S100YJ5M,株式会社ベルーナ,2026-03-31,2026-06-24,有価証券報告書－第50期(2025/04/01－2026/03/31)
E26084,9206,S100YJFT,株式会社スターフライヤー,2026-03-31,2026-06-25,有価証券報告書－第24期(2025/04/01－2026/03/31)
E05456,2440,S100YJQU,株式会社ぐるなび,2026-03-31,2026-06-25,有価証券報告書－第37期(2025/04/01－2026/03/31)
E00794,6137,S100YKGK,小池酸素工業株式会社,2026-03-31,2026-06-25,有価証券報告書－第103期(2025/04/01－2026/03/31)
E02005,6867,S100YK63,リーダー電子株式会社,2026-03-31,2026-06-25,有価証券報告書－第72期(2025/04/01－2026/03/31)
E40420,331A,S100YHLO,株式会社メディックス,2026-03-31,2026-06-25,有価証券報告書－第43期(2025/04/01－2026/03/31)
E35470,7087,S100YHRI,株式会社ウイルテック,2026-03-31,2026-06-25,有価証券報告書－第34期(2025/04/01－2026/03/31)
E02488,6257,S100YK8S,株式会社藤商事,2026-03-31,2026-06-25,有価証券報告書－第61期(2025/04/01－2026/03/31)
E00696,7916,S100YL1G,光村印刷株式会社,2026-03-31,2026-06-25,有価証券報告書－第124期(2025/04/01－2026/03/31)
E01753,6584,S100YL53,三櫻工業株式会社,2026-03-31,2026-06-25,有価証券報告書－第118期(2025/04/01－2026/03/31)
E03005,3079,S100YL91,ディーブイエックス株式会社,2026-03-31,2026-06-25,有価証券報告書－第40期(2025/04/01－2026/03/31)
E02131,7018,S100YJMY,内海造船株式会社,2026-03-31,2026-06-25,有価証券報告書－第101期(2025/04/01－2026/03/31)
E05463,3762,S100YL8T,テクマトリックス株式会社,2026-03-31,2026-06-25,有価証券報告書－第42期(2025/04/01－2026/03/31)
E02453,7860,S100YKQ4,エイベックス株式会社,2026-03-31,2026-06-25,有価証券報告書－第39期(2025/04/01－2026/03/31)
E01930,6144,S100YLBS,西部電機株式会社,2026-03-31,2026-06-25,有価証券報告書－第93期(2025/04/01－2026/03/31)
E04327,9074,S100YC3A,日本石油輸送株式会社,2026-03-31,2026-06-25,有価証券報告書－第109期(2025/04/01－2026/03/31)
E00821,4205,S100YJ12,日本ゼオン株式会社,2026-03-31,2026-06-25,有価証券報告書－第101期(2025/04/01－2026/03/31)
E36714,7129,S100YK3E,ミアヘルサホールディングス株式会社,2026-03-31,2026-06-25,有価証券報告書－第5期(2025/04/01－2026/03/31)
E02201,7277,S100YLAF,株式会社ＴＢＫ,2026-03-31,2026-06-25,有価証券報告書－第90期(2025/04/01－2026/03/31)
E02223,7297,S100YKN6,株式会社カーメイト,2026-03-31,2026-06-25,有価証券報告書－第61期(2025/04/01－2026/03/31)
E01610,6358,S100YKE1,酒井重工業株式会社,2026-03-31,2026-06-25,有価証券報告書－第78期(2025/04/01－2026/03/31)
E02666,8144,S100YFT7,株式会社デンキョーグループホールディングス,2026-03-31,2026-06-25,有価証券報告書－第78期(2025/04/01－2026/03/31)
E01751,6513,S100YJF6,株式会社オリジン,2026-03-31,2026-06-25,有価証券報告書－第125期(2025/04/01－2026/03/31)
E00508,2831,S100YJSM,はごろもフーズ株式会社,2026-03-31,2026-06-25,有価証券報告書－第97期(2025/04/01－2026/03/31)
E00771,4046,S100YKCT,株式会社大阪ソーダ,2026-03-31,2026-06-25,有価証券報告書－第171期(2025/04/01－2026/03/31)
E00660,3880,S100YJ8D,大王製紙株式会社,2026-03-31,2026-06-25,有価証券報告書－第115期(2025/04/01－2026/03/31)
E01452,3422,S100YJJI,株式会社　Ｊ－ＭＡＸ,2026-03-31,2026-06-25,有価証券報告書－第68期(2025/04/01－2026/03/31)
E00868,4960,S100YIYR,ケミプロ化成株式会社,2026-03-31,2026-06-25,有価証券報告書－第45期(2025/04/01－2026/03/31)
E01926,6997,S100YL3Z,日本ケミコン株式会社,2026-03-31,2026-06-25,有価証券報告書－第79期(2025/04/01－2026/03/31)
E00772,4047,S100YJCK,関東電化工業株式会社,2026-03-31,2026-06-25,有価証券報告書－第119期(2025/04/01－2026/03/31)
E01977,6862,S100YKH4,ミナトホールディングス株式会社,2026-03-31,2026-06-25,有価証券報告書－第70期(2025/04/01－2026/03/31)
E01935,6952,S100YJ1H,カシオ計算機株式会社,2026-03-31,2026-06-25,有価証券報告書－第70期(2025/04/01－2026/03/31)
E00642,3861,S100YJ8J,王子ホールディングス株式会社,2026-03-31,2026-06-25,有価証券報告書－第102期(2025/04/01－2026/03/31)
E27506,6074,S100YGXC,株式会社ジェイエスエス,2026-03-31,2026-06-25,有価証券報告書－第51期(2025/04/01－2026/03/31)
E05381,2393,S100YK97,株式会社日本ケアサプライ,2026-03-31,2026-06-25,有価証券報告書－第28期(2025/04/01－2026/03/31)
E01425,5939,S100YKRJ,株式会社大谷工業,2026-03-31,2026-06-25,有価証券報告書－第87期(2025/04/01－2026/03/31)
E01157,5262,S100YL8F,日本ヒューム株式会社,2026-03-31,2026-06-25,有価証券報告書－第143期(2025/04/01－2026/03/31)
E00268,1780,S100YK4B,株式会社　ヤマウラ,2026-03-31,2026-06-25,有価証券報告書－第67期(2025/04/01－2026/03/31)
E01663,6364,S100YI16,株式会社ＡＩＲＭＡＮ,2026-03-31,2026-06-25,有価証券報告書－第95期(2025/04/01－2026/03/31)
E35610,7367,S100YL5T,株式会社セルム,2026-03-31,2026-06-25,有価証券報告書－第10期(2025/04/01－2026/03/31)
E30993,3910,S100YL5Q,株式会社エムケイシステム,2026-03-31,2026-06-25,有価証券報告書－第38期(2025/04/01－2026/03/31)
E02183,7254,S100YFXP,株式会社ユニバンス,2026-03-31,2026-06-25,有価証券報告書－第93期(2025/04/01－2026/03/31)
E01544,6365,S100YI72,株式会社電業社機械製作所,2026-03-31,2026-06-25,有価証券報告書－第91期(2025/04/01－2026/03/31)
E02329,7715,S100YLAN,長野計器株式会社,2026-03-31,2026-06-25,有価証券報告書－第104期(2025/04/01－2026/03/31)
E00644,3864,S100YJLB,三菱製紙株式会社,2026-03-31,2026-06-25,有価証券報告書－第161期(2025/04/01－2026/03/31)
E01857,6904,S100YJHN,原田工業株式会社,2026-03-31,2026-06-25,有価証券報告書－第69期(2025/04/01－2026/03/31)
E01974,6943,S100YJBX,ＮＫＫスイッチズ株式会社,2026-03-31,2026-06-25,有価証券報告書－第73期(2025/04/01－2026/03/31)
E02994,3392,S100YJQR,デリカフーズホールディングス株式会社,2026-03-31,2026-06-25,有価証券報告書－第23期(2025/04/01－2026/03/31)
E04251,9130,S100YK3U,共栄タンカー株式会社,2026-03-31,2026-06-25,有価証券報告書－第96期(2025/04/01－2026/03/31)
E05668,2139,S100YHNL,株式会社中広,2026-03-31,2026-06-25,有価証券報告書－第48期(2025/04/01－2026/03/31)
E34499,7677,S100YJ1S,株式会社ヤシマキザイ,2026-03-31,2026-06-25,有価証券報告書－第82期(2025/04/01－2026/03/31)
E36464,7368,S100YKV6,表示灯株式会社,2026-03-31,2026-06-25,有価証券報告書－第60期(2025/04/01－2026/03/31)
E37488,6525,S100YJUA,株式会社ＫＯＫＵＳＡＩ　ＥＬＥＣＴＲＩＣ,2026-03-31,2026-06-25,有価証券報告書－第11期(2025/04/01－2026/03/31)
E04934,9788,S100YKSL,株式会社ナック,2026-03-31,2026-06-25,有価証券報告書－第55期(2025/04/01－2026/03/31)
E03450,3360,S100YJZ3,シップヘルスケアホールディングス株式会社,2026-03-31,2026-06-25,有価証券報告書－第34期(2025/04/01－2026/03/31)
E05303,2326,S100YKKS,デジタルアーツ株式会社,2026-03-31,2026-06-25,有価証券報告書－第31期(2025/04/01－2026/03/31)
E03333,7638,S100YL5P,株式会社ＮＥＷ　ＡＲＴ　ＨＯＬＤＩＮＧＳ,2026-03-31,2026-06-25,有価証券報告書－第32期(2025/04/01－2026/03/31)
E05678,3844,S100YL64,コムチュア株式会社,2026-03-31,2026-06-25,有価証券報告書－第42期(2025/04/01－2026/03/31)
E01710,6482,S100YJC5,ＹＵＳＨＩＮ株式会社,2026-03-31,2026-06-25,有価証券報告書－第53期(2025/04/01－2026/03/31)
E31878,3923,S100YL65,株式会社ラクス,2026-03-31,2026-06-25,有価証券報告書－第26期(2025/04/01－2026/03/31)
E02645,8118,S100YKP8,株式会社　キング,2026-03-31,2026-06-25,有価証券報告書－第79期(2025/04/01－2026/03/31)
E05159,8473,S100YK3R,ＳＢＩホールディングス株式会社,2026-03-31,2026-06-25,有価証券報告書－第28期(2025/04/01－2026/03/31)
E02134,7102,S100YK10,日本車輌製造株式会社,2026-03-31,2026-06-25,有価証券報告書－第197期(2025/04/01－2026/03/31)
E01929,6925,S100YKRT,ウシオ電機株式会社,2026-03-31,2026-06-25,有価証券報告書－第63期(2025/04/01－2026/03/31)
E26914,3896,S100YL59,阿波製紙株式会社,2026-03-31,2026-06-25,有価証券報告書－第112期(2025/04/01－2026/03/31)
E30445,6092,S100YKUO,株式会社エンバイオ・ホールディングス,2026-03-31,2026-06-25,有価証券報告書－第27期(2025/04/01－2026/03/31)
E01115,5162,S100YKQB,株式会社朝日ラバー,2026-03-31,2026-06-25,有価証券報告書－第56期(2025/04/01－2026/03/31)
E01282,5660,S100YJTL,神鋼鋼線工業株式会社,2026-03-31,2026-06-25,有価証券報告書－第94期(2025/04/01－2026/03/31)
E01752,6644,S100YGJ0,大崎電気工業株式会社,2026-03-31,2026-06-25,有価証券報告書－第112期(2025/04/01－2026/03/31)
E00787,4093,S100YL3N,東邦アセチレン株式会社,2026-03-31,2026-06-25,有価証券報告書－第92期(2025/04/01－2026/03/31)
E26813,7162,S100YHVT,アストマックス株式会社,2026-03-31,2026-06-25,有価証券報告書－第14期(2025/04/01－2026/03/31)
E00008,1379,S100YKAZ,ホクト株式会社,2026-03-31,2026-06-25,有価証券報告書－第63期(2025/04/01－2026/03/31)
E01486,6113,S100YKCP,株式会社アマダ,2026-03-31,2026-06-25,有価証券報告書－第88期(2025/04/01－2026/03/31)
E00493,2915,S100YDV4,ケンコーマヨネーズ株式会社,2026-03-31,2026-06-25,有価証券報告書－第69期(2025/04/01－2026/03/31)
E03139,9831,S100YJWD,株式会社ヤマダホールディングス,2026-03-31,2026-06-25,有価証券報告書－第49期(2025/04/01－2026/03/31)
E32169,6615,S100YK9A,ユー・エム・シー・エレクトロニクス株式会社,2026-03-31,2026-06-25,有価証券報告書－第59期(2025/04/01－2026/03/31)
E02024,6890,S100YJVG,株式会社フェローテック,2026-03-31,2026-06-25,有価証券報告書－第46期(2025/04/01－2026/03/31)
E34379,7042,S100YKQI,株式会社アクセスグループ・ホールディングス,2026-03-31,2026-06-25,有価証券報告書－第37期(2025/04/01－2026/03/31)
E03496,3068,S100YKH9,株式会社ＷＤＩ,2026-03-31,2026-06-25,有価証券報告書－第72期(2025/04/01－2026/03/31)
E04089,9006,S100YK5J,京浜急行電鉄株式会社,2026-03-31,2026-06-25,有価証券報告書－第105期(2025/04/01－2026/03/31)
E02362,7951,S100YJE7,ヤマハ株式会社,2026-03-31,2026-06-25,有価証券報告書－第202期(2025/04/01－2026/03/31)
E04324,9065,S100YJRS,山九株式会社,2026-03-31,2026-06-25,有価証券報告書－第117期(2025/04/01－2026/03/31)
E35555,6599,S100YI0V,エブレン株式会社,2026-03-31,2026-06-25,有価証券報告書－第53期(2025/04/01－2026/03/31)
E05621,2138,S100YL1X,クルーズ株式会社,2026-03-31,2026-06-25,有価証券報告書－第25期(2025/04/01－2026/03/31)
E01276,5491,S100YJG2,日本金属株式会社,2026-03-31,2026-06-25,有価証券報告書－第119期(2025/04/01－2026/03/31)
E02057,6786,S100YKOS,株式会社ＲＶＨ,2026-03-31,2026-06-25,有価証券報告書－第30期(2025/04/01－2026/03/31)
E05425,2413,S100YJ25,エムスリー株式会社,2026-03-31,2026-06-25,有価証券報告書－第26期(2025/04/01－2026/03/31)
E05143,4800,S100YJQT,オリコン株式会社,2026-03-31,2026-06-25,有価証券報告書－第27期(2025/04/01－2026/03/31)
E03207,9956,S100YHUD,株式会社バローホールディングス,2026-03-31,2026-06-25,有価証券報告書－第69期(2025/04/01－2026/03/31)
E37719,9229,S100YL7U,株式会社サンウェルズ,2026-03-31,2026-06-25,有価証券報告書－第21期(2025/04/01－2026/03/31)
E03324,7621,S100YL71,株式会社うかい,2026-03-31,2026-06-25,有価証券報告書－第44期(2025/04/01－2026/03/31)
E05665,8771,S100YKOI,イー・ギャランティ株式会社,2026-03-31,2026-06-25,有価証券報告書－第26期(2025/04/01－2026/03/31)
E02070,6736,S100YKGG,サン電子株式会社,2026-03-31,2026-06-25,有価証券報告書－第55期(2025/04/01－2026/03/31)
E01121,5202,S100YL06,日本板硝子株式会社,2026-03-31,2026-06-25,有価証券報告書－第160期(2025/04/01－2026/03/31)
E00898,4095,S100YJGK,日本パーカライジング株式会社,2026-03-31,2026-06-25,有価証券報告書－第141期(2025/04/01－2026/03/31)
E04519,9537,S100YIW6,北陸瓦斯株式会社,2026-03-31,2026-06-25,有価証券報告書－第175期(2025/04/01－2026/03/31)
E01647,6408,S100YJ6L,小倉クラッチ株式会社,2026-03-31,2026-06-25,有価証券報告書－第97期(2025/04/01－2026/03/31)
E25686,6625,S100YKK9,ＪＡＬＣＯホールディングス株式会社,2026-03-31,2026-06-25,有価証券報告書－第15期(2025/04/01－2026/03/31)
E00007,1375,S100YK0W,ユキグニファクトリー株式会社,2026-03-31,2026-06-25,有価証券報告書－第9期(2025/04/01－2026/03/31)
E01136,5334,S100YJTF,日本特殊陶業株式会社,2026-03-31,2026-06-25,有価証券報告書－第126期(2025/04/01－2026/03/31)
E02271,7731,S100YKBP,株式会社ニコン,2026-03-31,2026-06-25,有価証券報告書－第162期(2025/04/01－2026/03/31)
E04589,9633,S100YL02,東京テアトル株式会社,2026-03-31,2026-06-25,有価証券報告書－第110期(2025/04/01－2026/03/31)
E02660,8139,S100YJAK,株式会社ナガホリ,2026-03-31,2026-06-25,有価証券報告書－第65期(2025/04/01－2026/03/31)
E01283,5612,S100YKL0,日本鋳鉄管株式会社,2026-03-31,2026-06-25,有価証券報告書－第122期(2025/04/01－2026/03/31)
E31936,3926,S100YKIK,株式会社オープンドア,2026-03-31,2026-06-25,有価証券報告書－第29期(2025/04/01－2026/03/31)
E02431,6907,S100YKF2,ジオマテック株式会社,2026-03-31,2026-06-25,有価証券報告書－第73期(2025/04/01－2026/03/31)
E02566,8030,S100YL2H,中央魚類株式会社,2026-03-31,2026-06-25,有価証券報告書－第79期(2025/04/01－2026/03/31)
E00645,3865,S100YITB,北越コーポレーション株式会社,2026-03-31,2026-06-25,有価証券報告書－第188期(2025/04/01－2026/03/31)
E37814,7795,S100YJSY,株式会社ＫＹＯＲＩＴＳＵ,2026-03-31,2026-06-25,有価証券報告書－第45期(2025/04/01－2026/03/31)
E00491,2594,S100YK1N,キーコーヒー株式会社,2026-03-31,2026-06-25,有価証券報告書－第74期(2025/04/01－2026/03/31)
E00093,1814,S100YK21,大末建設株式会社,2026-03-31,2026-06-25,有価証券報告書－第80期(2025/04/01－2026/03/31)
E04425,9433,S100YKG2,ＫＤＤＩ株式会社,2026-03-31,2026-06-25,有価証券報告書－第42期(2025/04/01－2026/03/31)
E01303,5852,S100YIGS,株式会社アーレスティ,2026-03-31,2026-06-25,有価証券報告書－第105期(2025/04/01－2026/03/31)
E04195,9063,S100YJ0L,岡山県貨物運送株式会社,2026-03-31,2026-06-25,有価証券報告書－第114期(2025/04/01－2026/03/31)
E01292,5445,S100YJ6R,東京鐵鋼株式会社,2026-03-31,2026-06-25,有価証券報告書－第98期(2025/04/01－2026/03/31)
E05648,8769,S100YKPM,株式会社アドバンテッジリスクマネジメント,2026-03-31,2026-06-25,有価証券報告書－第28期(2025/04/01－2026/03/31)
E21342,1514,S100YKD1,住石ホールディングス株式会社,2026-03-31,2026-06-25,有価証券報告書－第18期(2025/04/01－2026/03/31)
E01020,4410,S100YEIE,ハリマ化成グループ株式会社,2026-03-31,2026-06-25,有価証券報告書－第84期(2025/04/01－2026/03/31)
E03291,7550,S100YKA9,株式会社ゼンショーホールディングス,2026-03-31,2026-06-25,有価証券報告書－第44期(2025/04/01－2026/03/31)
E04032,8935,S100YKKI,株式会社ＦＪネクストホールディングス,2026-03-31,2026-06-25,有価証券報告書－第46期(2025/04/01－2026/03/31)
E01891,6993,S100YL2D,大黒屋ホールディングス株式会社,2026-03-31,2026-06-25,有価証券報告書－第117期(2025/04/01－2026/03/31)
E02367,7974,S100Y9NX,任天堂株式会社,2026-03-31,2026-06-25,有価証券報告書－第86期(2025/04/01－2026/03/31)
E02441,7877,S100YJVJ,永大化工株式会社,2026-03-31,2026-06-25,有価証券報告書－第71期(2025/04/01－2026/03/31)
E05302,2323,S100YKRB,株式会社ｆｏｎｆｕｎ,2026-03-31,2026-06-25,有価証券報告書－第30期(2025/04/01－2026/03/31)
E00361,2112,S100YJQ7,塩水港精糖株式会社,2026-03-31,2026-06-25,有価証券報告書－第93期(2025/04/01－2026/03/31)
E01933,6969,S100YD97,松尾電機株式会社,2026-03-31,2026-06-25,有価証券報告書－第77期(2025/04/01－2026/03/31)
E00189,1981,S100YDX8,株式会社協和日成,2026-03-31,2026-06-25,有価証券報告書－第78期(2025/04/01－2026/03/31)
E02647,8119,S100YJU6,株式会社三栄コーポレーション,2026-03-31,2026-06-25,有価証券報告書－第77期(2025/04/01－2026/03/31)
E01795,6775,S100YK9X,株式会社ＴＢグループ,2026-03-31,2026-06-25,有価証券報告書－第92期(2025/04/01－2026/03/31)
E26713,6617,S100YL24,株式会社東光高岳,2026-03-31,2026-06-25,有価証券報告書－第14期(2025/04/01－2026/03/31)
E03716,8747,S100YJ8P,豊トラスティ証券株式会社,2026-03-31,2026-06-25,有価証券報告書－第70期(2025/04/01－2026/03/31)
E04223,9034,S100YK2X,南総通運株式会社,2026-03-31,2026-06-25,有価証券報告書－第117期(2025/04/01－2026/03/31)
E05091,4762,S100YKNO,株式会社エックスネット,2026-03-31,2026-06-25,有価証券報告書－第35期(2025/04/01－2026/03/31)
E04856,9687,S100YIFE,株式会社ＫＳＫ,2026-03-31,2026-06-25,有価証券報告書－第52期(2025/04/01－2026/03/31)
E00113,1968,S100YJVV,太平電業株式会社,2026-03-31,2026-06-25,有価証券報告書－第86期(2025/04/01－2026/03/31)
E01907,6998,S100YIQP,日本タングステン株式会社,2026-03-31,2026-06-25,有価証券報告書－第115期(2025/04/01－2026/03/31)
E01954,6964,S100YJUI,株式会社サンコー,2026-03-31,2026-06-25,有価証券報告書－第63期(2025/04/01－2026/03/31)
E11873,3863,S100YJ5X,日本製紙株式会社,2026-03-31,2026-06-25,有価証券報告書－第102期(2025/04/01－2026/03/31)
E01354,5902,S100YIET,ホッカンホールディングス株式会社,2026-03-31,2026-06-25,有価証券報告書－第101期(2025/04/01－2026/03/31)
E04964,4651,S100YKAR,株式会社サニックスホールディングス,2026-03-31,2026-06-25,有価証券報告書－第48期(2025/04/01－2026/03/31)
E01536,6331,S100YK3Y,三菱化工機株式会社,2026-03-31,2026-06-25,有価証券報告書－第102期(2025/04/01－2026/03/31)
E00837,4367,S100YKG9,広栄化学株式会社,2026-03-31,2026-06-25,有価証券報告書－第165期(2025/04/01－2026/03/31)
E04796,9769,S100YKPV,株式会社学究社,2026-03-31,2026-06-25,有価証券報告書－第51期(2025/04/01－2026/03/31)
E01578,6371,S100YKVK,株式会社椿本チエイン,2026-03-31,2026-06-25,有価証券報告書－第116期(2025/04/01－2026/03/31)
E03476,3034,S100YJYW,クオールホールディングス株式会社,2026-03-31,2026-06-25,有価証券報告書－第34期(2025/04/01－2026/03/31)
E00304,1736,S100YKWY,株式会社　オーテック,2026-03-31,2026-06-25,有価証券報告書－第78期(2025/04/01－2026/03/31)
E31065,9517,S100YKV1,イーレックス株式会社,2026-03-31,2026-06-25,有価証券報告書－第28期(2025/04/01－2026/03/31)
E05385,2395,S100YK73,株式会社新日本科学,2026-03-31,2026-06-25,有価証券報告書－第53期(2025/04/01－2026/03/31)
E36261,4193,S100YK86,株式会社ファブリカホールディングス,2026-03-31,2026-06-25,有価証券報告書－第32期(2025/04/01－2026/03/31)
E02824,7458,S100YK39,株式会社第一興商,2026-03-31,2026-06-25,有価証券報告書－第51期(2025/04/01－2026/03/31)
E02992,3388,S100YKYA,明治電機工業株式会社,2026-03-31,2026-06-25,有価証券報告書－第70期(2025/04/01－2026/03/31)
E00766,4041,S100YJKO,日本曹達株式会社,2026-03-31,2026-06-25,有価証券報告書－第157期(2025/04/01－2026/03/31)
E34454,5071,S100YJJP,株式会社ヴィス,2026-03-31,2026-06-25,有価証券報告書－第28期(2025/04/01－2026/03/31)
E01426,5945,S100YJDZ,天龍製鋸株式会社,2026-03-31,2026-06-25,有価証券報告書－第173期(2025/04/01－2026/03/31)
E01981,6145,S100YKQX,ＮＩＴＴＯＫＵ株式会社,2026-03-31,2026-06-25,有価証券報告書－第54期(2025/04/01－2026/03/31)
E02123,7003,S100YKIO,株式会社三井Ｅ＆Ｓ,2026-03-31,2026-06-25,有価証券報告書－第123期(2025/04/01－2026/03/31)
E02571,8039,S100YISR,築地魚市場株式会社,2026-03-31,2026-06-25,有価証券報告書－第78期(2025/04/01－2026/03/31)
E05361,2378,S100YK5N,株式会社ルネサンス,2026-03-31,2026-06-25,有価証券報告書－第44期(2025/04/01－2026/03/31)
E00056,1861,S100YK9Q,株式会社　熊谷組,2026-03-31,2026-06-25,有価証券報告書－第89期(2025/04/01－2026/03/31)
E01952,6962,S100YKVO,株式会社大真空,2026-03-31,2026-06-25,有価証券報告書－第63期(2025/04/01－2026/03/31)
E03945,8850,S100YKTS,スターツコーポレーション株式会社,2026-03-31,2026-06-25,有価証券報告書－第54期(2025/04/01－2026/03/31)
E01571,6368,S100YK07,オルガノ株式会社,2026-03-31,2026-06-25,有価証券報告書－第81期(2025/04/01－2026/03/31)
E03180,7937,S100Y7SI,株式会社ツツミ,2026-03-31,2026-06-25,有価証券報告書－第53期(2025/04/01－2026/03/31)
E02048,6837,S100YHX8,株式会社京写,2026-03-31,2026-06-25,有価証券報告書－第68期(2025/04/01－2026/03/31)
E03524,3096,S100YKNJ,株式会社オーシャンシステム,2026-03-31,2026-06-25,有価証券報告書－第48期(2025/04/01－2026/03/31)
E00221,1879,S100YHI2,新日本建設株式会社,2026-03-31,2026-06-25,有価証券報告書－第62期(2025/04/01－2026/03/31)
E01169,5273,S100YJGQ,三谷セキサン株式会社,2026-03-31,2026-06-25,有価証券報告書－第93期(2025/04/01－2026/03/31)
E01719,6384,S100YKGJ,株式会社昭和真空,2026-03-31,2026-06-25,有価証券報告書－第68期(2025/04/01－2026/03/31)
E04221,9036,S100YK2G,東部ネットワーク株式会社,2026-03-31,2026-06-25,有価証券報告書－第113期(2025/04/01－2026/03/31)
E02335,7722,S100YJ8C,国際計測器株式会社,2026-03-31,2026-06-25,有価証券報告書－第57期(2025/04/01－2026/03/31)
E31560,7780,S100YIHS,株式会社メニコン,2026-03-31,2026-06-25,有価証券報告書－第69期(2025/04/01－2026/03/31)
E04345,9364,S100YG9D,株式会社上組,2026-03-31,2026-06-25,有価証券報告書－第87期(2025/04/01－2026/03/31)
E03296,7564,S100YGNI,株式会社ワークマン,2026-03-31,2026-06-25,有価証券報告書－第45期(2025/04/01－2026/03/31)
E00317,1719,S100YHJP,株式会社安藤・間,2026-03-31,2026-06-25,有価証券報告書－第13期(2025/04/01－2026/03/31)
E02682,8037,S100YKU0,カメイ株式会社,2026-03-31,2026-06-25,有価証券報告書－第113期(2025/04/01－2026/03/31)
E01352,5821,S100YKSU,平河ヒューテック株式会社,2026-03-31,2026-06-25,有価証券報告書－第85期(2025/04/01－2026/03/31)
E05410,2433,S100YHXU,株式会社博報堂ＤＹホールディングス,2026-03-31,2026-06-25,有価証券報告書－第23期(2025/04/01－2026/03/31)
E00494,2916,S100YKFH,仙波糖化工業株式会社,2026-03-31,2026-06-25,有価証券報告書－第79期(2025/04/01－2026/03/31)
E00584,3583,S100YK22,オーベクス株式会社,2026-03-31,2026-06-25,有価証券報告書－第141期(2025/04/01－2026/03/31)
E04707,4661,S100YCJX,株式会社オリエンタルランド,2026-03-31,2026-06-25,有価証券報告書－第66期(2025/04/01－2026/03/31)
E02269,7726,S100YK6H,黒田精工株式会社,2026-03-31,2026-06-25,有価証券報告書－第82期(2025/04/01－2026/03/31)
E04824,9733,S100YK8I,株式会社ナガセ,2026-03-31,2026-06-25,有価証券報告書－第51期(2025/04/01－2026/03/31)
E02806,7443,S100YI62,横浜魚類株式会社,2026-03-31,2026-06-25,有価証券報告書－第92期(2025/04/01－2026/03/31)
E04991,4678,S100YJWK,株式会社　秀英予備校,2026-03-31,2026-06-25,有価証券報告書－第43期(2025/04/01－2026/03/31)
E01629,6346,S100YHXC,キクカワエンタープライズ株式会社,2026-03-31,2026-06-25,有価証券報告書－第145期(2025/04/01－2026/03/31)
E02917,2654,S100YIEY,株式会社アスモ,2026-03-31,2026-06-25,有価証券報告書－第51期(2025/04/01－2026/03/31)
E25386,6626,S100YJ3G,ＳＥＭＩＴＥＣ株式会社,2026-03-31,2026-06-25,有価証券報告書－第70期(2025/04/01－2026/03/31)
E00916,4628,S100YJ5K,エスケー化研株式会社,2026-03-31,2026-06-25,有価証券報告書－第70期(2025/04/01－2026/03/31)
E00675,3945,S100YJ4G,スーパーバッグ株式会社,2026-03-31,2026-06-25,有価証券報告書－第89期(2025/04/01－2026/03/31)
E01149,5363,S100YI3M,東京窯業株式会社,2026-03-31,2026-06-25,有価証券報告書－第107期(2025/04/01－2026/03/31)
E25665,6620,S100YJZT,宮越ホールディングス株式会社,2026-03-31,2026-06-25,有価証券報告書－第15期(2025/04/01－2026/03/31)
E04932,9791,S100YJP6,株式会社ビケンテクノ,2026-03-31,2026-06-25,有価証券報告書－第63期(2025/04/01－2026/03/31)
E03678,8542,S100YJ7V,株式会社トマト銀行,2026-03-31,2026-06-25,有価証券報告書－第143期(2025/04/01－2026/03/31)
E05029,4719,S100YK7V,株式会社アルファシステムズ,2026-03-31,2026-06-25,有価証券報告書－第54期(2025/04/01－2026/03/31)
E01324,7414,S100YK40,小野建株式会社,2026-03-31,2026-06-25,有価証券報告書－第77期(2025/04/01－2026/03/31)
E00347,2003,S100YK99,日東富士製粉株式会社,2026-03-31,2026-06-25,有価証券報告書－第128期(2025/04/01－2026/03/31)
E02718,9867,S100YKQM,ソレキア株式会社,2026-03-31,2026-06-25,有価証券報告書－第68期(2025/04/01－2026/03/31)
E00027,1491,S100YKQY,中外鉱業株式会社,2026-03-31,2026-06-25,有価証券報告書－第134期(2025/04/01－2026/03/31)
E02435,7885,S100YITM,タカノ株式会社,2026-03-31,2026-06-25,有価証券報告書－第73期(2025/04/01－2026/03/31)
E03346,6836,S100YHPG,ぷらっとホーム株式会社,2026-03-31,2026-06-25,有価証券報告書－第34期(2025/04/01－2026/03/31)
E00313,1723,S100YH9O,日本電技株式会社,2026-03-31,2026-06-25,有価証券報告書－第67期(2025/04/01－2026/03/31)
E00030,3315,S100YK1Z,日本コークス工業株式会社,2026-03-31,2026-06-25,有価証券報告書－第23期(2025/04/01－2026/03/31)
E04215,9051,S100YKGW,センコン物流株式会社,2026-03-31,2026-06-25,有価証券報告書－第67期(2025/04/01－2026/03/31)
E04247,9363,S100YK5Y,株式会社大運,2026-03-31,2026-06-25,有価証券報告書－第106期(2025/04/01－2026/03/31)
E05307,2329,S100YKO9,株式会社東北新社,2026-03-31,2026-06-25,有価証券報告書－第64期(2025/04/01－2026/03/31)
E05269,4347,S100YK4A,ブロードメディア株式会社,2026-03-31,2026-06-25,有価証券報告書－第30期(2025/04/01－2026/03/31)
E01365,5922,S100YJYT,那須電機鉄工株式会社,2026-03-31,2026-06-25,有価証券報告書－第104期(2025/04/01－2026/03/31)
E00686,3954,S100YK0Y,昭和パックス株式会社,2026-03-31,2026-06-25,有価証券報告書－第130期(2025/04/01－2026/03/31)
E02066,6750,S100YK25,エレコム株式会社,2026-03-31,2026-06-25,有価証券報告書－第41期(2025/04/01－2026/03/31)
E00527,3103,S100YJHA,ユニチカ株式会社,2026-03-31,2026-06-25,有価証券報告書－第216期(2025/04/01－2026/03/31)
E00528,3106,S100YIYE,倉敷紡績株式会社,2026-03-31,2026-06-25,有価証券報告書－第218期(2025/04/01－2026/03/31)
E04254,9171,S100YKD9,栗林商船株式会社,2026-03-31,2026-06-25,有価証券報告書－第153期(2025/04/01－2026/03/31)
E02288,7735,S100YK9N,株式会社ＳＣＲＥＥＮホールディングス,2026-03-31,2026-06-25,有価証券報告書－第85期(2025/04/01－2026/03/31)
E03129,8281,S100YJT6,ゼビオホールディングス株式会社,2026-03-31,2026-06-25,有価証券報告書－第54期(2025/04/01－2026/03/31)
E01417,5947,S100YJCU,リンナイ株式会社,2026-03-31,2026-06-25,有価証券報告書－第76期(2025/04/01－2026/03/31)
E34720,7060,S100YJZ1,ギークス株式会社,2026-03-31,2026-06-25,有価証券報告書－第19期(2025/04/01－2026/03/31)
E01743,6507,S100YI4V,シンフォニアテクノロジー株式会社,2026-03-31,2026-06-25,有価証券報告書－第102期(2025/04/01－2026/03/31)
E04978,4664,S100YIKA,株式会社アール・エス・シー,2026-03-31,2026-06-25,有価証券報告書－第56期(2025/04/01－2026/03/31)
E02946,2737,S100YJQ2,株式会社トーメンデバイス,2026-03-31,2026-06-25,有価証券報告書－第35期(2025/04/01－2026/03/31)
E02807,7444,S100YK4R,ハリマ共和物産株式会社,2026-03-31,2026-06-25,有価証券報告書－第59期(2025/04/01－2026/03/31)
E05478,2435,S100YJJS,株式会社シダー,2026-03-31,2026-06-25,有価証券報告書－第45期(2025/04/01－2026/03/31)
E01912,6647,S100YJH1,森尾電機株式会社,2026-03-31,2026-06-25,有価証券報告書－第94期(2025/04/01－2026/03/31)
E03456,3370,S100YIJ4,株式会社フジタコーポレーション,2026-03-31,2026-06-25,有価証券報告書－第48期(2025/04/01－2026/03/31)
E01477,6023,S100YCLQ,ダイハツインフィニアース株式会社,2026-03-31,2026-06-25,有価証券報告書－第66期(2025/04/01－2026/03/31)
E00902,4116,S100YGML,大日精化工業株式会社,2026-03-31,2026-06-25,有価証券報告書－第123期(2025/04/01－2026/03/31)
E00744,2376,S100YICX,株式会社　サイネックス,2026-03-31,2026-06-25,有価証券報告書－第61期(2025/04/01－2026/03/31)
E02840,7483,S100YGD2,株式会社ドウシシャ,2026-03-31,2026-06-25,有価証券報告書－第50期(2025/04/01－2026/03/31)
E04933,9790,S100YHZN,福井コンピュータホールディングス株式会社,2026-03-31,2026-06-25,有価証券報告書－第47期(2025/04/01－2026/03/31)
E02688,8086,S100YJLK,ニプロ株式会社,2026-03-31,2026-06-25,有価証券報告書－第73期(2025/04/01－2026/03/31)
E00187,9767,S100YJLW,日建工学株式会社,2026-03-31,2026-06-25,有価証券報告書－第63期(2025/04/01－2026/03/31)
E01166,5237,S100YK4Z,株式会社ノザワ,2026-03-31,2026-06-25,有価証券報告書－第166期(2025/04/01－2026/03/31)
E36405,9327,S100YI5P,株式会社イー・ロジット,2026-03-31,2026-06-25,有価証券報告書－第27期(2025/04/01－2026/03/31)
E00926,8841,S100YJ5N,株式会社テーオーシー,2026-03-31,2026-06-25,有価証券報告書－第60期(2025/04/01－2026/03/31)
E01269,5603,S100YJMF,虹技株式会社,2026-03-31,2026-06-25,有価証券報告書－第121期(2025/04/01－2026/03/31)
E03508,3069,S100YK48,株式会社　ＪＦＬＡホールディングス,2026-03-31,2026-06-25,有価証券報告書－第20期(2025/04/01－2026/03/31)
E01052,4234,S100YK61,株式会社サンエー化研,2026-03-31,2026-06-25,有価証券報告書－第117期(2025/04/01－2026/03/31)
E01841,6986,S100YK0D,双葉電子工業株式会社,2026-03-31,2026-06-25,有価証券報告書－第83期(2025/04/01－2026/03/31)
E04088,9007,S100YIM7,小田急電鉄株式会社,2026-03-31,2026-06-25,有価証券報告書－第105期(2025/04/01－2026/03/31)
E04591,9635,S100YKI6,武蔵野興業株式会社,2026-03-31,2026-06-25,有価証券報告書－第155期(2025/04/01－2026/03/31)
E04178,9068,S100YKCI,丸全昭和運輸株式会社,2026-03-31,2026-06-25,有価証券報告書－第124期(2025/04/01－2026/03/31)
E00218,1878,S100YFJK,大東建託株式会社,2026-03-31,2026-06-25,有価証券報告書－第52期(2025/04/01－2026/03/31)
E05674,3840,S100YKGU,パス株式会社,2026-03-31,2026-06-25,有価証券報告書－第36期(2025/04/01－2026/03/31)
E02180,6392,S100YJDP,株式会社　ヤマダコーポレーション,2026-03-31,2026-06-25,有価証券報告書－第101期(2025/04/01－2026/03/31)
E04960,7502,S100YJCG,株式会社プラザホールディングス,2026-03-31,2026-06-25,有価証券報告書－第39期(2025/04/01－2026/03/31)
E03460,3375,S100YKCU,株式会社ＺＯＡ,2026-03-31,2026-06-25,有価証券報告書－第44期(2025/04/01－2026/03/31)
E01817,6989,S100YJZD,北陸電気工業株式会社,2026-03-31,2026-06-25,有価証券報告書－第92期(2025/04/01－2026/03/31)
E00165,8836,S100YIFC,株式会社ＲＩＳＥ,2026-03-31,2026-06-25,有価証券報告書－第80期(2025/04/01－2026/03/31)
E01408,5905,S100YK2J,日本製罐株式会社,2026-03-31,2026-06-25,有価証券報告書－第121期(2025/04/01－2026/03/31)
E02879,7570,S100YK09,橋本総業ホールディングス株式会社,2026-03-31,2026-06-25,有価証券報告書－第89期(2025/04/01－2026/03/31)
E05030,4720,S100YKMH,株式会社城南進学研究社,2026-03-31,2026-06-25,有価証券報告書－第44期(2025/04/01－2026/03/31)
E03299,7571,S100YJEK,株式会社ヤマノホールディングス,2026-03-31,2026-06-25,有価証券報告書－第40期(2025/04/01－2026/03/31)
E02610,8104,S100YJIQ,クワザワホールディングス株式会社,2026-03-31,2026-06-25,有価証券報告書－第77期(2025/04/01－2026/03/31)
E35504,4492,S100YJQM,株式会社ゼネテック,2026-03-31,2026-06-25,有価証券報告書－第41期(2025/04/01－2026/03/31)
E01754,6648,S100YKAV,株式会社かわでん,2026-03-31,2026-06-25,有価証券報告書－第105期(2025/04/01－2026/03/31)
E00035,7021,S100Y8BD,株式会社ニッチツ,2026-03-31,2026-06-25,有価証券報告書－第101期(2025/04/01－2026/03/31)
E01758,6517,S100YHXJ,デンヨー株式会社,2026-03-31,2026-06-25,有価証券報告書－第78期(2025/04/01－2026/03/31)
E02668,8147,S100YJEU,株式会社トミタ,2026-03-31,2026-06-25,有価証券報告書－第79期(2025/04/01－2026/03/31)
E00880,4403,S100YI3F,日油株式会社,2026-03-31,2026-06-25,有価証券報告書－第103期(2025/04/01－2026/03/31)
E32803,7192,S100YKHZ,日本モーゲージサービス株式会社,2026-03-31,2026-06-25,有価証券報告書－第21期(2025/04/01－2026/03/31)
E01382,5975,S100YHLP,東プレ株式会社,2026-03-31,2026-06-25,有価証券報告書－第131期(2025/04/01－2026/03/31)
E01415,5936,S100YKHR,東洋シヤッター株式会社,2026-03-31,2026-06-25,有価証券報告書－第71期(2025/04/01－2026/03/31)
E01493,6125,S100YKCW,株式会社岡本工作機械製作所,2026-03-31,2026-06-25,有価証券報告書－第127期(2025/04/01－2026/03/31)
E01849,6718,S100YIVR,アイホン株式会社,2026-03-31,2026-06-25,有価証券報告書－第68期(2025/04/01－2026/03/31)
E00232,1905,S100YJFD,株式会社テノックス,2026-03-31,2026-06-25,有価証券報告書－第56期(2025/04/01－2026/03/31)
E01643,6247,S100YJL5,株式会社日阪製作所,2026-03-31,2026-06-25,有価証券報告書－第97期(2025/04/01－2026/03/31)
E00130,1853,S100YJ3W,株式会社　森組,2026-03-31,2026-06-25,有価証券報告書－第93期(2025/04/01－2026/03/31)
E04273,9202,S100YKL4,ＡＮＡホールディングス株式会社,2026-03-31,2026-06-25,有価証券報告書－第76期(2025/04/01－2026/03/31)
E00066,1882,S100YFHW,東亜道路工業株式会社,2026-03-31,2026-06-25,有価証券報告書－第120期(2025/04/01－2026/03/31)
E02823,7461,S100YJ86,株式会社キムラ,2026-03-31,2026-06-25,有価証券報告書－第76期(2025/04/01－2026/03/31)
E01899,6994,S100YKEP,株式会社指月電機製作所,2026-03-31,2026-06-25,有価証券報告書－第98期(2025/04/01－2026/03/31)
E01096,5142,S100YJF9,アキレス株式会社,2026-03-31,2026-06-25,有価証券報告書－第106期(2025/04/01－2026/03/31)
E01130,5233,S100YJYE,太平洋セメント株式会社,2026-03-31,2026-06-25,有価証券報告書－第28期(2025/04/01－2026/03/31)
E01932,6803,S100YG7Z,ティアック株式会社,2026-03-31,2026-06-25,有価証券報告書－第78期(2025/04/01－2026/03/31)
E00659,3941,S100YI9N,レンゴー株式会社,2026-03-31,2026-06-25,有価証券報告書－第158期(2025/04/01－2026/03/31)
E01624,6495,S100YKBD,株式会社宮入バルブ製作所,2026-03-31,2026-06-25,有価証券報告書－第81期(2025/04/01－2026/03/31)
E01362,5915,S100YKDC,株式会社駒井ハルテック,2026-03-31,2026-06-25,有価証券報告書－第97期(2025/04/01－2026/03/31)
E03984,8881,S100YK7Q,株式会社日神グループホールディングス,2026-03-31,2026-06-25,有価証券報告書－第52期(2025/04/01－2026/03/31)
E01819,6771,S100YGW1,池上通信機株式会社,2026-03-31,2026-06-25,有価証券報告書－第85期(2025/04/01－2026/03/31)
E02895,7602,S100YKCQ,株式会社レダックス,2026-03-31,2026-06-25,有価証券報告書－第39期(2025/04/01－2026/03/31)
E41130,543A,S100YK16,ＡＲＣＨＩＯＮ株式会社,2026-03-31,2026-06-25,有価証券報告書－第1期(2025/06/02－2026/03/31)
E00454,2055,S100YIEA,日和産業株式会社,2026-03-31,2026-06-25,有価証券報告書－第122期(2025/04/01－2026/03/31)
E01445,5941,S100YJT1,株式会社　中西製作所,2026-03-31,2026-06-25,有価証券報告書－第70期(2025/04/01－2026/03/31)
E01120,7932,S100YIZ2,株式会社ニッピ,2026-03-31,2026-06-25,有価証券報告書－第179期(2025/04/01－2026/03/31)
E01650,6457,S100YG4D,グローリー株式会社,2026-03-31,2026-06-25,有価証券報告書－第80期(2025/04/01－2026/03/31)
E00487,2911,S100YI4Q,旭松食品株式会社,2026-03-31,2026-06-25,有価証券報告書－第76期(2025/04/01－2026/03/31)
E01057,4464,S100YKEL,株式会社ソフト９９コーポレーション,2026-03-31,2026-06-25,有価証券報告書－第72期(2025/04/01－2026/03/31)
E01364,5918,S100YJYC,瀧上工業株式会社,2026-03-31,2026-06-25,有価証券報告書－第89期(2025/04/01－2026/03/31)
E01662,6351,S100YKE5,株式会社鶴見製作所,2026-03-31,2026-06-25,有価証券報告書－第75期(2025/04/01－2026/03/31)
E33834,3447,S100YJZ0,信和株式会社,2026-03-31,2026-06-25,有価証券報告書－第12期(2025/04/01－2026/03/31)
E04800,9761,S100YJ2Z,東海リース株式会社,2026-03-31,2026-06-25,有価証券報告書－第58期(2025/04/01－2026/03/31)
E04877,9928,S100YKDZ,株式会社ミロク情報サービス,2026-03-31,2026-06-25,有価証券報告書－第49期(2025/04/01－2026/03/31)
E00396,2531,S100YINV,宝ホールディングス株式会社,2026-03-31,2026-06-25,有価証券報告書－第115期(2025/04/01－2026/03/31)
E05480,3774,S100YHYH,株式会社インターネットイニシアティブ,2026-03-31,2026-06-25,有価証券報告書－第34期(2025/04/01－2026/03/31)
E00570,8091,S100YIWE,ニチモウ株式会社,2026-03-31,2026-06-25,有価証券報告書－第140期(2025/04/01－2026/03/31)
E00784,4092,S100YJUC,日本化学工業株式会社,2026-03-31,2026-06-25,有価証券報告書－第168期(2025/04/01－2026/03/31)
E00369,2201,S100YHJS,森永製菓株式会社,2026-03-31,2026-06-25,有価証券報告書－第178期(2025/04/01－2026/03/31)
E00948,4559,S100YKC2,ゼリア新薬工業株式会社,2026-03-31,2026-06-25,有価証券報告書－第72期(2025/04/01－2026/03/31)
E03148,9854,S100YJUD,愛眼株式会社,2026-03-31,2026-06-25,有価証券報告書－第66期(2025/04/01－2026/03/31)
E01495,6134,S100YKAW,株式会社ＦＵＪＩ,2026-03-31,2026-06-25,有価証券報告書－第80期(2025/04/01－2026/03/31)
E31979,3465,S100YIZP,ケイアイスター不動産株式会社,2026-03-31,2026-06-25,有価証券報告書－第36期(2025/04/01－2026/03/31)
E00514,2819,S100YJNX,エバラ食品工業株式会社,2026-03-31,2026-06-25,有価証券報告書－第68期(2025/04/01－2026/03/31)
E05291,2307,S100YJU2,株式会社クロスキャット,2026-03-31,2026-06-25,有価証券報告書－第53期(2025/04/01－2026/03/31)
E02699,8226,S100YK3T,株式会社　理経,2026-03-31,2026-06-25,有価証券報告書－第69期(2025/04/01－2026/03/31)
E01156,5261,S100YK7M,リソルホールディングス株式会社,2026-03-31,2026-06-25,有価証券報告書－第133期(2025/04/01－2026/03/31)
E00563,3577,S100YJEV,東海染工株式会社,2026-03-31,2026-06-25,有価証券報告書－第106期(2025/04/01－2026/03/31)
E00917,4629,S100YJ59,大伸化学株式会社,2026-03-31,2026-06-25,有価証券報告書－第74期(2025/04/01－2026/03/31)
E01398,9930,S100YKDH,北沢産業株式会社,2026-03-31,2026-06-25,有価証券報告書－第79期(2025/04/01－2026/03/31)
E00631,7822,S100YJDA,永大産業株式会社,2026-03-31,2026-06-25,有価証券報告書－第92期(2025/04/01－2026/03/31)
E01612,6393,S100YJ87,油研工業株式会社,2026-03-31,2026-06-25,有価証券報告書－第82期(2025/04/01－2026/03/31)
E01471,6018,S100YJVP,阪神内燃機工業株式会社,2026-03-31,2026-06-25,有価証券報告書－第161期(2025/04/01－2026/03/31)
E01546,6378,S100YF9Q,木村化工機株式会社,2026-03-31,2026-06-25,有価証券報告書－第79期(2025/04/01－2026/03/31)
E03367,2681,S100YJMA,株式会社ゲオホールディングス,2026-03-31,2026-06-25,有価証券報告書－第38期(2025/04/01－2026/03/31)
E32109,7185,S100YJPR,ヒロセ通商株式会社,2026-03-31,2026-06-25,有価証券報告書－第23期(2025/04/01－2026/03/31)
E01747,6643,S100YJNT,株式会社戸上電機製作所,2026-03-31,2026-06-25,有価証券報告書－第151期(2025/04/01－2026/03/31)
E00777,4064,S100YJLD,日本カーバイド工業株式会社,2026-03-31,2026-06-25,有価証券報告書－第127期(2025/04/01－2026/03/31)
E03124,8219,S100YJ44,青山商事株式会社,2026-03-31,2026-06-25,有価証券報告書－第62期(2025/04/01－2026/03/31)
E01163,5391,S100YK9E,株式会社エーアンドエーマテリアル,2026-03-31,2026-06-25,有価証券報告書－第26期(2025/04/01－2026/03/31)
E03251,7464,S100YJG0,セフテック株式会社,2026-03-31,2026-06-25,有価証券報告書－第69期(2025/04/01－2026/03/31)
E01909,6407,S100YGB2,ＣＫＤ株式会社,2026-03-31,2026-06-25,有価証券報告書－第106期(2025/04/01－2026/03/31)
E02419,6417,S100YI30,株式会社三共,2026-03-31,2026-06-25,有価証券報告書－第61期(2025/04/01－2026/03/31)
E02382,7990,S100YGZ1,グローブライド株式会社,2026-03-31,2026-06-25,有価証券報告書－第71期(2025/04/01－2026/03/31)
E00456,8006,S100YIWQ,ユアサ・フナショク株式会社,2026-03-31,2026-06-25,有価証券報告書－第55期(2025/04/01－2026/03/31)
E00064,1810,S100YHYW,松井建設株式会社,2026-03-31,2026-06-25,有価証券報告書－第97期(2025/04/01－2026/03/31)
E24457,3640,S100YJ1O,株式会社電算,2026-03-31,2026-06-25,有価証券報告書－第61期(2025/04/01－2026/03/31)
E00506,2922,S100YJ2U,株式会社なとり,2026-03-31,2026-06-25,有価証券報告書－第78期(2025/04/01－2026/03/31)
E01507,6147,S100YGTK,株式会社ヤマザキ,2026-03-31,2026-06-25,有価証券報告書－第66期(2025/04/01－2026/03/31)
E04509,9511,S100YGEA,沖縄電力株式会社,2026-03-31,2026-06-25,有価証券報告書－第54期(2025/04/01－2026/03/31)
E37523,9220,S100YK1M,エフビー介護サービス株式会社,2026-03-31,2026-06-25,有価証券報告書－第39期(2025/04/01－2026/03/31)
E04940,9782,S100YIWH,株式会社ディーエムエス,2026-03-31,2026-06-25,有価証券報告書－第67期(2025/04/01－2026/03/31)
E03267,7508,S100YI5T,株式会社Ｇ‐７ホールディングス,2026-03-31,2026-06-25,有価証券報告書－第51期(2025/04/01－2026/03/31)
E01259,5444,S100YGVD,大和工業株式会社,2026-03-31,2026-06-25,有価証券報告書－第107期(2025/04/01－2026/03/31)
E00635,7887,S100YIWV,南海プライウッド株式会社,2026-03-31,2026-06-25,有価証券報告書－第73期(2025/04/01－2026/03/31)
E01098,5192,S100YJBU,三ツ星ベルト株式会社,2026-03-31,2026-06-25,有価証券報告書－第111期(2025/04/01－2026/03/31)
E01694,6292,S100YJHG,株式会社カワタ,2026-03-31,2026-06-25,有価証券報告書－第77期(2025/04/01－2026/03/31)
E30692,4247,S100YK0F,ポバール興業株式会社,2026-03-31,2026-06-25,有価証券報告書－第62期(2025/04/01－2026/03/31)
E00850,4274,S100YJCX,細谷火工株式会社,2026-03-31,2026-06-25,有価証券報告書－第75期(2025/04/01－2026/03/31)
E01007,4998,S100YGPK,フマキラー株式会社,2026-03-31,2026-06-25,有価証券報告書－第77期(2025/04/01－2026/03/31)
E02673,8152,S100YI5G,ソマール株式会社,2026-03-31,2026-06-25,有価証券報告書－第79期(2025/04/01－2026/03/31)
E01584,6317,S100YHUP,株式会社北川鉄工所,2026-03-31,2026-06-25,有価証券報告書－第116期(2025/04/01－2026/03/31)
E02878,7567,S100YJKR,株式会社栄電子,2026-03-31,2026-06-25,有価証券報告書－第59期(2025/04/01－2026/03/31)
E01992,6919,S100YJK1,ケル株式会社,2026-03-31,2026-06-25,有価証券報告書－第64期(2025/04/01－2026/03/31)
E01441,5973,S100YDF3,株式会社トーアミ,2026-03-31,2026-06-25,有価証券報告書－第87期(2025/04/01－2026/03/31)
E01475,6022,S100YI3O,株式会社　赤阪鐵工所,2026-03-31,2026-06-25,有価証券報告書－第128期(2025/04/01－2026/03/31)
E01529,6391,S100YJ76,株式会社加地テック,2026-03-31,2026-06-25,有価証券報告書－第93期(2025/04/01－2026/03/31)
E01499,6140,S100YJMM,旭ダイヤモンド工業株式会社,2026-03-31,2026-06-25,有価証券報告書－第107期(2025/04/01－2026/03/31)
E00935,4521,S100YK2Q,科研製薬株式会社,2026-03-31,2026-06-25,有価証券報告書－第106期(2025/04/01－2026/03/31)
E00649,3877,S100YJ03,中越パルプ工業株式会社,2026-03-31,2026-06-25,有価証券報告書－第110期(2025/04/01－2026/03/31)
E01391,5962,S100YIX3,浅香工業株式会社,2026-03-31,2026-06-25,有価証券報告書－第122期(2025/04/01－2026/03/31)
E04346,9365,S100YJV2,トレーディア株式会社,2026-03-31,2026-06-25,有価証券報告書－第96期(2025/04/01－2026/03/31)
E05322,2349,S100YK0N,株式会社エヌアイデイ,2026-03-31,2026-06-25,有価証券報告書－第59期(2025/04/01－2026/03/31)
E04329,9380,S100YHD3,東海運株式会社,2026-03-31,2026-06-25,有価証券報告書－第125期(2025/04/01－2026/03/31)
E00344,1380,S100YK4U,株式会社秋川牧園,2026-03-31,2026-06-25,有価証券報告書－第47期(2025/04/01－2026/03/31)
E00090,1808,S100YJVQ,株式会社　長谷工コーポレーション,2026-03-31,2026-06-25,有価証券報告書－第109期(2025/04/01－2026/03/31)
E03664,8416,S100YJZJ,株式会社高知銀行,2026-03-31,2026-06-25,有価証券報告書－第146期(2025/04/01－2026/03/31)
E02656,8137,S100YJ4F,サンワテクノス株式会社,2026-03-31,2026-06-25,有価証券報告書－第78期(2025/04/01－2026/03/31)
E00443,2286,S100YJI4,林兼産業株式会社,2026-03-31,2026-06-25,有価証券報告書－第87期(2025/04/01－2026/03/31)
E01287,5658,S100YIXZ,日亜鋼業株式会社,2026-03-31,2026-06-25,有価証券報告書－第74期(2025/04/01－2026/03/31)
E00534,3123,S100YJC8,サイボー株式会社,2026-03-31,2026-06-25,有価証券報告書－第103期(2025/04/01－2026/03/31)
E03723,8742,S100YJB4,株式会社小林洋行,2026-03-31,2026-06-25,有価証券報告書－第79期(2025/04/01－2026/03/31)
E02286,6850,S100YJHF,株式会社チノー,2026-03-31,2026-06-25,有価証券報告書－第90期(2025/04/01－2026/03/31)
E00679,7987,S100YKAO,ナカバヤシ株式会社,2026-03-31,2026-06-25,有価証券報告書－第76期(2025/04/01－2026/03/31)
E01024,4231,S100YK4M,タイガースポリマー株式会社,2026-03-31,2026-06-25,有価証券報告書－第84期(2025/04/01－2026/03/31)
E02172,7247,S100YLLZ,株式会社ミクニ,2026-03-31,2026-06-26,有価証券報告書－第104期(2025/04/01－2026/03/31)
E23871,6629,S100YLV9,テクノホライゾン株式会社,2026-03-31,2026-06-26,有価証券報告書－第16期(2025/04/01－2026/03/31)
E03233,7416,S100YLJD,株式会社はるやまホールディングス,2026-03-31,2026-06-26,有価証券報告書－第52期(2025/04/01－2026/03/31)
E05452,1711,S100YM7I,株式会社ＳＤＳホールディングス,2026-03-31,2026-06-26,有価証券報告書－第41期(2025/04/01－2026/03/31)
E00912,7953,S100YKW4,菊水化学工業株式会社,2026-03-31,2026-06-26,有価証券報告書－第69期(2025/04/01－2026/03/31)
E03815,8698,S100YM8I,マネックスグループ株式会社,2026-03-31,2026-06-26,有価証券報告書－第22期(2025/04/01－2026/03/31)
E03847,8766,S100YLS8,東京海上ホールディングス株式会社,2026-03-31,2026-06-26,有価証券報告書－第24期(2025/04/01－2026/03/31)
E03406,2764,S100YL5S,株式会社ひらまつ,2026-03-31,2026-06-26,有価証券報告書－第44期(2025/04/01－2026/03/31)
E01956,9766,S100YKX5,コナミグループ株式会社,2026-03-31,2026-06-26,有価証券報告書－第54期(2025/04/01－2026/03/31)
E02304,6960,S100YLF7,フクダ電子株式会社,2026-03-31,2026-06-26,有価証券報告書－第79期(2025/04/01－2026/03/31)
E01333,5802,S100YL2M,住友電気工業株式会社,2026-03-31,2026-06-26,有価証券報告書－第156期(2025/04/01－2026/03/31)
E31104,3199,S100YJZ2,綿半ホールディングス株式会社,2026-03-31,2026-06-26,有価証券報告書－第78期(2025/04/01－2026/03/31)
E02171,6042,S100YKJL,株式会社ニッキ,2026-03-31,2026-06-26,有価証券報告書－第135期(2025/04/01－2026/03/31)
E01402,5985,S100YKOJ,サンコール株式会社,2026-03-31,2026-06-26,有価証券報告書－第109期(2025/04/01－2026/03/31)
E00705,7918,S100YL9S,株式会社ヴィア・ホールディングス,2026-03-31,2026-06-26,有価証券報告書－第90期(2025/04/01－2026/03/31)
E01950,6857,S100YKTA,株式会社アドバンテスト,2026-03-31,2026-06-26,有価証券報告書－第84期(2025/04/01－2026/03/31)
E04710,4680,S100YJKU,株式会社ラウンドワン,2026-03-31,2026-06-26,有価証券報告書－第46期(2025/04/01－2026/03/31)
E26332,3661,S100YK0J,株式会社エムアップホールディングス,2026-03-31,2026-06-26,有価証券報告書－第22期(2025/04/01－2026/03/31)
E01095,5194,S100YL8G,相模ゴム工業株式会社,2026-03-31,2026-06-26,有価証券報告書－第93期(2025/04/01－2026/03/31)
E01308,5707,S100YI2P,東邦亜鉛株式会社,2026-03-31,2026-06-26,有価証券報告書－第127期(2025/04/01－2026/03/31)
E31220,1384,S100YK1Y,株式会社　ホクリヨウ,2026-03-31,2026-06-26,有価証券報告書－第78期(2025/04/01－2026/03/31)
E27894,3909,S100YMC0,株式会社ショーケース,2026-03-31,2026-06-26,有価証券報告書－第30期(2025/01/01－2026/03/31)
E41485,548A,S100YKKE,株式会社システムエグゼ,2026-03-31,2026-06-26,有価証券報告書－第29期(2025/04/01－2026/03/31)
E33011,3561,S100YLK6,株式会社力の源ホールディングス,2026-03-31,2026-06-26,有価証券報告書－第41期(2025/04/01－2026/03/31)
E02871,7555,S100YLK4,株式会社大田花き,2026-03-31,2026-06-26,有価証券報告書－第38期(2025/04/01－2026/03/31)
E01195,5388,S100YLG9,クニミネ工業株式会社,2026-03-31,2026-06-26,有価証券報告書－第92期(2025/04/01－2026/03/31)
E01521,6218,S100YKK8,エンシュウ株式会社,2026-03-31,2026-06-26,有価証券報告書－第158期(2025/04/01－2026/03/31)
E04858,9685,S100YM1I,ＫＹＣＯＭホールディングス株式会社,2026-03-31,2026-06-26,有価証券報告書－第59期(2025/04/01－2026/03/31)
E04550,9723,S100YIC1,株式会社京都ホテル,2026-03-31,2026-06-26,有価証券報告書－第107期(2025/04/01－2026/03/31)
E00640,7820,S100YLHV,ニホンフラッシュ株式会社,2026-03-31,2026-06-26,有価証券報告書－第62期(2025/04/01－2026/03/31)
E01766,6702,S100YM3K,富士通株式会社,2026-03-31,2026-06-26,有価証券報告書－第126期(2025/04/01－2026/03/31)
E01488,6138,S100YHNC,ダイジェット工業株式会社,2026-03-31,2026-06-26,有価証券報告書－第100期(2025/04/01－2026/03/31)
E04191,9072,S100YLI5,ニッコンホールディングス株式会社,2026-03-31,2026-06-26,有価証券報告書－第85期(2025/04/01－2026/03/31)
E02226,7273,S100YLTN,株式会社イクヨ,2026-03-31,2026-06-26,有価証券報告書－第87期(2025/04/01－2026/03/31)
E02403,6412,S100YM5Z,株式会社平和,2026-03-31,2026-06-26,有価証券報告書－第58期(2025/04/01－2026/03/31)
E00711,7946,S100YLWX,株式会社光陽社,2026-03-31,2026-06-26,有価証券報告書－第78期(2025/04/01－2026/03/31)
E02185,5644,S100YLLM,株式会社メタルアート,2026-03-31,2026-06-26,有価証券報告書－第95期(2025/04/01－2026/03/31)
E01718,6428,S100YLT7,株式会社オーイズミ,2026-03-31,2026-06-26,有価証券報告書－第58期(2025/04/01－2026/03/31)
E34326,5571,S100YMC7,エキサイトホールディングス株式会社,2026-03-31,2026-06-26,有価証券報告書－第8期(2025/04/01－2026/03/31)
E02459,7851,S100YMBT,カワセコンピュータサプライ株式会社,2026-03-31,2026-06-26,有価証券報告書－第71期(2025/04/01－2026/03/31)
E02210,7239,S100YLGY,株式会社タチエス,2026-03-31,2026-06-26,有価証券報告書－第74期(2025/04/01－2026/03/31)
E27059,6072,S100YM7M,地盤ネットホールディングス株式会社,2026-03-31,2026-06-26,有価証券報告書－第18期(2025/04/01－2026/03/31)
E38148,9336,S100YKY3,大栄環境株式会社,2026-03-31,2026-06-26,有価証券報告書－第47期(2025/04/01－2026/03/31)
E01394,1921,S100YLBY,株式会社　巴コーポレーション,2026-03-31,2026-06-26,有価証券報告書－第94期(2025/04/01－2026/03/31)
E02051,6832,S100YLRR,アオイ電子株式会社,2026-03-31,2026-06-26,有価証券報告書－第58期(2025/04/01－2026/03/31)
E03451,3358,S100YLWW,Ｔｒａｉｌｈｅａｄ　Ｇｌｏｂａｌ　Ｈｏｌｄｉｎｇｓ株式会社,2026-03-31,2026-06-26,有価証券報告書－第32期(2025/04/01－2026/03/31)
E30918,3694,S100YLSB,株式会社オプティム,2026-03-31,2026-06-26,有価証券報告書－第26期(2025/04/01－2026/03/31)
E01904,6996,S100YLMG,ニチコン株式会社,2026-03-31,2026-06-26,有価証券報告書－第91期(2025/04/01－2026/03/31)
E26839,6070,S100YHI9,キャリアリンク株式会社,2026-03-31,2026-06-26,有価証券報告書－第30期(2025/04/01－2026/03/31)
E00182,1992,S100Y9QZ,神田通信機株式会社,2026-03-31,2026-06-26,有価証券報告書－第89期(2025/04/01－2026/03/31)
E00899,4119,S100YGDM,株式会社日本ピグメントホールディングス,2026-03-31,2026-06-26,有価証券報告書－第90期(2025/04/01－2026/03/31)
E02489,3851,S100YLU7,株式会社日本一ソフトウェア,2026-03-31,2026-06-26,有価証券報告書－第33期(2025/04/01－2026/03/31)
E00034,8835,S100YL7T,太平洋興発株式会社,2026-03-31,2026-06-26,有価証券報告書－第151期(2025/04/01－2026/03/31)
E00909,4623,S100YLY9,株式会社アサヒペン,2026-03-31,2026-06-26,有価証券報告書－第80期(2025/04/01－2026/03/31)
E03226,9989,S100YL7Q,株式会社サンドラッグ,2026-03-31,2026-06-26,有価証券報告書－第63期(2025/04/01－2026/03/31)
E02791,7413,S100YKKP,株式会社創健社,2026-03-31,2026-06-26,有価証券報告書－第59期(2025/04/01－2026/03/31)
E01216,5287,S100YJYN,株式会社イトーヨーギョー,2026-03-31,2026-06-26,有価証券報告書－第77期(2025/04/01－2026/03/31)
E04158,9081,S100YF1P,神奈川中央交通株式会社,2026-03-31,2026-06-26,有価証券報告書－第152期(2025/04/01－2026/03/31)
E02390,6961,S100YLHU,株式会社エンプラス,2026-03-31,2026-06-26,有価証券報告書－第65期(2025/04/01－2026/03/31)
E01987,6819,S100YLUW,伊豆シャボテンリゾート株式会社,2026-03-31,2026-06-26,有価証券報告書－第51期(2025/04/01－2026/03/31)
E00590,3591,S100YKJC,株式会社ワコールホールディングス,2026-03-31,2026-06-26,有価証券報告書－第78期(2025/04/01－2026/03/31)
E01180,5356,S100YG4G,美濃窯業株式会社,2026-03-31,2026-06-26,有価証券報告書－第164期(2025/04/01－2026/03/31)
E01642,6282,S100YLBX,オイレス工業株式会社,2026-03-31,2026-06-26,有価証券報告書－第75期(2025/04/01－2026/03/31)
E02027,6824,S100YJBP,新コスモス電機株式会社,2026-03-31,2026-06-26,有価証券報告書－第67期(2025/04/01－2026/03/31)
E36769,4360,S100YGOW,株式会社マナック・ケミカル・パートナーズ,2026-03-31,2026-06-26,有価証券報告書－第5期(2025/04/01－2026/03/31)
E05460,2432,S100YLDV,株式会社ディー・エヌ・エー,2026-03-31,2026-06-26,有価証券報告書－第28期(2025/04/01－2026/03/31)
E01221,7746,S100YL4M,岡本硝子株式会社,2026-03-31,2026-06-26,有価証券報告書－第80期(2025/04/01－2026/03/31)
E32200,3932,S100YLRB,株式会社アカツキ,2026-03-31,2026-06-26,有価証券報告書－第16期(2025/04/01－2026/03/31)
E00724,7868,S100YLHM,株式会社広済堂ホールディングス,2026-03-31,2026-06-26,有価証券報告書－第62期(2025/04/01－2026/03/31)
E00567,3529,S100YKV3,アツギ株式会社,2026-03-31,2026-06-26,有価証券報告書－第100期(2025/04/01－2026/03/31)
E01978,6942,S100YFIK,株式会社ソフィアホールディングス,2026-03-31,2026-06-26,有価証券報告書－第51期(2025/04/01－2026/03/31)
E02086,6676,S100YGR6,株式会社バッファロー,2026-03-31,2026-06-26,有価証券報告書－第40期(2025/04/01－2026/03/31)
E00682,3953,S100YK44,大村紙業株式会社,2026-03-31,2026-06-26,有価証券報告書－第62期(2025/04/01－2026/03/31)
E01644,7255,S100YI1Y,株式会社　桜井製作所,2026-03-31,2026-06-26,有価証券報告書－第78期(2025/04/01－2026/03/31)
E01761,6333,S100YL5Z,株式会社ＴＥＩＫＯＫＵ,2026-03-31,2026-06-26,有価証券報告書－第122期(2025/04/01－2026/03/31)
E00839,4222,S100YLN8,児玉化学工業株式会社,2026-03-31,2026-06-26,有価証券報告書－第99期(2025/04/01－2026/03/31)
E04952,9739,S100YJ3Q,ＮＳＷ株式会社,2026-03-31,2026-06-26,有価証券報告書－第60期(2025/04/01－2026/03/31)
E02787,8225,S100YJCQ,株式会社タカチホ,2026-03-31,2026-06-26,有価証券報告書－第80期(2025/04/01－2026/03/31)
E00755,4008,S100YKNS,住友精化株式会社,2026-03-31,2026-06-26,有価証券報告書－第113期(2025/04/01－2026/03/31)
E03076,8135,S100YJPU,ゼット株式会社,2026-03-31,2026-06-26,有価証券報告書－第77期(2025/04/01－2026/03/31)
E00511,2924,S100Y9CI,イフジ産業株式会社,2026-03-31,2026-06-26,有価証券報告書－第54期(2025/04/01－2026/03/31)
E24453,3641,S100YJ7Y,株式会社パピレス,2026-03-31,2026-06-26,有価証券報告書－第32期(2025/04/01－2026/03/31)
E27530,6248,S100YETX,株式会社横田製作所,2026-03-31,2026-06-26,有価証券報告書－第73期(2025/04/01－2026/03/31)
E05676,2162,S100YF8Q,ｎｍｓホールディングス株式会社,2026-03-31,2026-06-26,有価証券報告書－第41期(2025/04/01－2026/03/31)
E05443,3750,S100YLDW,株式会社ＡＤＲ１２０Ｓ,2026-03-31,2026-06-26,有価証券報告書－第22期(2025/04/01－2026/03/31)
E02325,7771,S100YKSP,日本精密株式会社,2026-03-31,2026-06-26,有価証券報告書－第48期(2025/04/01－2026/03/31)
E01648,6494,S100YL8X,株式会社ＮＦＫホールディングス,2026-03-31,2026-06-26,有価証券報告書－第84期(2025/04/01－2026/03/31)
E03355,2666,S100YLV8,株式会社　オートウェーブ,2026-03-31,2026-06-26,有価証券報告書－第37期(2025/04/01－2026/03/31)
E02711,9849,S100YM2W,株式会社共同紙販ホールディングス,2026-03-31,2026-06-26,有価証券報告書－第75期(2025/04/01－2026/03/31)
E37194,7383,S100YM27,株式会社ネットプロテクションズホールディングス,2026-03-31,2026-06-26,有価証券報告書－第8期(2025/04/01－2026/03/31)
E02056,6787,S100YIE8,株式会社メイコー,2026-03-31,2026-06-26,有価証券報告書－第51期(2025/04/01－2026/03/31)
E01764,6637,S100YKLJ,寺崎電気産業株式会社,2026-03-31,2026-06-26,有価証券報告書－第46期(2025/04/01－2026/03/31)
E26842,3175,S100YLZQ,株式会社エー・ピーホールディングス,2026-03-31,2026-06-26,有価証券報告書－第25期(2025/04/01－2026/03/31)
E04976,4662,S100YFP2,株式会社フォーカスシステムズ,2026-03-31,2026-06-26,有価証券報告書－第50期(2025/04/01－2026/03/31)
E04091,9009,S100YL5Y,京成電鉄株式会社,2026-03-31,2026-06-26,有価証券報告書－第183期(2025/04/01－2026/03/31)
E00175,1866,S100YM22,北野建設株式会社,2026-03-31,2026-06-26,有価証券報告書－第81期(2025/04/01－2026/03/31)
E01202,5280,S100YJO9,ヨシコン株式会社,2026-03-31,2026-06-26,有価証券報告書－第58期(2025/04/01－2026/03/31)
E05145,4801,S100YEYH,セントラルスポーツ株式会社,2026-03-31,2026-06-26,有価証券報告書－第56期(2025/04/01－2026/03/31)
E01673,6273,S100YLC6,ＳＭＣ株式会社,2026-03-31,2026-06-26,有価証券報告書－第67期(2025/04/01－2026/03/31)
E02650,8123,S100YLIH,川辺株式会社,2026-03-31,2026-06-26,有価証券報告書－第81期(2025/04/01－2026/03/31)
E02826,7463,S100YM3U,株式会社アドヴァン,2026-03-31,2026-06-26,有価証券報告書－第53期(2025/04/01－2026/03/31)
E04823,9760,S100YM41,株式会社　進学会ホールディングス,2026-03-31,2026-06-29,有価証券報告書－第51期(2025/04/01－2026/03/31)
E01482,6104,S100YLEZ,芝浦機械株式会社,2026-03-31,2026-06-29,有価証券報告書－第103期(2025/04/01－2026/03/31)
E05151,4814,S100YN09,ネクストウェア株式会社,2026-03-31,2026-06-29,有価証券報告書－第36期(2025/04/01－2026/03/31)
E05719,3858,S100YDYA,株式会社ユビキタスＡＩ,2026-03-31,2026-06-29,有価証券報告書－第25期(2025/04/01－2026/03/31)
E03695,8518,S100YMG4,日本アジア投資株式会社,2026-03-31,2026-06-29,有価証券報告書－第45期(2025/04/01－2026/03/31)
E03304,7578,S100YN6A,株式会社ニチリョク,2026-03-31,2026-06-29,有価証券報告書－第60期(2025/04/01－2026/03/31)
E39737,254A,S100YCG3,ＡＩフュージョンキャピタルグループ株式会社,2026-03-31,2026-06-29,有価証券報告書－第2期(2025/04/01－2026/03/31)
E25206,3646,S100YMSD,株式会社駅探,2026-03-31,2026-06-29,有価証券報告書－第24期(2025/04/01－2026/03/31)
E04727,2340,S100YMBF,株式会社　極楽湯ホールディングス,2026-03-31,2026-06-29,有価証券報告書－第47期(2025/04/01－2026/03/31)
E32412,7187,S100YM65,ジェイリース株式会社,2026-03-31,2026-06-29,有価証券報告書－第23期(2025/04/01－2026/03/31)
E04948,9435,S100YN0V,株式会社光通信,2026-03-31,2026-06-29,有価証券報告書－第39期(2025/04/01－2026/03/31)
E41452,549A,S100YM06,ヒトトヒトホールディングス株式会社,2026-03-31,2026-06-29,有価証券報告書－第7期(2025/04/01－2026/03/31)
E00585,3011,S100YHFW,株式会社バナーズ,2026-03-31,2026-06-29,有価証券報告書－第77期(2025/04/01－2026/03/31)
E02096,7836,S100YM6H,アビックス株式会社,2026-03-31,2026-06-29,有価証券報告書－第37期(2025/04/01－2026/03/31)
E02627,8105,S100YM8W,Ｂｉｔｃｏｉｎ　Ｊａｐａｎ株式会社,2026-03-31,2026-06-29,有価証券報告書－第122期(2025/04/01－2026/03/31)
E00453,2894,S100YMHZ,石井食品株式会社,2026-03-31,2026-06-29,有価証券報告書－第85期(2025/04/01－2026/03/31)
E00734,7863,S100YLE6,株式会社平賀,2026-03-31,2026-06-29,有価証券報告書－第71期(2025/04/01－2026/03/31)
E05569,2479,S100YN23,株式会社ジェイテック,2026-03-31,2026-06-29,有価証券報告書－第30期(2025/04/01－2026/03/31)
E02664,8141,S100YME7,新光商事株式会社,2026-03-31,2026-06-29,有価証券報告書－第73期(2025/04/01－2026/03/31)
E02008,6298,S100YMTQ,ワイエイシイホールディングス株式会社,2026-03-31,2026-06-29,有価証券報告書－第54期(2025/04/01－2026/03/31)
E33577,6564,S100YMTN,株式会社ミダックホールディングス,2026-03-31,2026-06-29,有価証券報告書－第62期(2025/04/01－2026/03/31)
E03166,9890,S100YN3H,株式会社マキヤ,2026-03-31,2026-06-29,有価証券報告書－第74期(2025/04/01－2026/03/31)
E03275,7522,S100YMJJ,ワタミ株式会社,2026-03-31,2026-06-29,有価証券報告書－第40期(2025/04/01－2026/03/31)
E01724,6405,S100YN3J,鈴茂器工株式会社,2026-03-31,2026-06-29,有価証券報告書－第66期(2025/04/01－2026/03/31)
E02818,7538,S100YM6T,株式会社大水,2026-03-31,2026-06-29,有価証券報告書－第91期(2025/04/01－2026/03/31)
E34065,6699,S100YLYF,ダイヤモンドエレクトリックホールディングス株式会社,2026-03-31,2026-06-29,有価証券報告書－第8期(2025/04/01－2026/03/31)
E05528,9423,S100YKOH,株式会社フォーバル・リアルストレート,2026-03-31,2026-06-29,有価証券報告書－第32期(2025/04/01－2026/03/31)
E02266,7721,S100YMS0,東京計器株式会社,2026-03-31,2026-06-29,有価証券報告書－第95期(2025/04/01－2026/03/31)
E00550,3205,S100YMAI,株式会社ダイドーリミテッド,2026-03-31,2026-06-29,有価証券報告書－第103期(2025/04/01－2026/03/31)
E03252,7462,S100YM73,株式会社ＣＡＰＩＴＡ,2026-03-31,2026-06-29,有価証券報告書－第77期(2025/04/01－2026/03/31)
E03278,7524,S100YML0,マルシェ株式会社,2026-03-31,2026-06-29,有価証券報告書－第54期(2025/04/01－2026/03/31)
E02173,6356,S100YMQ1,日本ギア工業株式会社,2026-03-31,2026-06-29,有価証券報告書－第124期(2025/04/01－2026/03/31)
E30066,3293,S100YL9X,アズマハウス株式会社,2026-03-31,2026-06-29,有価証券報告書－第49期(2025/04/01－2026/03/31)
E05112,2656,S100YLWG,株式会社ベクターホールディングス,2026-03-31,2026-06-29,有価証券報告書－第38期(2025/04/01－2026/03/31)
E03281,7872,S100YLKC,エステールホールディングス株式会社,2026-03-31,2026-06-29,有価証券報告書－第68期(2025/04/01－2026/03/31)
E02875,7565,S100YLNO,萬世電機株式会社,2026-03-31,2026-06-29,有価証券報告書－第80期(2025/04/01－2026/03/31)
E00566,3409,S100YKBG,株式会社北紡,2026-03-31,2026-06-29,有価証券報告書－第103期(2025/04/01－2026/03/31)
E02845,7490,S100YKC9,日新商事株式会社,2026-03-31,2026-06-29,有価証券報告書－第82期(2025/04/01－2026/03/31)
E01234,5482,S100YLIN,愛知製鋼株式会社,2026-03-31,2026-06-29,有価証券報告書－第122期(2025/04/01－2026/03/31)
E01420,5966,S100YJPO,京都機械工具株式会社,2026-03-31,2026-06-29,有価証券報告書－第76期(2025/04/01－2026/03/31)
E00576,3521,S100YMXL,テルマー湯ホールディングス株式会社,2026-03-31,2026-06-29,有価証券報告書－第146期(2025/04/01－2026/03/31)
E05698,2146,S100YKK1,ＵＴグループ株式会社,2026-03-31,2026-06-29,有価証券報告書－第19期(2025/04/01－2026/03/31)
E02337,7709,S100XQ6A,クボテック株式会社,2026-03-31,2026-06-29,有価証券報告書－第41期(2025/04/01－2026/03/31)
E03405,2763,S100YLMI,株式会社エフティグループ,2026-03-31,2026-06-29,有価証券報告書－第41期(2025/04/01－2026/03/31)
E02798,7426,S100YMIT,株式会社　山大,2026-03-31,2026-06-29,有価証券報告書－第68期(2025/04/01－2026/03/31)
E03494,3059,S100YJ9F,ヒラキ株式会社,2026-03-31,2026-06-29,有価証券報告書－第49期(2025/04/01－2026/03/31)
E02447,7399,S100YM6C,株式会社ナンシン,2026-03-31,2026-06-29,有価証券報告書－第80期(2025/04/01－2026/03/31)
E23245,3156,S100YJ4V,株式会社レスター,2026-03-31,2026-06-29,有価証券報告書－第17期(2025/04/01－2026/03/31)
E02383,7980,S100YKGZ,株式会社　重松製作所,2026-03-31,2026-06-29,有価証券報告書－第80期(2025/04/01－2026/03/31)
E32161,3933,S100YNS5,チエル株式会社,2026-03-31,2026-06-30,有価証券報告書－第29期(2025/04/01－2026/03/31)
E30466,3686,S100YNSR,株式会社ディー・エル・イー,2026-03-31,2026-06-30,有価証券報告書－第25期(2025/04/01－2026/03/31)
E04980,4667,S100YBI7,アイサンテクノロジー株式会社,2026-03-31,2026-06-30,有価証券報告書－第56期(2025/04/01－2026/03/31)
E02676,8154,S100YNQJ,加賀電子株式会社,2026-03-31,2026-06-30,有価証券報告書－第58期(2025/04/01－2026/03/31)
E02174,7256,S100YNJP,河西工業株式会社,2026-03-31,2026-06-30,有価証券報告書－第95期(2025/04/01－2026/03/31)
E00867,7886,S100YMK7,ヤマト　モビリティ　＆　Ｍｆｇ．株式会社,2026-03-31,2026-06-30,有価証券報告書－第71期(2025/04/01－2026/03/31)
E25282,1909,S100YNKG,日本ドライケミカル株式会社,2026-03-31,2026-06-30,有価証券報告書－第74期(2025/04/01－2026/03/31)
E01245,5484,S100YNM9,東北特殊鋼株式会社,2026-03-31,2026-06-30,有価証券報告書－第127期(2025/04/01－2026/03/31)
E03745,2134,S100YNIS,北浜キャピタルパートナーズ株式会社,2026-03-31,2026-06-30,有価証券報告書－第34期(2025/04/01－2026/03/31)
E03717,8746,S100YNMZ,ｕｎｂａｎｋｅｄ株式会社,2026-03-31,2026-06-30,有価証券報告書－第54期(2025/04/01－2026/03/31)
E02045,6840,S100YH7L,株式会社ＡＫＩＢＡホールディングス,2026-03-31,2026-06-30,有価証券報告書－第44期(2025/04/01－2026/03/31)
E01897,6706,S100YH6S,電気興業株式会社,2026-03-31,2026-06-30,有価証券報告書－第100期(2025/04/01－2026/03/31)
E04916,9610,S100YNLK,ウィルソン・ラーニング　ワールドワイド株式会社,2026-03-31,2026-06-30,有価証券報告書－第45期(2025/04/01－2026/03/31)
E02385,7985,S100YN9E,ネポン株式会社,2026-03-31,2026-06-30,有価証券報告書－第79期(2025/04/01－2026/03/31)
E31957,3925,S100YN9T,株式会社ダブルスタンダード,2026-03-31,2026-06-30,有価証券報告書－第14期(2025/04/01－2026/03/31)
E03854,8725,S100YNCJ,ＭＳ＆ＡＤインシュアランスグループホールディングス株式会社,2026-03-31,2026-06-30,有価証券報告書－第18期(2025/04/01－2026/03/31)
E02655,8136,S100YNR0,株式会社サンリオ,2026-03-31,2026-06-30,有価証券報告書－第66期(2025/04/01－2026/03/31)
E01239,5471,S100YNEC,大同特殊鋼株式会社,2026-03-31,2026-06-30,有価証券報告書－第102期(2025/04/01－2026/03/31)
E04206,9060,S100YNBV,日本ロジテム株式会社,2026-03-31,2026-06-30,有価証券報告書－第110期(2025/04/01－2026/03/31)
E04704,4650,S100YNJD,ＳＤエンターテイメント株式会社,2026-03-31,2026-06-30,有価証券報告書－第72期(2025/04/01－2026/03/31)
E02483,4240,S100YNDU,クラスターテクノロジー株式会社,2026-03-31,2026-06-30,有価証券報告書－第35期(2025/04/01－2026/03/31)
E01300,5721,S100YNKO,エスクリプトエナジー株式会社,2026-03-31,2026-06-30,有価証券報告書－第107期(2025/04/01－2026/03/31)
E05070,4750,S100YNWZ,株式会社ダイサン,2026-04-20,2026-07-02,有価証券報告書－第52期(2025/04/21－2026/04/20)
E00763,4026,S100YQCW,神島化学工業株式会社,2026-04-30,2026-07-14,有価証券報告書－第110期(2025/05/01－2026/04/30)
E02356,6656,S100YR8L,インスペック株式会社,2026-04-30,2026-07-17,有価証券報告書－第38期(2025/05/01－2026/04/30)
E00414,2593,S100YRK7,株式会社伊藤園,2026-04-30,2026-07-21,有価証券報告書－第61期(2025/05/01－2026/04/30)
E00510,2923,S100YR44,サトウ食品株式会社,2026-04-30,2026-07-21,有価証券報告書－第66期(2025/05/01－2026/04/30)
E01442,5971,S100YR73,株式会社共和工業所,2026-04-30,2026-07-22,有価証券報告書－第67期(2025/05/01－2026/04/30)
E22016,3444,S100YROC,株式会社菊池製作所,2026-04-30,2026-07-22,有価証券報告書－第51期(2025/05/01－2026/04/30)
E00715,7901,S100YRR3,株式会社マツモト,2026-04-30,2026-07-22,有価証券報告書－第38期(2025/05/01－2026/04/30)
E00197,1873,S100YR5P,株式会社日本ハウスホールディングス,2026-04-30,2026-07-22,有価証券報告書－第58期(2025/05/01－2026/04/30)
E05563,3031,S100YRIV,株式会社ラクーンホールディングス,2026-04-30,2026-07-22,有価証券報告書－第30期(2025/05/01－2026/04/30)
E00578,3524,S100YQZ2,日東製網株式会社,2026-04-30,2026-07-23,有価証券報告書－第125期(2025/05/01－2026/04/30)
E33880,4382,S100YS1Z,ＨＥＲＯＺ株式会社,2026-04-30,2026-07-23,有価証券報告書－第18期(2025/05/01－2026/04/30)
E03283,2294,S100YRG8,株式会社柿安本店,2026-04-30,2026-07-23,有価証券報告書－第58期(2025/05/01－2026/04/30)
E27215,3180,S100YS74,株式会社ビューティガレージ,2026-04-30,2026-07-24,有価証券報告書－第24期(2025/05/01－2026/04/30)
E00281,1766,S100YS6C,東建コーポレーション株式会社,2026-04-30,2026-07-24,有価証券報告書－第50期(2025/05/01－2026/04/30)
E31386,3134,S100YS4J,Ｈａｍｅｅ株式会社,2026-04-30,2026-07-24,有価証券報告書－第28期(2025/05/01－2026/04/30)
E00482,2910,S100YSC6,株式会社ロック・フィールド,2026-04-30,2026-07-27,有価証券報告書－第54期(2025/05/01－2026/04/30)
E37573,5032,S100YSEA,ＡＮＹＣＯＬＯＲ株式会社,2026-04-30,2026-07-27,有価証券報告書－第9期(2025/05/01－2026/04/30)
E00394,2502,S100YSGA,アサヒグループホールディングス株式会社,2025-12-31,2026-07-27,有価証券報告書－第102期(2025/01/01－2025/12/31)
E41257,500A,S100YSBO,株式会社ＴＯブックス,2026-04-30,2026-07-27,有価証券報告書－第12期(2025/05/01－2026/04/30)
E02011,7435,S100YSCT,株式会社ナ・デックス,2026-04-30,2026-07-27,有価証券報告書－第76期(2025/05/01－2026/04/30)
E35534,7095,S100YSEQ,株式会社Ｍａｃｂｅｅ　Ｐｌａｎｅｔ,2026-04-30,2026-07-27,有価証券報告書－第11期(2025/05/01－2026/04/30)
E03454,3361,S100YSDU,株式会社トーエル,2026-04-30,2026-07-28,有価証券報告書－第63期(2025/05/01－2026/04/30)
E03436,3329,S100YSG1,東和フードサービス株式会社,2026-04-30,2026-07-28,有価証券報告書－第27期(2025/05/01－2026/04/30)
E03314,7604,S100YSIF,株式会社　梅の花グループ,2026-04-30,2026-07-28,有価証券報告書－第47期(2025/05/01－2026/04/30)
E02953,2751,S100YS8T,株式会社テンポスホールディングス,2026-04-30,2026-07-28,有価証券報告書－第34期(2025/05/01－2026/04/30)
E24248,3161,S100YSKW,アゼアス株式会社,2026-04-30,2026-07-29,有価証券報告書－第85期(2025/05/01－2026/04/30)
E31060,3903,S100YSP4,株式会社ｇｕｍｉ,2026-04-30,2026-07-29,有価証券報告書－第19期(2025/05/01－2026/04/30)
E37468,5079,S100YSTZ,株式会社ノバック,2026-04-30,2026-07-29,有価証券報告書－第62期(2025/05/01－2026/04/30)
E04896,9627,S100YSTQ,株式会社アインホールディングス,2026-04-30,2026-07-29,有価証券報告書－第57期(2025/05/01－2026/04/30)
E05630,3823,S100YTBE,ＴＨＥ　ＷＨＹ　ＨＯＷ　ＤＯ　ＣＯＭＰＡＮＹ株式会社,2026-04-30,2026-07-30,有価証券報告書－第22期(2025/09/01－2026/04/30)
E03363,2678,S100YSYE,アスクル株式会社,2026-05-20,2026-07-30,有価証券報告書－第63期(2025/05/21－2026/05/20)
E00792,4088,S100YTII,エア・ウォーター株式会社,2026-03-31,2026-07-31,有価証券報告書－第26期(2025/04/01－2026/03/31)
E05137,9444,S100YTD8,株式会社トーシンホールディングス,2026-04-30,2026-07-31,有価証券報告書－第40期(2025/05/01－2026/04/30)
