announcement_date,code,name,fiscal_year_end,sector33,quarter_type,market
2026-07-03,2753,あみやき亭,2027-03-31,小売業,第１四半期,プライム
2026-07-07,2408,ＫＧ情報,2026-12-20,サービス業,第２四半期,スタンダード
2026-07-15,6866,日置電機,2026-12-31,電気機器,第２四半期,プライム
2026-07-16,5990,スーパーツール,2027-03-15,金属製品,第１四半期,スタンダード
2026-07-17,2411,ゲンダイエージェンシー,2027-03-31,情報・通信業,第１四半期,スタンダード
2026-07-17,4929,アジュバンホールディングス,2027-03-20,化学,第１四半期,スタンダード
2026-07-17,5423,東京製鐵,2027-03-31,鉄鋼,第１四半期,プライム
2026-07-17,5933,アルインコ,2027-03-20,金属製品,第１四半期,プライム
2026-07-21,296A,令和アカウンティング・ホールディングス,2027-03-31,サービス業,第１四半期,グロース
2026-07-21,6200,インソース,2026-09-30,サービス業,第３四半期,プライム
2026-07-21,9629,ピー・シー・エー,2027-03-31,情報・通信業,第１四半期,プライム
2026-07-22,3091,ブロンコビリー,2026-12-31,小売業,第２四半期,プライム
2026-07-22,4684,オービック,2027-03-31,情報・通信業,第１四半期,プライム
2026-07-22,4733,オービックビジネスコンサルタント,2027-03-31,情報・通信業,第１四半期,プライム
2026-07-22,5576,オービーシステム,2027-03-31,情報・通信業,第１四半期,スタンダード
2026-07-23,2268,Ｂ－Ｒ　サーティワン　アイスクリーム,2026-12-31,食料品,第２四半期,スタンダード
2026-07-23,6146,ディスコ,2027-03-31,機械,第１四半期,プライム
2026-07-23,6999,ＫＯＡ,2027-03-31,電気機器,第１四半期,プライム
2026-07-23,7931,未来工業,2027-03-20,化学,第１四半期,プライム
2026-07-23,7970,信越ポリマー,2027-03-31,化学,第１四半期,プライム
2026-07-23,9478,ＳＥホールディングス・アンド・インキュベーションズ,2027-03-31,情報・通信業,第１四半期,スタンダード
2026-07-23,9733,ナガセ,2027-03-31,サービス業,第１四半期,スタンダード
2026-07-24,1723,日本電技,2027-03-31,建設業,第１四半期,スタンダード
2026-07-24,1964,中外炉工業,2027-03-31,建設業,第１四半期,プライム
2026-07-24,2804,ブルドックソース,2027-03-31,食料品,第１四半期,プライム
2026-07-24,3912,モバイルファクトリー,2026-12-31,情報・通信業,第２四半期,スタンダード
2026-07-24,4063,信越化学工業,2027-03-31,化学,第１四半期,プライム
2026-07-24,4519,中外製薬,2026-12-31,医薬品,第２四半期,プライム
2026-07-24,4973,日本高純度化学,2027-03-31,化学,第１四半期,プライム
2026-07-24,5659,日本精線,2027-03-31,鉄鋼,第１四半期,プライム
2026-07-24,6629,テクノホライゾン,2027-03-31,電気機器,第１四半期,スタンダード
2026-07-24,6653,正興電機製作所,2026-12-31,電気機器,第２四半期,プライム
2026-07-24,6858,小野測器,2026-12-31,電気機器,第２四半期,スタンダード
2026-07-24,7175,今村証券,2027-03-31,証券、商品先物取引業,第１四半期,スタンダード
2026-07-24,7422,東邦レマック,2026-12-20,卸売業,第２四半期,スタンダード
2026-07-24,8060,キヤノンマーケティングジャパン,2026-12-31,卸売業,第２四半期,プライム
2026-07-24,8595,ジャフコ　グループ,2027-03-31,証券、商品先物取引業,第１四半期,プライム
2026-07-24,9029,ヒガシホールディングス,2027-03-31,陸運業,第１四半期,スタンダード
2026-07-24,9353,櫻島埠頭,2027-03-31,倉庫・運輸関連業,第１四半期,スタンダード
2026-07-24,9701,東京會舘,2027-03-31,サービス業,第１四半期,スタンダード
2026-07-27,1718,美樹工業,2026-12-31,建設業,第２四半期,スタンダード
2026-07-27,2767,円谷フィールズホールディングス,2027-03-31,卸売業,第１四半期,プライム
2026-07-27,3132,マクニカホールディングス,2027-03-31,卸売業,第１四半期,プライム
2026-07-27,3635,コーエーテクモホールディングス,2027-03-31,情報・通信業,第１四半期,プライム
2026-07-27,4366,ダイトーケミックス,2027-03-31,化学,第１四半期,スタンダード
2026-07-27,4373,シンプレクス・ホールディングス,2027-03-31,情報・通信業,第１四半期,プライム
2026-07-27,4644,イマジニア,2027-03-31,情報・通信業,第１四半期,スタンダード
2026-07-27,4765,ＳＢＩグローバルアセットマネジメント,2027-03-31,サービス業,第１四半期,プライム
2026-07-27,4956,コニシ,2027-03-31,化学,第１四半期,プライム
2026-07-27,5911,横河ブリッジホールディングス,2027-03-31,金属製品,第１四半期,プライム
2026-07-27,6230,ＳＡＮＥＩ,2027-03-31,機械,第１四半期,スタンダード
2026-07-27,7299,フジオーゼックス,2027-03-31,輸送用機器,第１四半期,スタンダード
2026-07-27,7751,キヤノン,2026-12-31,電気機器,第２四半期,プライム
2026-07-27,7949,小松ウオール工業,2027-03-31,その他製品,第１四半期,プライム
2026-07-27,9081,神奈川中央交通,2027-03-31,陸運業,第１四半期,プライム
2026-07-27,9533,東邦瓦斯,2027-03-31,電気・ガス業,第１四半期,プライム
2026-07-28,1930,北陸電気工事,2027-03-31,建設業,第１四半期,プライム
2026-07-28,1934,ユアテック,2027-03-31,建設業,第１四半期,プライム
2026-07-28,2211,不二家,2026-12-31,食料品,第２四半期,プライム
2026-07-28,3003,ヒューリック,2026-12-31,不動産業,第２四半期,プライム
2026-07-28,3199,綿半ホールディングス,2027-03-31,小売業,第１四半期,プライム
2026-07-28,3771,システムリサーチ,2027-03-31,情報・通信業,第１四半期,プライム
2026-07-28,3778,さくらインターネット,2027-03-31,情報・通信業,第１四半期,プライム
2026-07-28,4290,プレステージ・インターナショナル,2027-03-31,サービス業,第１四半期,プライム
2026-07-28,4479,マクアケ,2026-09-30,情報・通信業,第３四半期,グロース
2026-07-28,5279,日本興業,2027-03-31,ガラス・土石製品,第１四半期,スタンダード
2026-07-28,5471,大同特殊鋼,2027-03-31,鉄鋼,第１四半期,プライム
2026-07-28,5532,リアルゲイト,2026-09-30,不動産業,第３四半期,グロース
2026-07-28,6337,テセック,2027-03-31,機械,第１四半期,スタンダード
2026-07-28,6436,アマノ,2027-03-31,機械,第１四半期,プライム
2026-07-28,6798,ＳＭＫ,2027-03-31,電気機器,第１四半期,プライム
2026-07-28,6861,キーエンス,2027-03-20,電気機器,第１四半期,プライム
2026-07-28,6988,日東電工,2027-03-31,化学,第１四半期,プライム
2026-07-28,7102,日本車輌製造,2027-03-31,輸送用機器,第１四半期,プライム
2026-07-28,7191,イントラスト,2027-03-31,その他金融業,第１四半期,スタンダード
2026-07-28,7309,シマノ,2026-12-31,輸送用機器,第２四半期,プライム
2026-07-28,7477,ムラキ,2027-03-31,卸売業,第１四半期,スタンダード
2026-07-28,7646,ＰＬＡＮＴ,2026-09-20,小売業,第３四半期,スタンダード
2026-07-28,7735,ＳＣＲＥＥＮホールディングス,2027-03-31,電気機器,第１四半期,プライム
2026-07-28,8218,コメリ,2027-03-31,小売業,第１四半期,プライム
2026-07-28,8367,南都銀行,2027-03-31,銀行業,第１四半期,プライム
2026-07-28,8537,大光銀行,2027-03-31,銀行業,第１四半期,スタンダード
2026-07-28,8617,光世証券,2027-03-31,証券、商品先物取引業,第１四半期,スタンダード
2026-07-28,8628,松井証券,2027-03-31,証券、商品先物取引業,第１四半期,プライム
2026-07-28,8697,日本取引所グループ,2027-03-31,その他金融業,第１四半期,プライム
2026-07-28,8714,池田泉州ホールディングス,2027-03-31,銀行業,第１四半期,プライム
2026-07-28,8892,エスコン,2027-03-31,不動産業,第１四半期,プライム
2026-07-28,9267,Ｇｅｎｋｙ　ＤｒｕｇＳｔｏｒｅｓ,2026-06-20,小売業,本決算,プライム
2026-07-28,9691,両毛システムズ,2027-03-31,情報・通信業,第１四半期,スタンダード
2026-07-28,9697,カプコン,2027-03-31,情報・通信業,第１四半期,プライム
2026-07-28,9782,ディーエムエス,2027-03-31,サービス業,第１四半期,スタンダード
2026-07-29,1850,南海辰村建設,2027-03-31,建設業,第１四半期,スタンダード
2026-07-29,1944,きんでん,2027-03-31,建設業,第１四半期,プライム
2026-07-29,1946,トーエネック,2027-03-31,建設業,第１四半期,プライム
2026-07-29,2175,エス・エム・エス,2027-03-31,サービス業,第１四半期,プライム
2026-07-29,2359,コア,2027-03-31,情報・通信業,第１四半期,プライム
2026-07-29,2491,バリューコマース,2026-12-31,サービス業,第２四半期,プライム
2026-07-29,2664,カワチ薬品,2027-03-15,小売業,第１四半期,プライム
2026-07-29,2760,東京エレクトロン　デバイス,2027-03-31,卸売業,第１四半期,プライム
2026-07-29,3636,三菱総合研究所,2026-09-30,情報・通信業,第３四半期,プライム
2026-07-29,3793,ドリコム,2027-03-31,情報・通信業,第１四半期,グロース
2026-07-29,3839,ＯＤＫソリューションズ,2027-03-31,情報・通信業,第１四半期,スタンダード
2026-07-29,3850,エヌ・ティ・ティ・データ・イントラマート,2027-03-31,情報・通信業,第１四半期,スタンダード
2026-07-29,3911,Ａｉｍｉｎｇ,2026-12-31,情報・通信業,第２四半期,グロース
2026-07-29,3969,エイトレッド,2027-03-31,情報・通信業,第１四半期,スタンダード
2026-07-29,4043,トクヤマ,2027-03-31,化学,第１四半期,プライム
2026-07-29,4091,日本酸素ホールディングス,2027-03-31,化学,第１四半期,プライム
2026-07-29,4205,日本ゼオン,2027-03-31,化学,第１四半期,プライム
2026-07-29,4362,日本精化,2027-03-31,化学,第１四半期,プライム
2026-07-29,4461,第一工業製薬,2027-03-31,化学,第１四半期,プライム
2026-07-29,4722,フューチャー,2026-12-31,情報・通信業,第２四半期,プライム
2026-07-29,4812,電通総研,2026-12-31,情報・通信業,第２四半期,プライム
2026-07-29,4832,ＪＦＥシステムズ,2027-03-31,情報・通信業,第１四半期,スタンダード
2026-07-29,5344,ＭＡＲＵＷＡ,2027-03-31,ガラス・土石製品,第１四半期,プライム
2026-07-29,5609,日本鋳造,2027-03-31,鉄鋼,第１四半期,スタンダード
2026-07-29,5834,ＳＢＩリーシングサービス,2027-03-31,証券、商品先物取引業,第１四半期,グロース
2026-07-29,5906,エムケー精工,2027-03-20,金属製品,第１四半期,スタンダード
2026-07-29,6161,エスティック,2027-03-20,機械,第１四半期,スタンダード
2026-07-29,6301,小松製作所,2027-03-31,機械,第１四半期,プライム
2026-07-29,6349,小森コーポレーション,2027-03-31,機械,第１四半期,プライム
2026-07-29,6382,トリニティ工業,2027-03-31,機械,第１四半期,スタンダード
2026-07-29,6501,日立製作所,2027-03-31,電気機器,第１四半期,プライム
2026-07-29,6526,ソシオネクスト,2027-03-31,電気機器,第１四半期,プライム
2026-07-29,6586,マキタ,2027-03-31,機械,第１四半期,プライム
2026-07-29,6701,日本電気,2027-03-31,電気機器,第１四半期,プライム
2026-07-29,6807,日本航空電子工業,2027-03-31,電気機器,第１四半期,プライム
2026-07-29,6822,大井電気,2027-03-31,電気機器,第１四半期,スタンダード
2026-07-29,6857,アドバンテスト,2027-03-31,電気機器,第１四半期,プライム
2026-07-29,6955,ＦＤＫ,2027-03-31,電気機器,第１四半期,スタンダード
2026-07-29,6961,エンプラス,2027-03-31,電気機器,第１四半期,プライム
2026-07-29,7150,島根銀行,2027-03-31,銀行業,第１四半期,スタンダード
2026-07-29,7276,小糸製作所,2027-03-31,電気機器,第１四半期,プライム
2026-07-29,7995,バルカー,2027-03-31,化学,第１四半期,プライム
2026-07-29,8137,サンワテクノス,2027-03-31,卸売業,第１四半期,プライム
2026-07-29,8366,滋賀銀行,2027-03-31,銀行業,第１四半期,プライム
2026-07-29,8377,ほくほくフィナンシャルグループ,2027-03-31,銀行業,第１四半期,プライム
2026-07-29,8421,信金中央金庫,2027-03-31,,第１四半期,その他
2026-07-29,8572,アコム,2027-03-31,その他金融業,第１四半期,スタンダード
2026-07-29,8604,野村ホールディングス,2027-03-31,証券、商品先物取引業,第１四半期,プライム
2026-07-29,8706,極東証券,2027-03-31,証券、商品先物取引業,第１四半期,プライム
2026-07-29,8708,アイザワ証券グループ,2027-03-31,証券、商品先物取引業,第１四半期,プライム
2026-07-29,8914,エリアリンク,2026-12-31,不動産業,第２四半期,スタンダード
2026-07-29,9115,明海グループ,2027-03-31,海運業,第１四半期,スタンダード
2026-07-29,9202,ＡＮＡホールディングス,2027-03-31,空運業,第１四半期,プライム
2026-07-29,9307,杉村倉庫,2027-03-31,倉庫・運輸関連業,第１四半期,スタンダード
2026-07-29,9474,ゼンリン,2027-03-31,情報・通信業,第１四半期,プライム
2026-07-29,9501,東京電力ホールディングス,2027-03-31,電気・ガス業,第１四半期,プライム
2026-07-29,9502,中部電力,2027-03-31,電気・ガス業,第１四半期,プライム
2026-07-29,9505,北陸電力,2027-03-31,電気・ガス業,第１四半期,プライム
2026-07-29,9506,東北電力,2027-03-31,電気・ガス業,第１四半期,プライム
2026-07-29,9551,メタウォーター,2027-03-31,電気・ガス業,第１四半期,プライム
2026-07-29,9698,クレオ,2027-03-31,情報・通信業,第１四半期,スタンダード
2026-07-29,9914,植松商会,2027-03-20,卸売業,第１四半期,スタンダード
2026-07-29,9932,杉本商事,2027-03-31,卸売業,第１四半期,プライム
2026-07-29,9991,ジェコス,2027-03-31,卸売業,第１四半期,プライム
2026-07-30,1803,清水建設,2027-03-31,建設業,第１四半期,プライム
2026-07-30,1959,クラフティア,2027-03-31,建設業,第１四半期,プライム
2026-07-30,2002,日清製粉グループ本社,2027-03-31,食料品,第１四半期,プライム
2026-07-30,2060,フィード・ワン,2027-03-31,食料品,第１四半期,プライム
2026-07-30,2127,日本Ｍ＆Ａセンターホールディングス,2027-03-31,サービス業,第１四半期,プライム
2026-07-30,2229,カルビー,2027-03-31,食料品,第１四半期,プライム
2026-07-30,2317,システナ,2027-03-31,情報・通信業,第１四半期,プライム
2026-07-30,2327,日鉄ソリューションズ,2027-03-31,情報・通信業,第１四半期,プライム
2026-07-30,2393,日本ケアサプライ,2027-03-31,サービス業,第１四半期,スタンダード
2026-07-30,2579,コカ・コーラ　ボトラーズジャパンホールディングス,2026-12-31,食料品,第２四半期,プライム
2026-07-30,2811,カゴメ,2026-12-31,食料品,第２四半期,プライム
2026-07-30,2914,日本たばこ産業,2026-12-31,食料品,第２四半期,プライム
2026-07-30,299A,クラシル,2027-03-31,サービス業,第１四半期,グロース
2026-07-30,3231,野村不動産ホールディングス,2027-03-31,不動産業,第１四半期,プライム
2026-07-30,3496,アズーム,2026-09-30,不動産業,第３四半期,プライム
2026-07-30,3626,ＴＩＳＩ,2027-03-31,情報・通信業,第１四半期,プライム
2026-07-30,3648,ＡＧＳ,2027-03-31,情報・通信業,第１四半期,スタンダード
2026-07-30,4107,伊勢化学工業,2026-12-31,化学,第２四半期,スタンダード
2026-07-30,4212,積水樹脂,2027-03-31,化学,第１四半期,プライム
2026-07-30,4221,大倉工業,2026-12-31,化学,第２四半期,プライム
2026-07-30,4229,群栄化学工業,2027-03-31,化学,第１四半期,プライム
2026-07-30,4262,ニフティライフスタイル,2027-03-31,情報・通信業,第１四半期,グロース
2026-07-30,4307,野村総合研究所,2027-03-31,情報・通信業,第１四半期,プライム
2026-07-30,4308,Ｊストリーム,2027-03-31,情報・通信業,第１四半期,グロース
2026-07-30,4345,シーティーエス,2027-03-31,サービス業,第１四半期,プライム
2026-07-30,4347,ブロードメディア,2027-03-31,サービス業,第１四半期,スタンダード
2026-07-30,4498,サイバートラスト,2027-03-31,情報・通信業,第１四半期,グロース
2026-07-30,4502,武田薬品工業,2027-03-31,医薬品,第１四半期,プライム
2026-07-30,4549,栄研化学,2027-03-31,医薬品,第１四半期,プライム
2026-07-30,4552,ＪＣＲファーマ,2027-03-31,医薬品,第１四半期,プライム
2026-07-30,4569,杏林製薬,2027-03-31,医薬品,第１四半期,プライム
2026-07-30,4661,オリエンタルランド,2027-03-31,サービス業,第１四半期,プライム
2026-07-30,4902,コニカミノルタ,2027-03-31,電気機器,第１四半期,プライム
2026-07-30,5333,ＮＧＫ,2027-03-31,ガラス・土石製品,第１四半期,プライム
2026-07-30,5449,大阪製鐵,2027-03-31,鉄鋼,第１四半期,スタンダード
2026-07-30,5484,東北特殊鋼,2027-03-31,鉄鋼,第１四半期,スタンダード
2026-07-30,5658,日亜鋼業,2027-03-31,鉄鋼,第１四半期,スタンダード
2026-07-30,5819,カナレ電気,2026-12-31,非鉄金属,第２四半期,スタンダード
2026-07-30,5832,ちゅうぎんフィナンシャルグループ,2027-03-31,銀行業,第１四半期,プライム
2026-07-30,5909,コロナ,2027-03-31,金属製品,第１四半期,スタンダード
2026-07-30,5936,東洋シヤッター,2027-03-31,金属製品,第１四半期,スタンダード
2026-07-30,5992,中央発條,2027-03-31,金属製品,第１四半期,スタンダード
2026-07-30,5994,ファインシンター,2027-03-31,金属製品,第１四半期,スタンダード
2026-07-30,6080,Ｍ＆Ａキャピタルパートナーズ,2026-09-30,サービス業,第３四半期,プライム
2026-07-30,6101,ツガミ,2027-03-31,機械,第１四半期,プライム
2026-07-30,6196,ストライクグループ,2026-09-30,サービス業,第３四半期,プライム
2026-07-30,6305,日立建機,2027-03-31,機械,第１四半期,プライム
2026-07-30,6345,アイチ　コーポレーション,2027-03-31,機械,第１四半期,プライム
2026-07-30,6364,ＡＩＲＭＡＮ,2027-03-31,機械,第１四半期,プライム
2026-07-30,6371,椿本チエイン,2027-03-31,機械,第１四半期,プライム
2026-07-30,6419,マースグループホールディングス,2027-03-31,機械,第１四半期,プライム
2026-07-30,6454,マックス,2027-03-31,機械,第１四半期,プライム
2026-07-30,6470,大豊工業,2027-03-31,機械,第１四半期,スタンダード
2026-07-30,6471,日本精工,2027-03-31,機械,第１四半期,プライム
2026-07-30,6504,富士電機,2027-03-31,電気機器,第１四半期,プライム
2026-07-30,6516,山洋電気,2027-03-31,電気機器,第１四半期,プライム
2026-07-30,6617,東光高岳,2027-03-31,電気機器,第１四半期,プライム
2026-07-30,6659,メディアリンクス,2027-03-31,電気機器,第１四半期,スタンダード
2026-07-30,6663,太洋テクノレックス,2026-12-20,電気機器,第２四半期,スタンダード
2026-07-30,6702,富士通,2027-03-31,電気機器,第１四半期,プライム
2026-07-30,6703,沖電気工業,2027-03-31,電気機器,第１四半期,プライム
2026-07-30,6727,ワコム,2027-03-31,電気機器,第１四半期,プライム
2026-07-30,6752,パナソニック　ホールディングス,2027-03-31,電気機器,第１四半期,プライム
2026-07-30,6754,アンリツ,2027-03-31,電気機器,第１四半期,プライム
2026-07-30,6823,リオン,2027-03-31,電気機器,第１四半期,プライム
2026-07-30,6864,エヌエフホールディングス,2027-03-31,電気機器,第１四半期,スタンダード
2026-07-30,6912,菊水ホールディングス,2027-03-31,電気機器,第１四半期,スタンダード
2026-07-30,6923,スタンレー電気,2027-03-31,電気機器,第１四半期,プライム
2026-07-30,6946,日本アビオニクス,2027-03-31,電気機器,第１四半期,スタンダード
2026-07-30,6971,京セラ,2027-03-31,電気機器,第１四半期,プライム
2026-07-30,7022,サノヤスホールディングス,2027-03-31,機械,第１四半期,スタンダード
2026-07-30,7148,ＦＰＧ,2026-09-30,証券、商品先物取引業,第３四半期,プライム
2026-07-30,7185,ヒロセ通商,2027-03-31,証券、商品先物取引業,第１四半期,スタンダード
2026-07-30,7241,フタバ産業,2027-03-31,輸送用機器,第１四半期,プライム
2026-07-30,7278,エクセディ,2027-03-31,輸送用機器,第１四半期,プライム
2026-07-30,7283,愛三工業,2027-03-31,輸送用機器,第１四半期,プライム
2026-07-30,7381,ＣＣＩグループ,2027-03-31,銀行業,第１四半期,プライム
2026-07-30,7419,ノジマ,2027-03-31,小売業,第１四半期,プライム
2026-07-30,7570,橋本総業ホールディングス,2027-03-31,卸売業,第１四半期,スタンダード
2026-07-30,7575,日本ライフライン,2027-03-31,卸売業,第１四半期,プライム
2026-07-30,7600,日本エム・ディ・エム,2027-03-31,精密機器,第１四半期,プライム
2026-07-30,7687,ミクリード,2027-03-31,卸売業,第１四半期,グロース
2026-07-30,7774,ジャパン・ティッシュエンジニアリング,2027-03-31,精密機器,第１四半期,グロース
2026-07-30,7908,きもと,2027-03-31,化学,第１四半期,スタンダード
2026-07-30,7919,野崎印刷紙業,2027-03-31,その他製品,第１四半期,スタンダード
2026-07-30,7962,キングジム,2026-06-20,その他製品,本決算,プライム
2026-07-30,7971,東リ,2027-03-31,化学,第１四半期,スタンダード
2026-07-30,7976,三菱鉛筆,2026-12-31,その他製品,第２四半期,プライム
2026-07-30,7981,タカラスタンダード,2027-03-31,その他製品,第１四半期,プライム
2026-07-30,8014,蝶理,2027-03-31,卸売業,第１四半期,プライム
2026-07-30,8030,中央魚類,2027-03-31,卸売業,第１四半期,スタンダード
2026-07-30,8035,東京エレクトロン,2027-03-31,電気機器,第１四半期,プライム
2026-07-30,8174,日本瓦斯,2027-03-31,小売業,第１四半期,プライム
2026-07-30,8285,三谷産業,2027-03-31,卸売業,第１四半期,スタンダード
2026-07-30,8309,三井住友トラストグループ,2027-03-31,銀行業,第１四半期,プライム
2026-07-30,8336,武蔵野銀行,2027-03-31,銀行業,第１四半期,プライム
2026-07-30,8343,秋田銀行,2027-03-31,銀行業,第１四半期,プライム
2026-07-30,8345,岩手銀行,2027-03-31,銀行業,第１四半期,プライム
2026-07-30,8349,東北銀行,2027-03-31,銀行業,第１四半期,スタンダード
2026-07-30,8411,みずほフィナンシャルグループ,2027-03-31,銀行業,第１四半期,プライム
2026-07-30,8424,芙蓉総合リース,2027-03-31,その他金融業,第１四半期,プライム
2026-07-30,8425,みずほリース,2027-03-31,その他金融業,第１四半期,プライム
2026-07-30,8550,栃木銀行,2027-03-31,銀行業,第１四半期,プライム
2026-07-30,8609,岡三証券グループ,2027-03-31,証券、商品先物取引業,第１四半期,プライム
2026-07-30,8613,丸三証券,2027-03-31,証券、商品先物取引業,第１四半期,プライム
2026-07-30,8614,東洋証券,2027-03-31,証券、商品先物取引業,第１四半期,プライム
2026-07-30,8622,水戸証券,2027-03-31,証券、商品先物取引業,第１四半期,プライム
2026-07-30,8624,いちよし証券,2027-03-31,証券、商品先物取引業,第１四半期,プライム
2026-07-30,8699,ＨＳホールディングス,2027-03-31,証券、商品先物取引業,第１四半期,スタンダード
2026-07-30,8818,京阪神ビルディング,2027-03-31,不動産業,第１四半期,プライム
2026-07-30,8864,空港施設,2027-03-31,不動産業,第１四半期,スタンダード
2026-07-30,9003,相鉄ホールディングス,2027-03-31,陸運業,第１四半期,プライム
2026-07-30,9037,ハマキョウレックス,2027-03-31,陸運業,第１四半期,プライム
2026-07-30,9044,ＮＡＮＫＡＩ,2027-03-31,陸運業,第１四半期,プライム
2026-07-30,9046,神戸電鉄,2027-03-31,陸運業,第１四半期,スタンダード
2026-07-30,9158,シーユーシー,2027-03-31,サービス業,第１四半期,グロース
2026-07-30,9362,兵機海運,2027-03-31,倉庫・運輸関連業,第１四半期,スタンダード
2026-07-30,9368,キムラユニティー,2027-03-31,倉庫・運輸関連業,第１四半期,スタンダード
2026-07-30,9413,テレビ東京ホールディングス,2027-03-31,情報・通信業,第１四半期,プライム
2026-07-30,9436,沖縄セルラー電話,2027-03-31,情報・通信業,第１四半期,スタンダード
2026-07-30,9509,北海道電力,2027-03-31,電気・ガス業,第１四半期,プライム
2026-07-30,9531,東京瓦斯,2027-03-31,電気・ガス業,第１四半期,プライム
2026-07-30,9532,大阪瓦斯,2027-03-31,電気・ガス業,第１四半期,プライム
2026-07-30,9534,北海道瓦斯,2027-03-31,電気・ガス業,第１四半期,プライム
2026-07-30,9640,セゾンテクノロジー,2027-03-31,情報・通信業,第１四半期,スタンダード
2026-07-30,9679,ホウライ,2026-09-30,サービス業,第３四半期,スタンダード
2026-07-30,9708,帝国ホテル,2027-03-31,サービス業,第１四半期,スタンダード
2026-07-30,9709,ＮＣＳ＆Ａ,2027-03-31,情報・通信業,第１四半期,スタンダード
2026-07-30,9744,メイテックグループホールディングス,2027-03-31,サービス業,第１四半期,プライム
2026-07-30,9759,ＮＳＤ,2027-03-31,情報・通信業,第１四半期,プライム
2026-07-30,9766,コナミグループ,2027-03-31,情報・通信業,第１四半期,プライム
2026-07-30,9795,ステップ,2026-09-30,サービス業,第３四半期,プライム
2026-07-30,9818,大丸エナウィン,2027-03-31,卸売業,第１四半期,スタンダード
2026-07-30,9828,Ｇｅｎｋｉ　Ｇｌｏｂａｌ　Ｄｉｎｉｎｇ　Ｃｏｎｃｅｐｔｓ,2027-03-31,小売業,第１四半期,スタンダード
2026-07-30,9969,ショクブン,2027-03-31,小売業,第１四半期,スタンダード
2026-07-31,1450,ＴＡＮＡＫＥＮ,2027-03-31,建設業,第１四半期,スタンダード
2026-07-31,1878,大東建託,2027-03-31,不動産業,第１四半期,プライム
2026-07-31,1879,新日本建設,2027-03-31,建設業,第１四半期,プライム
2026-07-31,1939,四電工,2027-03-31,建設業,第１四半期,プライム
2026-07-31,1941,中電工,2027-03-31,建設業,第１四半期,プライム
2026-07-31,1942,関電工,2027-03-31,建設業,第１四半期,プライム
2026-07-31,1948,弘電社,2027-03-31,建設業,第１四半期,スタンダード
2026-07-31,1950,日本電設工業,2027-03-31,建設業,第１四半期,プライム
2026-07-31,1972,三晃金属工業,2027-03-31,建設業,第１四半期,スタンダード
2026-07-31,1976,明星工業,2027-03-31,建設業,第１四半期,プライム
2026-07-31,2053,中部飼料,2027-03-31,食料品,第１四半期,プライム
2026-07-31,2109,ＤＭ三井製糖,2027-03-31,食料品,第１四半期,プライム
2026-07-31,2121,ＭＩＸＩ,2027-03-31,情報・通信業,第１四半期,プライム
2026-07-31,2130,メンバーズ,2027-03-31,サービス業,第１四半期,プライム
2026-07-31,2152,幼児活動研究会,2027-03-31,サービス業,第１四半期,スタンダード
2026-07-31,2208,ブルボン,2027-03-31,食料品,第１四半期,スタンダード
2026-07-31,2212,山崎製パン,2026-12-31,食料品,第２四半期,プライム
2026-07-31,2216,カンロ,2026-12-31,食料品,第２四半期,スタンダード
2026-07-31,2220,亀田製菓,2027-03-31,食料品,第１四半期,プライム
2026-07-31,2267,ヤクルト本社,2027-03-31,食料品,第１四半期,プライム
2026-07-31,2326,デジタルアーツ,2027-03-31,情報・通信業,第１四半期,プライム
2026-07-31,2410,キャリアデザインセンター,2026-09-30,サービス業,第３四半期,プライム
2026-07-31,2479,ジェイテック,2027-03-31,サービス業,第１四半期,スタンダード
2026-07-31,2492,インフォマート,2026-12-31,サービス業,第２四半期,プライム
2026-07-31,2594,キーコーヒー,2027-03-31,食料品,第１四半期,プライム
2026-07-31,2768,双日,2027-03-31,卸売業,第１四半期,プライム
2026-07-31,2782,セリア,2027-03-31,小売業,第１四半期,スタンダード
2026-07-31,2805,ヱスビー食品,2027-03-31,食料品,第１四半期,スタンダード
2026-07-31,2806,ユタカフーズ,2027-03-31,食料品,第１四半期,スタンダード
2026-07-31,285A,キオクシアホールディングス,2027-03-31,電気機器,第１四半期,プライム
2026-07-31,2875,東洋水産,2027-03-31,食料品,第１四半期,プライム
2026-07-31,2883,大冷,2027-03-31,食料品,第１四半期,スタンダード
2026-07-31,2892,日本食品化工,2027-03-31,食料品,第１四半期,スタンダード
2026-07-31,2908,フジッコ,2027-03-31,食料品,第１四半期,プライム
2026-07-31,2926,篠崎屋,2026-09-30,食料品,第３四半期,スタンダード
2026-07-31,3004,神栄,2027-03-31,卸売業,第１四半期,スタンダード
2026-07-31,303A,ｖｉｓｕｍｏ,2027-03-31,情報・通信業,第１四半期,グロース
2026-07-31,3079,ディーブイエックス,2027-03-31,卸売業,第１四半期,スタンダード
2026-07-31,3092,ＺＯＺＯ,2027-03-31,小売業,第１四半期,プライム
2026-07-31,3104,富士紡ホールディングス,2027-03-31,繊維製品,第１四半期,プライム
2026-07-31,3116,トヨタ紡織,2027-03-31,輸送用機器,第１四半期,プライム
2026-07-31,3137,ファンデリー,2027-03-31,小売業,第１四半期,スタンダード
2026-07-31,3153,八洲電機,2027-03-31,卸売業,第１四半期,プライム
2026-07-31,3190,ホットマン,2027-03-31,小売業,第１四半期,スタンダード
2026-07-31,3352,バッファロー,2027-03-31,小売業,第１四半期,スタンダード
2026-07-31,3388,明治電機工業,2027-03-31,卸売業,第１四半期,プライム
2026-07-31,3407,旭化成,2027-03-31,化学,第１四半期,プライム
2026-07-31,3439,三ツ知,2026-06-30,金属製品,本決算,スタンダード
2026-07-31,3512,日本フエルト,2027-03-31,繊維製品,第１四半期,スタンダード
2026-07-31,3529,アツギ,2027-03-31,繊維製品,第１四半期,スタンダード
2026-07-31,3542,ベガコーポレーション,2027-03-31,小売業,第１四半期,グロース
2026-07-31,3553,共和レザー,2027-03-31,化学,第１四半期,スタンダード
2026-07-31,3566,ユニフォームネクスト,2026-12-31,小売業,第２四半期,グロース
2026-07-31,3580,小松マテーレ,2027-03-31,繊維製品,第１四半期,プライム
2026-07-31,3622,ネットイヤーグループ,2027-03-31,情報・通信業,第１四半期,スタンダード
2026-07-31,3640,電算,2027-03-31,情報・通信業,第１四半期,スタンダード
2026-07-31,3663,セルシス,2026-12-31,情報・通信業,第２四半期,プライム
2026-07-31,368A,北里,2027-03-31,精密機器,第１四半期,プライム
2026-07-31,3762,テクマトリックス,2027-03-31,情報・通信業,第１四半期,プライム
2026-07-31,3835,ｅＢＡＳＥ,2027-03-31,情報・通信業,第１四半期,プライム
2026-07-31,3841,ジーダット,2027-03-31,情報・通信業,第１四半期,スタンダード
2026-07-31,3891,ニッポン高度紙工業,2027-03-31,パルプ・紙,第１四半期,スタンダード
2026-07-31,3946,トーモク,2027-03-31,パルプ・紙,第１四半期,プライム
2026-07-31,4045,東亞合成,2026-12-31,化学,第２四半期,プライム
2026-07-31,4113,田岡化学工業,2027-03-31,化学,第１四半期,スタンダード
2026-07-31,4188,三菱ケミカルグループ,2027-03-31,化学,第１四半期,プライム
2026-07-31,4204,積水化学工業,2027-03-31,化学,第１四半期,プライム
2026-07-31,4216,旭有機材,2027-03-31,化学,第１四半期,プライム
2026-07-31,4220,リケンテクノス,2027-03-31,化学,第１四半期,プライム
2026-07-31,4228,積水化成品工業,2027-03-31,化学,第１四半期,プライム
2026-07-31,4248,竹本容器,2026-12-31,化学,第２四半期,スタンダード
2026-07-31,4318,クイック,2027-03-31,サービス業,第１四半期,プライム
2026-07-31,4410,ハリマ化成グループ,2027-03-31,化学,第１四半期,プライム
2026-07-31,4417,グローバルセキュリティエキスパート,2027-03-31,情報・通信業,第１四半期,グロース
2026-07-31,4462,石原ケミカル,2027-03-31,化学,第１四半期,プライム
2026-07-31,4463,日華化学,2026-12-31,化学,第２四半期,スタンダード
2026-07-31,4506,住友ファーマ,2027-03-31,医薬品,第１四半期,プライム
2026-07-31,4528,小野薬品工業,2027-03-31,医薬品,第１四半期,プライム
2026-07-31,4531,有機合成薬品工業,2027-03-31,化学,第１四半期,スタンダード
2026-07-31,4539,日本ケミファ,2027-03-31,医薬品,第１四半期,スタンダード
2026-07-31,4547,キッセイ薬品工業,2027-03-31,医薬品,第１四半期,プライム
2026-07-31,4568,第一三共,2027-03-31,医薬品,第１四半期,プライム
2026-07-31,4578,大塚ホールディングス,2026-12-31,医薬品,第２四半期,プライム
2026-07-31,4617,中国塗料,2027-03-31,化学,第１四半期,プライム
2026-07-31,4626,太陽ホールディングス,2027-03-31,化学,第１四半期,プライム
2026-07-31,4658,日本空調サービス,2027-03-31,サービス業,第１四半期,プライム
2026-07-31,4679,田谷,2027-03-31,サービス業,第１四半期,スタンダード
2026-07-31,4685,菱友システムズ,2027-03-31,情報・通信業,第１四半期,スタンダード
2026-07-31,4709,ＩＤホールディングス,2027-03-31,情報・通信業,第１四半期,プライム
2026-07-31,4718,早稲田アカデミー,2027-03-31,サービス業,第１四半期,プライム
2026-07-31,4761,さくらケーシーエス,2027-03-31,情報・通信業,第１四半期,スタンダード
2026-07-31,4762,エックスネット,2027-03-31,情報・通信業,第１四半期,スタンダード
2026-07-31,4771,エフアンドエム,2027-03-31,サービス業,第１四半期,スタンダード
2026-07-31,4816,東映アニメーション,2027-03-31,情報・通信業,第１四半期,スタンダード
2026-07-31,4839,ＷＯＷＯＷ,2027-03-31,情報・通信業,第１四半期,プライム
2026-07-31,5204,石塚硝子,2027-03-20,ガラス・土石製品,第１四半期,スタンダード
2026-07-31,5214,日本電気硝子,2026-12-31,ガラス・土石製品,第２四半期,プライム
2026-07-31,5257,ノバシステム,2026-12-31,情報・通信業,第２四半期,スタンダード
2026-07-31,5280,ヨシコン,2027-03-31,不動産業,第１四半期,スタンダード
2026-07-31,5332,ＴＯＴＯ,2027-03-31,ガラス・土石製品,第１四半期,プライム
2026-07-31,5334,日本特殊陶業,2027-03-31,ガラス・土石製品,第１四半期,プライム
2026-07-31,5388,クニミネ工業,2027-03-31,ガラス・土石製品,第１四半期,スタンダード
2026-07-31,5410,合同製鐵,2027-03-31,鉄鋼,第１四半期,プライム
2026-07-31,5440,共英製鋼,2027-03-31,鉄鋼,第１四半期,プライム
2026-07-31,5444,大和工業,2027-03-31,鉄鋼,第１四半期,プライム
2026-07-31,5445,東京鐵鋼,2027-03-31,鉄鋼,第１四半期,プライム
2026-07-31,5464,モリ工業,2027-03-31,鉄鋼,第１四半期,スタンダード
2026-07-31,5482,愛知製鋼,2027-03-31,鉄鋼,第１四半期,プライム
2026-07-31,5603,虹技,2027-03-31,鉄鋼,第１四半期,スタンダード
2026-07-31,5612,日本鋳鉄管,2027-03-31,鉄鋼,第１四半期,スタンダード
2026-07-31,5802,住友電気工業,2027-03-31,非鉄金属,第１四半期,プライム
2026-07-31,5821,平河ヒューテック,2027-03-31,非鉄金属,第１四半期,プライム
2026-07-31,5844,京都フィナンシャルグループ,2027-03-31,銀行業,第１四半期,プライム
2026-07-31,5905,日本製罐,2027-03-31,金属製品,第１四半期,スタンダード
2026-07-31,5921,川岸工業,2026-09-30,金属製品,第３四半期,スタンダード
2026-07-31,5928,アルメタックス,2027-03-31,金属製品,第１四半期,スタンダード
2026-07-31,5929,三和ホールディングス,2027-03-31,金属製品,第１四半期,プライム
2026-07-31,5938,ＬＩＸＩＬ,2027-03-31,金属製品,第１四半期,プライム
2026-07-31,5951,ダイニチ工業,2027-03-31,金属製品,第１四半期,スタンダード
2026-07-31,5955,ワイズホールディングス,2027-03-31,金属製品,第１四半期,スタンダード
2026-07-31,5959,岡部,2026-12-31,金属製品,第２四半期,プライム
2026-07-31,6023,ダイハツインフィニアース,2027-03-31,輸送用機器,第１四半期,スタンダード
2026-07-31,6035,アイ・アールジャパンホールディングス,2027-03-31,サービス業,第１四半期,スタンダード
2026-07-31,6042,ニッキ,2027-03-31,輸送用機器,第１四半期,スタンダード
2026-07-31,6099,エラン,2026-12-31,サービス業,第２四半期,プライム
2026-07-31,6104,芝浦機械,2027-03-31,機械,第１四半期,プライム
2026-07-31,6135,牧野フライス製作所,2027-03-31,機械,第１四半期,プライム
2026-07-31,6144,西部電機,2027-03-31,機械,第１四半期,スタンダード
2026-07-31,6157,日進工具,2027-03-31,機械,第１四半期,スタンダード
2026-07-31,6185,ＳＭＮ,2027-03-31,サービス業,第１四半期,スタンダード
2026-07-31,6222,島精機製作所,2027-03-31,機械,第１四半期,プライム
2026-07-31,6262,ＰＥＧＡＳＵＳ,2027-03-31,機械,第１四半期,スタンダード
2026-07-31,6268,ナブテスコ,2026-12-31,機械,第２四半期,プライム
2026-07-31,6292,カワタ,2027-03-31,機械,第１四半期,スタンダード
2026-07-31,6325,タカキタ,2027-03-31,機械,第１四半期,スタンダード
2026-07-31,6331,三菱化工機,2027-03-31,機械,第１四半期,プライム
2026-07-31,6356,日本ギア工業,2027-03-31,機械,第１四半期,スタンダード
2026-07-31,6391,加地テック,2027-03-31,機械,第１四半期,スタンダード
2026-07-31,6413,理想科学工業,2027-03-31,機械,第１四半期,プライム
2026-07-31,6455,モリタホールディングス,2027-03-31,輸送用機器,第１四半期,プライム
2026-07-31,6473,ジェイテクト,2027-03-31,機械,第１四半期,プライム
2026-07-31,6488,ヨシタケ,2027-03-31,機械,第１四半期,スタンダード
2026-07-31,6503,三菱電機,2027-03-31,電気機器,第１四半期,プライム
2026-07-31,6508,明電舎,2027-03-31,電気機器,第１四半期,プライム
2026-07-31,6557,ＡＩＡＩグループ,2027-03-31,サービス業,第１四半期,グロース
2026-07-31,6643,戸上電機製作所,2027-03-31,電気機器,第１四半期,スタンダード
2026-07-31,6658,シライ電子工業,2027-03-31,電気機器,第１四半期,スタンダード
2026-07-31,6723,ルネサスエレクトロニクス,2026-12-31,電気機器,第２四半期,プライム
2026-07-31,6737,ＥＩＺＯ,2027-03-31,電気機器,第１四半期,プライム
2026-07-31,6758,ソニーグループ,2027-03-31,電気機器,第１四半期,プライム
2026-07-31,6762,ＴＤＫ,2027-03-31,電気機器,第１四半期,プライム
2026-07-31,6770,アルプスアルパイン,2027-03-31,電気機器,第１四半期,プライム
2026-07-31,6797,名古屋電機工業,2027-03-31,電気機器,第１四半期,スタンダード
2026-07-31,6810,マクセル,2027-03-31,電気機器,第１四半期,プライム
2026-07-31,6817,スミダコーポレーション,2026-12-31,電気機器,第２四半期,プライム
2026-07-31,6832,アオイ電子,2027-03-31,電気機器,第１四半期,スタンダード
2026-07-31,6870,日本フェンオール,2026-12-31,電気機器,第２四半期,スタンダード
2026-07-31,6882,三社電機製作所,2027-03-31,電気機器,第１四半期,スタンダード
2026-07-31,6902,デンソー,2027-03-31,輸送用機器,第１四半期,プライム
2026-07-31,6932,遠藤照明,2027-03-31,電気機器,第１四半期,スタンダード
2026-07-31,6952,カシオ計算機,2027-03-31,電気機器,第１四半期,プライム
2026-07-31,6954,ファナック,2027-03-31,電気機器,第１四半期,プライム
2026-07-31,6960,フクダ電子,2027-03-31,電気機器,第１四半期,スタンダード
2026-07-31,6981,村田製作所,2027-03-31,電気機器,第１四半期,プライム
2026-07-31,7046,ＴＤＳＥ,2027-03-31,サービス業,第１四半期,グロース
2026-07-31,7162,アストマックス,2027-03-31,電気・ガス業,第１四半期,スタンダード
2026-07-31,7172,ジャパンインベストメントアドバイザー,2026-12-31,証券、商品先物取引業,第２四半期,プライム
2026-07-31,7218,田中精密工業,2027-03-31,輸送用機器,第１四半期,スタンダード
2026-07-31,7224,新明和工業,2027-03-31,輸送用機器,第１四半期,プライム
2026-07-31,7259,アイシン,2027-03-31,輸送用機器,第１四半期,プライム
2026-07-31,7282,豊田合成,2027-03-31,輸送用機器,第１四半期,プライム
2026-07-31,7297,カーメイト,2027-03-31,輸送用機器,第１四半期,スタンダード
2026-07-31,7322,三十三フィナンシャルグループ,2027-03-31,銀行業,第１四半期,プライム
2026-07-31,7327,第四北越フィナンシャルグループ,2027-03-31,銀行業,第１四半期,プライム
2026-07-31,7442,中山福,2027-03-31,卸売業,第１四半期,スタンダード
2026-07-31,7446,東北化学薬品,2026-09-30,卸売業,第３四半期,スタンダード
2026-07-31,7464,セフテック,2027-03-31,卸売業,第１四半期,スタンダード
2026-07-31,7475,アルビス,2027-03-31,小売業,第１四半期,プライム
2026-07-31,7476,アズワン,2027-03-31,卸売業,第１四半期,プライム
2026-07-31,7483,ドウシシャ,2027-03-31,卸売業,第１四半期,プライム
2026-07-31,7504,高速,2027-03-31,卸売業,第１四半期,プライム
2026-07-31,7508,Ｇ‐７ホールディングス,2027-03-31,小売業,第１四半期,プライム
2026-07-31,7510,たけびし,2027-03-31,卸売業,第１四半期,プライム
2026-07-31,7537,丸文,2027-03-31,卸売業,第１四半期,プライム
2026-07-31,7539,アイナボホールディングス,2026-09-30,卸売業,第３四半期,スタンダード
2026-07-31,7595,アルゴグラフィックス,2027-03-31,情報・通信業,第１四半期,プライム
2026-07-31,7625,グローバルダイニング,2026-12-31,小売業,第２四半期,スタンダード
2026-07-31,7723,愛知時計電機,2027-03-31,精密機器,第１四半期,プライム
2026-07-31,7741,ＨＯＹＡ,2027-03-31,精密機器,第１四半期,プライム
2026-07-31,7775,大研医器,2027-03-31,精密機器,第１四半期,スタンダード
2026-07-31,7795,ＫＹＯＲＩＴＳＵ,2027-03-31,その他製品,第１四半期,スタンダード
2026-07-31,7839,ＳＨＯＥＩ,2026-09-30,その他製品,第３四半期,プライム
2026-07-31,7844,マーベラス,2027-03-31,情報・通信業,第１四半期,プライム
2026-07-31,7885,タカノ,2027-03-31,その他製品,第１四半期,スタンダード
2026-07-31,7893,プロネクサス,2027-03-31,その他製品,第１四半期,プライム
2026-07-31,7896,セブン工業,2027-03-31,その他製品,第１四半期,スタンダード
2026-07-31,7897,ホクシン,2027-03-31,その他製品,第１四半期,スタンダード
2026-07-31,7939,研創,2027-03-31,その他製品,第１四半期,スタンダード
2026-07-31,7942,ＪＳＰ,2027-03-31,化学,第１四半期,プライム
2026-07-31,7943,ニチハ,2027-03-31,ガラス・土石製品,第１四半期,プライム
2026-07-31,7947,エフピコ,2027-03-31,化学,第１四半期,プライム
2026-07-31,7984,コクヨ,2026-12-31,その他製品,第２四半期,プライム
2026-07-31,7988,ニフコ,2027-03-31,化学,第１四半期,プライム
2026-07-31,8005,スクロール,2027-03-31,小売業,第１四半期,プライム
2026-07-31,8015,豊田通商,2027-03-31,卸売業,第１四半期,プライム
2026-07-31,8046,丸藤シートパイル,2027-03-31,卸売業,第１四半期,スタンダード
2026-07-31,8052,椿本興業,2027-03-31,卸売業,第１四半期,プライム
2026-07-31,8053,住友商事,2027-03-31,卸売業,第１四半期,プライム
2026-07-31,8059,第一実業,2027-03-31,卸売業,第１四半期,プライム
2026-07-31,8065,佐藤商事,2027-03-31,卸売業,第１四半期,プライム
2026-07-31,8076,カノークス,2027-03-31,卸売業,第１四半期,スタンダード
2026-07-31,8084,ＲＹＯＤＥＮ,2027-03-31,卸売業,第１四半期,プライム
2026-07-31,8103,明和産業,2027-03-31,卸売業,第１四半期,プライム
2026-07-31,8119,三栄コーポレーション,2027-03-31,卸売業,第１四半期,スタンダード
2026-07-31,8133,伊藤忠エネクス,2027-03-31,卸売業,第１四半期,プライム
2026-07-31,8141,新光商事,2027-03-31,卸売業,第１四半期,プライム
2026-07-31,8157,都築電気,2027-03-31,情報・通信業,第１四半期,プライム
2026-07-31,8303,ＳＢＩ新生銀行,2027-03-31,銀行業,第１四半期,プライム
2026-07-31,8304,あおぞら銀行,2027-03-31,銀行業,第１四半期,プライム
2026-07-31,8308,りそなホールディングス,2027-03-31,銀行業,第１四半期,プライム
2026-07-31,8316,三井住友フィナンシャルグループ,2027-03-31,銀行業,第１四半期,プライム
2026-07-31,8341,七十七銀行,2027-03-31,銀行業,第１四半期,プライム
2026-07-31,8346,東邦銀行,2027-03-31,銀行業,第１四半期,プライム
2026-07-31,8359,八十二長野銀行,2027-03-31,銀行業,第１四半期,プライム
2026-07-31,8368,百五銀行,2027-03-31,銀行業,第１四半期,プライム
2026-07-31,8381,山陰合同銀行,2027-03-31,銀行業,第１四半期,プライム
2026-07-31,8383,鳥取銀行,2027-03-31,銀行業,第１四半期,スタンダード
2026-07-31,8388,阿波銀行,2027-03-31,銀行業,第１四半期,プライム
2026-07-31,8473,ＳＢＩホールディングス,2027-03-31,証券、商品先物取引業,第１四半期,プライム
2026-07-31,8544,京葉銀行,2027-03-31,銀行業,第１四半期,プライム
2026-07-31,8551,北日本銀行,2027-03-31,銀行業,第１四半期,プライム
2026-07-31,8566,リコーリース,2027-03-31,その他金融業,第１四半期,プライム
2026-07-31,8585,オリエントコーポレーション,2027-03-31,その他金融業,第１四半期,プライム
2026-07-31,8616,東海東京フィナンシャル・ホールディングス,2027-03-31,証券、商品先物取引業,第１四半期,プライム
2026-07-31,8700,丸八証券,2027-03-31,証券、商品先物取引業,第１四半期,スタンダード
2026-07-31,8704,トレイダーズホールディングス,2027-03-31,証券、商品先物取引業,第１四半期,スタンダード
2026-07-31,8739,スパークス・グループ,2027-03-31,証券、商品先物取引業,第１四半期,プライム
2026-07-31,8793,ＮＥＣキャピタルソリューション,2027-03-31,その他金融業,第１四半期,プライム
2026-07-31,8803,平和不動産,2027-03-31,不動産業,第１四半期,プライム
2026-07-31,8860,フジ住宅,2027-03-31,不動産業,第１四半期,プライム
2026-07-31,8871,ゴールドクレスト,2027-03-31,不動産業,第１四半期,スタンダード
2026-07-31,8877,エスリード,2027-03-31,不動産業,第１四半期,プライム
2026-07-31,8898,センチュリー２１・ジャパン,2027-03-31,不動産業,第１四半期,スタンダード
2026-07-31,8935,ＦＪネクストホールディングス,2027-03-31,不動産業,第１四半期,プライム
2026-07-31,8944,ランドビジネス,2026-09-30,不動産業,第３四半期,スタンダード
2026-07-31,9009,京成電鉄,2027-03-31,陸運業,第１四半期,プライム
2026-07-31,9020,東日本旅客鉄道,2027-03-31,陸運業,第１四半期,プライム
2026-07-31,9022,東海旅客鉄道,2027-03-31,陸運業,第１四半期,プライム
2026-07-31,9023,東京地下鉄,2027-03-31,陸運業,第１四半期,プライム
2026-07-31,9024,西武ホールディングス,2027-03-31,陸運業,第１四半期,プライム
2026-07-31,9042,阪急阪神ホールディングス,2027-03-31,陸運業,第１四半期,プライム
2026-07-31,9065,山九,2027-03-31,陸運業,第１四半期,プライム
2026-07-31,9110,ＮＳユナイテッド海運,2027-03-31,海運業,第１四半期,プライム
2026-07-31,9206,スターフライヤー,2027-03-31,空運業,第１四半期,スタンダード
2026-07-31,9301,三菱倉庫,2027-03-31,倉庫・運輸関連業,第１四半期,プライム
2026-07-31,9311,アサガミ,2027-03-31,倉庫・運輸関連業,第１四半期,スタンダード
2026-07-31,9325,ファイズホールディングス,2027-03-31,倉庫・運輸関連業,第１四半期,スタンダード
2026-07-31,9351,東洋埠頭,2027-03-31,倉庫・運輸関連業,第１四半期,スタンダード
2026-07-31,9404,日本テレビホールディングス,2027-03-31,情報・通信業,第１四半期,プライム
2026-07-31,9503,関西電力,2027-03-31,電気・ガス業,第１四半期,プライム
2026-07-31,9504,中国電力,2027-03-31,電気・ガス業,第１四半期,プライム
2026-07-31,9507,四国電力,2027-03-31,電気・ガス業,第１四半期,プライム
2026-07-31,9508,九州電力,2027-03-31,電気・ガス業,第１四半期,プライム
2026-07-31,9511,沖縄電力,2027-03-31,電気・ガス業,第１四半期,プライム
2026-07-31,9513,電源開発,2027-03-31,電気・ガス業,第１四半期,プライム
2026-07-31,9536,西部ガスホールディングス,2027-03-31,電気・ガス業,第１四半期,プライム
2026-07-31,9682,ＤＴＳ,2027-03-31,情報・通信業,第１四半期,プライム
2026-07-31,9686,東洋テック,2027-03-31,サービス業,第１四半期,スタンダード
2026-07-31,9687,ＫＳＫ,2027-03-31,情報・通信業,第１四半期,スタンダード
2026-07-31,9715,トランス・コスモス,2027-03-31,サービス業,第１四半期,プライム
2026-07-31,9742,アイネス,2027-03-31,情報・通信業,第１四半期,プライム
2026-07-31,9763,丸建リース,2027-03-31,卸売業,第１四半期,スタンダード
2026-07-31,9816,ストライダーズ,2027-03-31,不動産業,第１四半期,スタンダード
2026-07-31,9832,オートバックスセブン,2027-03-31,卸売業,第１四半期,プライム
2026-07-31,9882,イエローハット,2027-03-31,卸売業,第１四半期,プライム
2026-07-31,9889,ＪＢＣＣホールディングス,2027-03-31,情報・通信業,第１四半期,プライム
2026-07-31,9902,日伝,2027-03-31,卸売業,第１四半期,プライム
2026-07-31,9928,ミロク情報サービス,2027-03-31,情報・通信業,第１四半期,プライム
2026-07-31,9934,因幡電機産業,2027-03-31,卸売業,第１四半期,プライム
2026-07-31,9950,ハチバン,2027-03-20,小売業,第１四半期,スタンダード
2026-07-31,9955,ヨンキュウ,2027-03-31,卸売業,第１四半期,スタンダード
2026-07-31,9962,ミスミグループ本社,2027-03-31,卸売業,第１四半期,プライム
2026-07-31,9997,ベルーナ,2027-03-31,小売業,第１四半期,プライム
2026-08-03,1787,ナカボーテック,2027-03-31,建設業,第１四半期,スタンダード
2026-08-03,1882,東亜道路工業,2027-03-31,建設業,第１四半期,プライム
2026-08-03,1967,ヤマト,2027-03-20,建設業,第１四半期,スタンダード
2026-08-03,2003,日東富士製粉,2027-03-31,食料品,第１四半期,スタンダード
2026-08-03,2148,アイティメディア,2027-03-31,サービス業,第１四半期,プライム
2026-08-03,2222,寿スピリッツ,2027-03-31,食料品,第１四半期,プライム
2026-08-03,2281,プリマハム,2027-03-31,食料品,第１四半期,プライム
2026-08-03,2282,日本ハム,2027-03-31,食料品,第１四半期,プライム
2026-08-03,2296,伊藤ハム米久ホールディングス,2027-03-31,食料品,第１四半期,プライム
2026-08-03,2440,ぐるなび,2027-03-31,サービス業,第１四半期,スタンダード
2026-08-03,2612,かどや製油,2027-03-31,食料品,第１四半期,スタンダード
2026-08-03,2816,ダイショー,2027-03-31,食料品,第１四半期,スタンダード
2026-08-03,2907,あじかん,2027-03-31,食料品,第１四半期,スタンダード
2026-08-03,2924,イフジ産業,2027-03-31,食料品,第１四半期,スタンダード
2026-08-03,3157,ジオリーブグループ,2027-03-31,卸売業,第１四半期,スタンダード
2026-08-03,3191,ジョイフル本田,2026-06-20,小売業,本決算,プライム
2026-08-03,3202,ダイトウボウ,2027-03-31,繊維製品,第１四半期,スタンダード
2026-08-03,3371,ソフトクリエイトホールディングス,2027-03-31,情報・通信業,第１四半期,プライム
2026-08-03,3569,セーレン,2027-03-31,繊維製品,第１四半期,プライム
2026-08-03,3908,コラボス,2027-03-31,情報・通信業,第１四半期,スタンダード
2026-08-03,3914,ＪＩＧ－ＳＡＷ,2026-12-31,情報・通信業,第２四半期,グロース
2026-08-03,4151,協和キリン,2026-12-31,医薬品,第２四半期,プライム
2026-08-03,4203,住友ベークライト,2027-03-31,化学,第１四半期,プライム
2026-08-03,4272,日本化薬,2027-03-31,化学,第１四半期,プライム
2026-08-03,4507,塩野義製薬,2027-03-31,医薬品,第１四半期,プライム
2026-08-03,4523,エーザイ,2027-03-31,医薬品,第１四半期,プライム
2026-08-03,4534,持田製薬,2027-03-31,医薬品,第１四半期,プライム
2026-08-03,4642,オリジナル設計,2026-12-31,サービス業,第２四半期,スタンダード
2026-08-03,4689,ＬＩＮＥヤフー,2027-03-31,情報・通信業,第１四半期,プライム
2026-08-03,4736,日本ラッド,2027-03-31,情報・通信業,第１四半期,スタンダード
2026-08-03,4746,東計電算,2026-12-31,情報・通信業,第２四半期,スタンダード
2026-08-03,4768,大塚商会,2026-12-31,情報・通信業,第２四半期,プライム
2026-08-03,4928,ノエビアホールディングス,2026-09-30,化学,第３四半期,プライム
2026-08-03,4958,長谷川香料,2026-09-30,化学,第３四半期,プライム
2026-08-03,5367,ニッカトー,2027-03-31,ガラス・土石製品,第１四半期,スタンダード
2026-08-03,5631,日本製鋼所,2027-03-31,機械,第１四半期,プライム
2026-08-03,5703,日本軽金属ホールディングス,2027-03-31,非鉄金属,第１四半期,プライム
2026-08-03,6018,阪神内燃機工業,2027-03-31,輸送用機器,第１四半期,スタンダード
2026-08-03,6050,イー・ガーディアン,2026-09-30,サービス業,第３四半期,プライム
2026-08-03,6134,ＦＵＪＩ,2027-03-31,機械,第１四半期,プライム
2026-08-03,6366,千代田化工建設,2027-03-31,建設業,第１四半期,スタンダード
2026-08-03,6368,オルガノ,2027-03-31,機械,第１四半期,プライム
2026-08-03,6467,ニチダイ,2027-03-31,機械,第１四半期,スタンダード
2026-08-03,6493,ＮＩＴＴＡＮ,2027-03-31,輸送用機器,第１四半期,スタンダード
2026-08-03,6632,ＪＶＣケンウッド,2027-03-31,電気機器,第１四半期,プライム
2026-08-03,7003,三井Ｅ＆Ｓ,2027-03-31,機械,第１四半期,プライム
2026-08-03,7134,アップガレージグループ,2027-03-31,小売業,第１四半期,スタンダード
2026-08-03,7173,東京きらぼしフィナンシャルグループ,2027-03-31,銀行業,第１四半期,プライム
2026-08-03,7184,富山第一銀行,2027-03-31,銀行業,第１四半期,プライム
2026-08-03,7189,西日本フィナンシャルホールディングス,2027-03-31,銀行業,第１四半期,プライム
2026-08-03,7201,日産自動車,2027-03-31,輸送用機器,第１四半期,プライム
2026-08-03,7202,いすゞ自動車,2027-03-31,輸送用機器,第１四半期,プライム
2026-08-03,7211,三菱自動車工業,2027-03-31,輸送用機器,第１四半期,プライム
2026-08-03,7222,日産車体,2027-03-31,輸送用機器,第１四半期,スタンダード
2026-08-03,7236,ティラド,2027-03-31,輸送用機器,第１四半期,プライム
2026-08-03,7366,ＬＩＴＡＬＩＣＯ,2027-03-31,サービス業,第１四半期,プライム
2026-08-03,7460,ヤギ,2027-03-31,卸売業,第１四半期,スタンダード
2026-08-03,7480,スズデン,2027-03-31,卸売業,第１四半期,スタンダード
2026-08-03,7564,ワークマン,2027-03-31,小売業,第１四半期,スタンダード
2026-08-03,7609,ダイトロン,2026-12-31,卸売業,第２四半期,プライム
2026-08-03,7752,リコー,2027-03-31,電気機器,第１四半期,プライム
2026-08-03,7883,サンメッセ,2027-03-31,その他製品,第１四半期,スタンダード
2026-08-03,8001,伊藤忠商事,2027-03-31,卸売業,第１四半期,プライム
2026-08-03,8002,丸紅,2027-03-31,卸売業,第１四半期,プライム
2026-08-03,8058,三菱商事,2027-03-31,卸売業,第１四半期,プライム
2026-08-03,8081,カナデン,2027-03-31,卸売業,第１四半期,プライム
2026-08-03,8158,ソーダニッカ,2027-03-31,卸売業,第１四半期,プライム
2026-08-03,8283,ＰＡＬＴＡＣ,2027-03-31,卸売業,第１四半期,プライム
2026-08-03,8306,三菱ＵＦＪフィナンシャル・グループ,2027-03-31,銀行業,第１四半期,プライム
2026-08-03,8334,群馬銀行,2027-03-31,銀行業,第１四半期,プライム
2026-08-03,8344,山形銀行,2027-03-31,銀行業,第１四半期,プライム
2026-08-03,8360,山梨中央銀行,2027-03-31,銀行業,第１四半期,プライム
2026-08-03,8362,福井銀行,2027-03-31,銀行業,第１四半期,プライム
2026-08-03,8364,清水銀行,2027-03-31,銀行業,第１四半期,プライム
2026-08-03,8370,紀陽銀行,2027-03-31,銀行業,第１四半期,プライム
2026-08-03,8439,東京センチュリー,2027-03-31,その他金融業,第１四半期,プライム
2026-08-03,8541,愛媛銀行,2027-03-31,銀行業,第１四半期,プライム
2026-08-03,8601,大和証券グループ本社,2027-03-31,証券、商品先物取引業,第１四半期,プライム
2026-08-03,8920,東祥,2027-03-31,サービス業,第１四半期,スタンダード
2026-08-03,9064,ヤマトホールディングス,2027-03-31,陸運業,第１四半期,プライム
2026-08-03,9201,日本航空,2027-03-31,空運業,第１四半期,プライム
2026-08-03,9699,ニシオホールディングス,2026-09-30,サービス業,第３四半期,プライム
2026-08-03,9739,ＮＳＷ,2027-03-31,情報・通信業,第１四半期,プライム
2026-08-03,9768,いであ,2026-12-31,サービス業,第２四半期,スタンダード
2026-08-03,9845,パーカーコーポレーション,2027-03-31,化学,第１四半期,スタンダード
2026-08-04,1333,Ｕｍｉｏｓ,2027-03-31,水産・農林業,第１四半期,プライム
2026-08-04,166A,タスキホールディングス,2026-09-30,不動産業,第３四半期,プライム
2026-08-04,1799,第一建設工業,2027-03-31,建設業,第１四半期,スタンダード
2026-08-04,1898,世紀東急工業,2027-03-31,建設業,第１四半期,プライム
2026-08-04,1975,朝日工業社,2027-03-31,建設業,第１四半期,プライム
2026-08-04,2226,湖池屋,2027-03-31,食料品,第１四半期,スタンダード
2026-08-04,2331,ＡＬＳＯＫ,2027-03-31,サービス業,第１四半期,プライム
2026-08-04,2810,ハウス食品グループ本社,2027-03-31,食料品,第１四半期,プライム
2026-08-04,2897,日清食品ホールディングス,2027-03-31,食料品,第１四半期,プライム
2026-08-04,2937,サンクゼール,2027-03-31,食料品,第１四半期,グロース
2026-08-04,3064,ＭｏｎｏｔａＲＯ,2026-12-31,小売業,第２四半期,プライム
2026-08-04,3401,帝人,2027-03-31,繊維製品,第１四半期,プライム
2026-08-04,3964,オークネット,2026-12-31,情報・通信業,第２四半期,プライム
2026-08-04,4005,住友化学,2027-03-31,化学,第１四半期,プライム
2026-08-04,4042,東ソー,2027-03-31,化学,第１四半期,プライム
2026-08-04,4062,イビデン,2027-03-31,電気機器,第１四半期,プライム
2026-08-04,4189,ＫＨネオケム,2026-12-31,化学,第２四半期,プライム
2026-08-04,4206,アイカ工業,2027-03-31,化学,第１四半期,プライム
2026-08-04,4310,ドリームインキュベータ,2027-03-31,サービス業,第１四半期,プライム
2026-08-04,4475,ＨＥＮＮＧＥ,2026-09-30,情報・通信業,第３四半期,グロース
2026-08-04,4676,フジ・メディア・ホールディングス,2027-03-31,情報・通信業,第１四半期,プライム
2026-08-04,4732,ユー・エス・エス,2027-03-31,サービス業,第１四半期,プライム
2026-08-04,4886,あすか製薬ホールディングス,2027-03-31,医薬品,第１四半期,プライム
2026-08-04,4980,デクセリアルズ,2027-03-31,化学,第１四半期,プライム
2026-08-04,5201,ＡＧＣ,2026-12-31,ガラス・土石製品,第２四半期,プライム
2026-08-04,5232,住友大阪セメント,2027-03-31,ガラス・土石製品,第１四半期,プライム
2026-08-04,5393,ニチアス,2027-03-31,ガラス・土石製品,第１四半期,プライム
2026-08-04,5401,日本製鉄,2027-03-31,鉄鋼,第１四半期,プライム
2026-08-04,5446,北越メタル,2027-03-31,鉄鋼,第１四半期,スタンダード
2026-08-04,5697,サンユウ,2027-03-31,鉄鋼,第１四半期,スタンダード
2026-08-04,5857,ＡＲＥホールディングス,2027-03-31,非鉄金属,第１四半期,プライム
2026-08-04,5930,文化シヤッター,2027-03-31,金属製品,第１四半期,プライム
2026-08-04,5940,不二サッシ,2027-03-31,金属製品,第１四半期,スタンダード
2026-08-04,6088,シグマクシス・ホールディングス,2027-03-31,サービス業,第１四半期,プライム
2026-08-04,6141,ＤＭＧ森精機,2026-12-31,機械,第２四半期,プライム
2026-08-04,6302,住友重機械工業,2026-12-31,機械,第２四半期,プライム
2026-08-04,6326,クボタ,2026-12-31,機械,第２四半期,プライム
2026-08-04,6367,ダイキン工業,2027-03-31,機械,第１四半期,プライム
2026-08-04,6395,タダノ,2026-12-31,機械,第２四半期,プライム
2026-08-04,6440,ＪＵＫＩ,2026-12-31,機械,第２四半期,プライム
2026-08-04,6472,ＮＴＮ,2027-03-31,機械,第１四半期,プライム
2026-08-04,6622,ダイヘン,2027-03-31,電気機器,第１四半期,プライム
2026-08-04,6644,大崎電気工業,2027-03-31,電気機器,第１四半期,プライム
2026-08-04,6718,アイホン,2027-03-31,電気機器,第１四半期,プライム
2026-08-04,6741,日本信号,2027-03-31,電気機器,第１四半期,プライム
2026-08-04,6806,ヒロセ電機,2027-03-31,電気機器,第１四半期,プライム
2026-08-04,6809,ＴＯＡ,2027-03-31,電気機器,第１四半期,プライム
2026-08-04,6841,横河電機,2027-03-31,電気機器,第１四半期,プライム
2026-08-04,6888,アクモス,2026-06-30,情報・通信業,本決算,スタンダード
2026-08-04,6925,ウシオ電機,2027-03-31,電気機器,第１四半期,プライム
2026-08-04,6927,ヘリオス　テクノ　ホールディング,2027-03-31,電気機器,第１四半期,スタンダード
2026-08-04,7011,三菱重工業,2027-03-31,機械,第１四半期,プライム
2026-08-04,7203,トヨタ自動車,2027-03-31,輸送用機器,第１四半期,プライム
2026-08-04,7231,トピー工業,2027-03-31,輸送用機器,第１四半期,プライム
2026-08-04,7261,マツダ,2027-03-31,輸送用機器,第１四半期,プライム
2026-08-04,7272,ヤマハ発動機,2026-12-31,輸送用機器,第２四半期,プライム
2026-08-04,7296,エフ・シー・シー,2027-03-31,輸送用機器,第１四半期,プライム
2026-08-04,7337,ひろぎんホールディングス,2027-03-31,銀行業,第１四半期,プライム
2026-08-04,7380,十六フィナンシャルグループ,2027-03-31,銀行業,第１四半期,プライム
2026-08-04,7521,ムサシ,2027-03-31,卸売業,第１四半期,スタンダード
2026-08-04,7565,萬世電機,2027-03-31,卸売業,第１四半期,スタンダード
2026-08-04,7729,東京精密,2027-03-31,精密機器,第１四半期,プライム
2026-08-04,7806,ＭＴＧ,2026-09-30,その他製品,第３四半期,グロース
2026-08-04,7859,アルメディオ,2027-03-31,その他製品,第１四半期,スタンダード
2026-08-04,7867,タカラトミー,2027-03-31,その他製品,第１四半期,プライム
2026-08-04,7951,ヤマハ,2027-03-31,その他製品,第１四半期,プライム
2026-08-04,7989,立川ブラインド工業,2026-12-31,金属製品,第２四半期,プライム
2026-08-04,8012,長瀬産業,2027-03-31,卸売業,第１四半期,プライム
2026-08-04,8020,兼松,2027-03-31,卸売業,第１四半期,プライム
2026-08-04,8031,三井物産,2027-03-31,卸売業,第１四半期,プライム
2026-08-04,8085,ナラサキ産業,2027-03-31,卸売業,第１四半期,スタンダード
2026-08-04,8173,Ｊｏｓｈｉｎ,2027-03-31,小売業,第１四半期,プライム
2026-08-04,8242,エイチ・ツー・オー　リテイリング,2027-03-31,小売業,第１四半期,プライム
2026-08-04,8252,丸井グループ,2027-03-31,小売業,第１四半期,プライム
2026-08-04,8255,アクシアル　リテイリング,2027-03-31,小売業,第１四半期,プライム
2026-08-04,8331,千葉銀行,2027-03-31,銀行業,第１四半期,プライム
2026-08-04,8365,富山銀行,2027-03-31,銀行業,第１四半期,スタンダード
2026-08-04,8542,トマト銀行,2027-03-31,銀行業,第１四半期,スタンダード
2026-08-04,8558,東和銀行,2027-03-31,銀行業,第１四半期,プライム
2026-08-04,8841,テーオーシー,2027-03-31,不動産業,第１四半期,スタンダード
2026-08-04,9001,東武鉄道,2027-03-31,陸運業,第１四半期,プライム
2026-08-04,9107,川崎汽船,2027-03-31,海運業,第１四半期,プライム
2026-08-04,9119,飯野海運,2027-03-31,海運業,第１四半期,プライム
2026-08-04,9142,九州旅客鉄道,2027-03-31,陸運業,第１四半期,プライム
2026-08-04,9302,三井倉庫ホールディングス,2027-03-31,倉庫・運輸関連業,第１四半期,プライム
2026-08-04,9324,安田倉庫,2027-03-31,倉庫・運輸関連業,第１四半期,プライム
2026-08-04,9376,ユーラシア旅行社,2026-09-30,サービス業,第３四半期,スタンダード
2026-08-04,9434,ソフトバンク,2027-03-31,情報・通信業,第１四半期,プライム
2026-08-04,9849,共同紙販ホールディングス,2027-03-31,卸売業,第１四半期,スタンダード
2026-08-04,9878,セキド,2027-03-20,小売業,第１四半期,スタンダード
2026-08-04,9990,サックスバー　ホールディングス,2027-03-31,小売業,第１四半期,プライム
2026-08-05,130A,Ｖｅｒｉｔａｓ　Ｉｎ　Ｓｉｌｉｃｏ,2026-12-31,医薬品,第２四半期,グロース
2026-08-05,1719,安藤・間,2027-03-31,建設業,第１四半期,プライム
2026-08-05,1720,東急建設,2027-03-31,建設業,第１四半期,プライム
2026-08-05,1762,高松コンストラクショングループ,2027-03-31,建設業,第１四半期,プライム
2026-08-05,1793,大本組,2027-03-31,建設業,第１四半期,スタンダード
2026-08-05,1812,鹿島建設,2027-03-31,建設業,第１四半期,プライム
2026-08-05,1814,大末建設,2027-03-31,建設業,第１四半期,プライム
2026-08-05,1926,ライト工業,2027-03-31,建設業,第１四半期,プライム
2026-08-05,1965,テクノ菱和,2027-03-31,建設業,第１四半期,スタンダード
2026-08-05,1980,ダイダン,2027-03-31,建設業,第１四半期,プライム
2026-08-05,2136,ヒップ,2027-03-31,サービス業,第１四半期,スタンダード
2026-08-05,2138,クルーズ,2027-03-31,情報・通信業,第１四半期,スタンダード
2026-08-05,2206,江崎グリコ,2026-12-31,食料品,第２四半期,プライム
2026-08-05,2269,明治ホールディングス,2027-03-31,食料品,第１四半期,プライム
2026-08-05,2307,クロスキャット,2027-03-31,情報・通信業,第１四半期,プライム
2026-08-05,2335,キューブシステム,2027-03-31,情報・通信業,第１四半期,プライム
2026-08-05,2371,カカクコム,2027-03-31,サービス業,第１四半期,プライム
2026-08-05,2395,新日本科学,2027-03-31,サービス業,第１四半期,プライム
2026-08-05,2425,ケアサービス,2027-03-31,サービス業,第１四半期,スタンダード
2026-08-05,2432,ディー・エヌ・エー,2027-03-31,情報・通信業,第１四半期,プライム
2026-08-05,2433,博報堂ＤＹホールディングス,2027-03-31,サービス業,第１四半期,プライム
2026-08-05,2676,高千穂交易,2027-03-31,卸売業,第１四半期,プライム
2026-08-05,2730,エディオン,2027-03-31,小売業,第１四半期,プライム
2026-08-05,2784,アルフレッサ　ホールディングス,2027-03-31,卸売業,第１四半期,プライム
2026-08-05,2801,キッコーマン,2027-03-31,食料品,第１四半期,プライム
2026-08-05,2922,なとり,2027-03-31,食料品,第１四半期,プライム
2026-08-05,297A,アルピコホールディングス,2027-03-31,小売業,第１四半期,スタンダード
2026-08-05,2980,ＳＲＥホールディングス,2027-03-31,不動産業,第１四半期,プライム
2026-08-05,3002,グンゼ,2027-03-31,繊維製品,第１四半期,プライム
2026-08-05,3036,アルコニックス,2027-03-31,卸売業,第１四半期,プライム
2026-08-05,3059,ヒラキ,2027-03-31,小売業,第１四半期,スタンダード
2026-08-05,3110,日東紡績,2027-03-31,ガラス・土石製品,第１四半期,プライム
2026-08-05,3150,グリムス,2027-03-31,電気・ガス業,第１四半期,プライム
2026-08-05,3166,ＯＣＨＩホールディングス,2027-03-31,卸売業,第１四半期,スタンダード
2026-08-05,3232,三重交通グループホールディングス,2027-03-31,不動産業,第１四半期,プライム
2026-08-05,3302,帝国繊維,2026-12-31,繊維製品,第２四半期,プライム
2026-08-05,330A,ＴａｌｅｎｔＸ,2027-03-31,情報・通信業,第１四半期,グロース
2026-08-05,3386,コスモ・バイオ,2026-12-31,卸売業,第２四半期,スタンダード
2026-08-05,3395,サンマルクホールディングス,2027-03-31,小売業,第１四半期,プライム
2026-08-05,341A,トヨコー,2027-03-31,建設業,第１四半期,グロース
2026-08-05,3426,アトムリビンテック,2026-06-30,金属製品,本決算,スタンダード
2026-08-05,3433,トーカロ,2027-03-31,金属製品,第１四半期,プライム
2026-08-05,3628,データホライゾン,2027-03-31,情報・通信業,第１四半期,グロース
2026-08-05,3668,コロプラ,2026-09-30,情報・通信業,第３四半期,プライム
2026-08-05,3690,イルグルム,2026-09-30,情報・通信業,第３四半期,スタンダード
2026-08-05,3836,アバントグループ,2026-06-30,情報・通信業,本決算,プライム
2026-08-05,3861,王子ホールディングス,2027-03-31,パルプ・紙,第１四半期,プライム
2026-08-05,3863,日本製紙,2027-03-31,パルプ・紙,第１四半期,プライム
2026-08-05,3910,エムケイシステム,2027-03-31,情報・通信業,第１四半期,スタンダード
2026-08-05,3941,レンゴー,2027-03-31,パルプ・紙,第１四半期,プライム
2026-08-05,4183,三井化学,2027-03-31,化学,第１四半期,プライム
2026-08-05,4320,ＣＥホールディングス,2026-09-30,情報・通信業,第３四半期,スタンダード
2026-08-05,4326,インテージホールディングス,2026-06-30,情報・通信業,本決算,プライム
2026-08-05,4385,メルカリ,2026-06-30,情報・通信業,本決算,プライム
2026-08-05,4388,エーアイ,2027-03-31,情報・通信業,第１四半期,スタンダード
2026-08-05,4403,日油,2027-03-31,化学,第１四半期,プライム
2026-08-05,4409,東邦化学工業,2027-03-31,化学,第１四半期,スタンダード
2026-08-05,4452,花王,2026-12-31,化学,第２四半期,プライム
2026-08-05,4471,三洋化成工業,2027-03-31,化学,第１四半期,プライム
2026-08-05,4477,ＢＡＳＥ,2026-12-31,情報・通信業,第２四半期,グロース
2026-08-05,4483,ＪＭＤＣ,2027-03-31,情報・通信業,第１四半期,プライム
2026-08-05,4503,アステラス製薬,2027-03-31,医薬品,第１四半期,プライム
2026-08-05,4512,わかもと製薬,2027-03-31,医薬品,第１四半期,スタンダード
2026-08-05,4548,生化学工業,2027-03-31,医薬品,第１四半期,プライム
2026-08-05,4558,中京医薬品,2027-03-31,医薬品,第１四半期,スタンダード
2026-08-05,4615,神東塗料,2027-03-31,化学,第１四半期,スタンダード
2026-08-05,4624,イサム塗料,2027-03-31,化学,第１四半期,スタンダード
2026-08-05,4635,東京インキ,2027-03-31,化学,第１四半期,スタンダード
2026-08-05,4671,ファルコホールディングス,2027-03-31,サービス業,第１四半期,スタンダード
2026-08-05,4674,クレスコ,2027-03-31,情報・通信業,第１四半期,プライム
2026-08-05,4687,ＴＤＣソフト,2027-03-31,情報・通信業,第１四半期,プライム
2026-08-05,4719,アルファシステムズ,2027-03-31,情報・通信業,第１四半期,プライム
2026-08-05,4772,ＳＭ　ＥＮＴＥＲＴＡＩＮＭＥＮＴ　ＪＡＰＡＮ,2026-12-31,情報・通信業,第２四半期,グロース
2026-08-05,4792,山田コンサルティンググループ,2027-03-31,サービス業,第１四半期,プライム
2026-08-05,4826,ＣＩＪ,2026-06-30,情報・通信業,本決算,プライム
2026-08-05,4847,インテリジェント　ウェイブ,2026-06-30,情報・通信業,本決算,プライム
2026-08-05,4911,資生堂,2026-12-31,化学,第２四半期,プライム
2026-08-05,4918,アイビー化粧品,2027-03-31,化学,第１四半期,スタンダード
2026-08-05,4951,エステー,2027-03-31,化学,第１四半期,プライム
2026-08-05,4968,荒川化学工業,2027-03-31,化学,第１四半期,プライム
2026-08-05,4972,綜研化学,2027-03-31,化学,第１四半期,スタンダード
2026-08-05,5015,ビーピー・カストロール,2026-12-31,石油・石炭製品,第２四半期,スタンダード
2026-08-05,5187,クリエートメディック,2026-12-31,精密機器,第２四半期,スタンダード
2026-08-05,5189,櫻護謨,2027-03-31,ゴム製品,第１四半期,スタンダード
2026-08-05,5199,不二ラテックス,2027-03-31,ゴム製品,第１四半期,スタンダード
2026-08-05,5284,ヤマウホールディングス,2027-03-31,ガラス・土石製品,第１四半期,スタンダード
2026-08-05,5301,東海カーボン,2026-12-31,ガラス・土石製品,第２四半期,プライム
2026-08-05,5384,フジミインコーポレーテッド,2027-03-31,ガラス・土石製品,第１四半期,プライム
2026-08-05,5406,神戸製鋼所,2027-03-31,鉄鋼,第１四半期,プライム
2026-08-05,5411,ＪＦＥホールディングス,2027-03-31,鉄鋼,第１四半期,プライム
2026-08-05,5480,日本冶金工業,2027-03-31,鉄鋼,第１四半期,プライム
2026-08-05,5563,新日本電工,2026-12-31,鉄鋼,第２四半期,プライム
2026-08-05,5660,神鋼鋼線工業,2027-03-31,鉄鋼,第１四半期,スタンダード
2026-08-05,5851,リョービ,2026-12-31,非鉄金属,第２四半期,プライム
2026-08-05,5852,アーレスティ,2027-03-31,非鉄金属,第１四半期,プライム
2026-08-05,5901,東洋製罐グループホールディングス,2027-03-31,金属製品,第１四半期,プライム
2026-08-05,5956,トーソー,2027-03-31,金属製品,第１四半期,スタンダード
2026-08-05,5958,三洋工業,2027-03-31,金属製品,第１四半期,スタンダード
2026-08-05,5988,パイオラックス,2027-03-31,金属製品,第１四半期,プライム
2026-08-05,6013,タクマ,2027-03-31,機械,第１四半期,プライム
2026-08-05,6103,オークマ,2027-03-31,機械,第１四半期,プライム
2026-08-05,6226,守谷輸送機工業,2027-03-31,機械,第１四半期,スタンダード
2026-08-05,6307,サンセイ,2027-03-31,機械,第１四半期,スタンダード
2026-08-05,6322,タクミナ,2027-03-31,機械,第１四半期,スタンダード
2026-08-05,6328,荏原実業,2026-12-31,機械,第２四半期,プライム
2026-08-05,6363,酉島製作所,2027-03-31,機械,第１四半期,プライム
2026-08-05,6479,ミネベアミツミ,2027-03-31,電気機器,第１四半期,プライム
2026-08-05,6481,ＴＨＫ,2026-12-31,機械,第２四半期,プライム
2026-08-05,6645,オムロン,2027-03-31,電気機器,第１四半期,プライム
2026-08-05,6674,ジーエス・ユアサ　コーポレーション,2027-03-31,電気機器,第１四半期,プライム
2026-08-05,6678,テクノメディカ,2027-03-31,電気機器,第１四半期,スタンダード
2026-08-05,6724,セイコーエプソン,2027-03-31,電気機器,第１四半期,プライム
2026-08-05,6730,アクセル,2027-03-31,電気機器,第１四半期,スタンダード
2026-08-05,6745,ホーチキ,2027-03-31,電気機器,第１四半期,プライム
2026-08-05,6768,タムラ製作所,2027-03-31,電気機器,第１四半期,プライム
2026-08-05,6877,ＯＢＡＲＡ　ＧＲＯＵＰ,2026-09-30,電気機器,第３四半期,スタンダード
2026-08-05,6894,パルステック工業,2027-03-31,電気機器,第１四半期,スタンダード
2026-08-05,6941,山一電機,2027-03-31,電気機器,第１四半期,プライム
2026-08-05,6947,図研,2027-03-31,電気機器,第１四半期,プライム
2026-08-05,6958,日本シイエムケイ,2027-03-31,電気機器,第１四半期,プライム
2026-08-05,6963,ローム,2027-03-31,電気機器,第１四半期,プライム
2026-08-05,6976,太陽誘電,2027-03-31,電気機器,第１四半期,プライム
2026-08-05,6994,指月電機製作所,2027-03-31,電気機器,第１四半期,スタンダード
2026-08-05,6996,ニチコン,2027-03-31,電気機器,第１四半期,プライム
2026-08-05,6998,日本タングステン,2027-03-31,電気機器,第１四半期,スタンダード
2026-08-05,7013,ＩＨＩ,2027-03-31,機械,第１四半期,プライム
2026-08-05,7036,イーエムネットジャパン,2026-12-31,サービス業,第２四半期,グロース
2026-08-05,7075,ＱＬＳホールディングス,2027-03-31,サービス業,第１四半期,グロース
2026-08-05,7130,ヤマエグループホールディングス,2027-03-31,卸売業,第１四半期,プライム
2026-08-05,7164,全国保証,2027-03-31,その他金融業,第１四半期,プライム
2026-08-05,7167,めぶきフィナンシャルグループ,2027-03-31,銀行業,第１四半期,プライム
2026-08-05,7177,ＧＭＯフィナンシャルホールディングス,2026-12-31,証券、商品先物取引業,第２四半期,スタンダード
2026-08-05,7186,横浜フィナンシャルグループ,2027-03-31,銀行業,第１四半期,プライム
2026-08-05,7220,武蔵精密工業,2027-03-31,輸送用機器,第１四半期,プライム
2026-08-05,7239,タチエス,2027-03-31,輸送用機器,第１四半期,プライム
2026-08-05,7246,プレス工業,2027-03-31,輸送用機器,第１四半期,プライム
2026-08-05,7267,本田技研工業,2027-03-31,輸送用機器,第１四半期,プライム
2026-08-05,7269,スズキ,2027-03-31,輸送用機器,第１四半期,プライム
2026-08-05,7270,ＳＵＢＡＲＵ,2027-03-31,輸送用機器,第１四半期,プライム
2026-08-05,7280,ミツバ,2027-03-31,電気機器,第１四半期,プライム
2026-08-05,7284,盟和産業,2027-03-31,輸送用機器,第１四半期,スタンダード
2026-08-05,7384,プロクレアホールディングス,2027-03-31,銀行業,第１四半期,プライム
2026-08-05,7459,メディパルホールディングス,2027-03-31,卸売業,第１四半期,プライム
2026-08-05,7506,ハウス　オブ　ローゼ,2027-03-31,小売業,第１四半期,スタンダード
2026-08-05,7561,ハークスレイホールディングス,2027-03-31,小売業,第１四半期,スタンダード
2026-08-05,7745,Ａ＆Ｄホロンホールディングス,2027-03-31,精密機器,第１四半期,プライム
2026-08-05,7760,ＩＭＶ,2026-09-30,精密機器,第３四半期,スタンダード
2026-08-05,7938,リーガルコーポレーション,2027-02-28,その他製品,第１四半期,スタンダード
2026-08-05,7963,興研,2026-12-31,その他製品,第２四半期,スタンダード
2026-08-05,7979,松風,2027-03-31,精密機器,第１四半期,プライム
2026-08-05,7991,マミヤ・オーピー,2027-03-31,機械,第１四半期,スタンダード
2026-08-05,8056,ＢＩＰＲＯＧＹ,2027-03-31,情報・通信業,第１四半期,プライム
2026-08-05,8098,稲畑産業,2027-03-31,卸売業,第１四半期,プライム
2026-08-05,8107,キムラタン,2027-03-31,繊維製品,第１四半期,スタンダード
2026-08-05,8113,ユニ・チャーム,2026-12-31,化学,第２四半期,プライム
2026-08-05,8117,中央自動車工業,2027-03-31,卸売業,第１四半期,スタンダード
2026-08-05,8129,東邦ホールディングス,2027-03-31,卸売業,第１四半期,プライム
2026-08-05,8150,三信電気,2027-03-31,卸売業,第１四半期,プライム
2026-08-05,8151,東陽テクニカ,2026-09-30,卸売業,第３四半期,プライム
2026-08-05,8159,立花エレテック,2027-03-31,卸売業,第１四半期,プライム
2026-08-05,8386,百十四銀行,2027-03-31,銀行業,第１四半期,プライム
2026-08-05,8395,佐賀銀行,2027-03-31,銀行業,第１四半期,プライム
2026-08-05,8522,名古屋銀行,2027-03-31,銀行業,第１四半期,プライム
2026-08-05,8524,北洋銀行,2027-03-31,銀行業,第１四半期,プライム
2026-08-05,8844,コスモスイニシア,2027-03-31,不動産業,第１四半期,スタンダード
2026-08-05,9006,京浜急行電鉄,2027-03-31,陸運業,第１四半期,プライム
2026-08-05,9010,富士急行,2027-03-31,陸運業,第１四半期,プライム
2026-08-05,9021,西日本旅客鉄道,2027-03-31,陸運業,第１四半期,プライム
2026-08-05,9090,ＡＺ－ＣＯＭ丸和ホールディングス,2027-03-31,陸運業,第１四半期,プライム
2026-08-05,9101,日本郵船,2027-03-31,海運業,第１四半期,プライム
2026-08-05,9127,玉井商船,2027-03-31,海運業,第１四半期,スタンダード
2026-08-05,9130,共栄タンカー,2027-03-31,海運業,第１四半期,スタンダード
2026-08-05,9347,日本管財ホールディングス,2027-03-31,サービス業,第１四半期,プライム
2026-08-05,9405,朝日放送グループホールディングス,2027-03-31,情報・通信業,第１四半期,プライム
2026-08-05,9412,スカパーＪＳＡＴ,2027-03-31,情報・通信業,第１四半期,プライム
2026-08-05,9543,静岡ガス,2026-12-31,電気・ガス業,第２四半期,プライム
2026-08-05,9619,イチネンホールディングス,2027-03-31,サービス業,第１四半期,プライム
2026-08-05,9713,ロイヤルホテル,2027-03-31,サービス業,第１四半期,スタンダード
2026-08-05,9913,日邦産業,2027-03-31,卸売業,第１四半期,スタンダード
2026-08-06,1332,ニッスイ,2027-03-31,水産・農林業,第１四半期,プライム
2026-08-06,1375,ユキグニファクトリー,2027-03-31,水産・農林業,第１四半期,プライム
2026-08-06,1515,日鉄鉱業,2027-03-31,鉱業,第１四半期,プライム
2026-08-06,1662,石油資源開発,2027-03-31,鉱業,第１四半期,プライム
2026-08-06,1780,ヤマウラ,2027-03-31,建設業,第１四半期,プライム
2026-08-06,1801,大成建設,2027-03-31,建設業,第１四半期,プライム
2026-08-06,1807,佐藤渡辺,2027-03-31,建設業,第１四半期,スタンダード
2026-08-06,1808,長谷工コーポレーション,2027-03-31,建設業,第１四半期,プライム
2026-08-06,1815,鉄建建設,2027-03-31,建設業,第１四半期,プライム
2026-08-06,1826,佐田建設,2027-03-31,建設業,第１四半期,スタンダード
2026-08-06,1835,東鉄工業,2027-03-31,建設業,第１四半期,プライム
2026-08-06,1852,淺沼組,2027-03-31,建設業,第１四半期,プライム
2026-08-06,1866,北野建設,2027-03-31,建設業,第１四半期,スタンダード
2026-08-06,1871,ピーエス・コンストラクション,2027-03-31,建設業,第１四半期,プライム
2026-08-06,1885,東亜建設工業,2027-03-31,建設業,第１四半期,プライム
2026-08-06,1888,若築建設,2027-03-31,建設業,第１四半期,プライム
2026-08-06,1899,福田組,2026-12-31,建設業,第２四半期,プライム
2026-08-06,1904,大成温調,2027-03-31,建設業,第１四半期,スタンダード
2026-08-06,1925,大和ハウス工業,2027-03-31,建設業,第１四半期,プライム
2026-08-06,1938,日本リーテック,2027-03-31,建設業,第１四半期,プライム
2026-08-06,1945,東京エネシス,2027-03-31,建設業,第１四半期,プライム
2026-08-06,1966,高田工業所,2027-03-31,建設業,第１四半期,スタンダード
2026-08-06,1968,太平電業,2027-03-31,建設業,第１四半期,プライム
2026-08-06,1981,協和日成,2027-03-31,建設業,第１四半期,スタンダード
2026-08-06,1982,日比谷総合設備,2027-03-31,建設業,第１四半期,プライム
2026-08-06,2001,ニップン,2027-03-31,食料品,第１四半期,プライム
2026-08-06,2117,ウェルネオシュガー,2027-03-31,食料品,第１四半期,プライム
2026-08-06,2185,シイエム・シイ,2026-09-30,サービス業,第３四半期,スタンダード
2026-08-06,2201,森永製菓,2027-03-31,食料品,第１四半期,プライム
2026-08-06,2288,丸大食品,2027-03-31,食料品,第１四半期,プライム
2026-08-06,2413,エムスリー,2027-03-31,サービス業,第１四半期,プライム
2026-08-06,2445,タカミヤ,2027-03-31,サービス業,第１四半期,スタンダード
2026-08-06,2533,オエノンホールディングス,2026-12-31,食料品,第２四半期,プライム
2026-08-06,2573,北海道コカ・コーラボトリング,2026-12-31,食料品,第２四半期,スタンダード
2026-08-06,2587,サントリービバレッジ＆フード,2026-12-31,食料品,第２四半期,プライム
2026-08-06,2674,ハードオフコーポレーション,2027-03-31,小売業,第１四半期,プライム
2026-08-06,2681,ゲオホールディングス,2027-03-31,小売業,第１四半期,プライム
2026-08-06,2700,木徳神糧,2026-12-31,卸売業,第２四半期,スタンダード
2026-08-06,2802,味の素,2027-03-31,食料品,第１四半期,プライム
2026-08-06,2982,ＡＤワークスグループ,2026-12-31,不動産業,第２四半期,プライム
2026-08-06,300A,ＭＩＣ,2027-03-31,サービス業,第１四半期,スタンダード
2026-08-06,3024,クリエイト,2027-03-31,卸売業,第１四半期,スタンダード
2026-08-06,3028,アルペン,2026-06-30,小売業,本決算,プライム
2026-08-06,3101,東洋紡,2027-03-31,化学,第１四半期,プライム
2026-08-06,3103,ユニチカ,2027-03-31,繊維製品,第１四半期,スタンダード
2026-08-06,3107,ダイワボウホールディングス,2027-03-31,卸売業,第１四半期,プライム
2026-08-06,3151,バイタルケーエスケー・ホールディングス,2027-03-31,卸売業,第１四半期,プライム
2026-08-06,3167,ＴＯＫＡＩホールディングス,2027-03-31,卸売業,第１四半期,プライム
2026-08-06,3183,ウイン・パートナーズ,2027-03-31,卸売業,第１四半期,プライム
2026-08-06,3242,アーバネットコーポレーション,2026-06-30,不動産業,本決算,スタンダード
2026-08-06,3289,東急不動産ホールディングス,2027-03-31,不動産業,第１四半期,プライム
2026-08-06,3326,ランシステム,2027-03-31,サービス業,第１四半期,スタンダード
2026-08-06,3355,クリヤマホールディングス,2026-12-31,卸売業,第２四半期,スタンダード
2026-08-06,3402,東レ,2027-03-31,繊維製品,第１四半期,プライム
2026-08-06,3422,Ｊ－ＭＡＸ,2027-03-31,金属製品,第１四半期,スタンダード
2026-08-06,3431,宮地エンジニアリンググループ,2027-03-31,金属製品,第１四半期,プライム
2026-08-06,3434,アルファ,2027-03-31,金属製品,第１四半期,スタンダード
2026-08-06,3435,サンコーテクノ,2027-03-31,金属製品,第１四半期,スタンダード
2026-08-06,3436,ＳＵＭＣＯ,2026-12-31,金属製品,第２四半期,プライム
2026-08-06,3449,テクノフレックス,2026-12-31,金属製品,第２四半期,スタンダード
2026-08-06,3477,フォーライフ,2027-03-31,不動産業,第１四半期,グロース
2026-08-06,3482,ロードスターキャピタル,2026-12-31,不動産業,第２四半期,プライム
2026-08-06,3537,昭栄薬品,2027-03-31,卸売業,第１四半期,スタンダード
2026-08-06,3577,東海染工,2027-03-31,繊維製品,第１四半期,スタンダード
2026-08-06,3634,ソケッツ,2027-03-31,情報・通信業,第１四半期,スタンダード
2026-08-06,3656,ＫＬａｂ,2026-12-31,情報・通信業,第２四半期,プライム
2026-08-06,3670,協立情報通信,2027-03-31,情報・通信業,第１四半期,スタンダード
2026-08-06,3672,オルトプラス,2026-09-30,情報・通信業,第３四半期,スタンダード
2026-08-06,3676,デジタルハーツホールディングス,2027-03-31,情報・通信業,第１四半期,プライム
2026-08-06,3698,ＣＲＩ・ミドルウェア,2026-09-30,情報・通信業,第３四半期,スタンダード
2026-08-06,3712,情報企画,2026-09-30,情報・通信業,第３四半期,スタンダード
2026-08-06,3744,サイオス,2026-12-31,情報・通信業,第２四半期,スタンダード
2026-08-06,3776,ブロードバンドタワー,2026-12-31,情報・通信業,第２四半期,スタンダード
2026-08-06,3796,いい生活,2027-03-31,情報・通信業,第１四半期,スタンダード
2026-08-06,3802,エコミック,2027-03-31,情報・通信業,第１四半期,スタンダード
2026-08-06,3834,朝日ネット,2027-03-31,情報・通信業,第１四半期,プライム
2026-08-06,3837,アドソル日進,2027-03-31,情報・通信業,第１四半期,プライム
2026-08-06,3864,三菱製紙,2027-03-31,パルプ・紙,第１四半期,プライム
2026-08-06,3877,中越パルプ工業,2027-03-31,パルプ・紙,第１四半期,プライム
2026-08-06,3880,大王製紙,2027-03-31,パルプ・紙,第１四半期,プライム
2026-08-06,3901,マークラインズ,2026-12-31,情報・通信業,第２四半期,プライム
2026-08-06,3984,ユーザーローカル,2026-06-30,情報・通信業,本決算,プライム
2026-08-06,3992,ニーズウェル,2026-09-30,情報・通信業,第３四半期,プライム
2026-08-06,4004,レゾナック・ホールディングス,2026-12-31,化学,第２四半期,プライム
2026-08-06,4008,住友精化,2027-03-31,化学,第１四半期,プライム
2026-08-06,4012,アクシス,2026-12-31,情報・通信業,第２四半期,スタンダード
2026-08-06,4025,多木化学,2026-12-31,化学,第２四半期,プライム
2026-08-06,4094,日本化学産業,2027-03-31,化学,第１四半期,スタンダード
2026-08-06,4109,ステラ　ケミファ,2027-03-31,化学,第１四半期,プライム
2026-08-06,4112,保土谷化学工業,2027-03-31,化学,第１四半期,プライム
2026-08-06,4116,大日精化工業,2027-03-31,化学,第１四半期,プライム
2026-08-06,4120,スガイ化学工業,2027-03-31,化学,第１四半期,スタンダード
2026-08-06,4186,東京応化工業,2026-12-31,化学,第２四半期,プライム
2026-08-06,4224,ロンシール工業,2027-03-31,化学,第１四半期,スタンダード
2026-08-06,4234,サンエー化研,2027-03-31,化学,第１四半期,スタンダード
2026-08-06,4246,ダイキョーニシカワ,2027-03-31,化学,第１四半期,プライム
2026-08-06,4249,森六,2027-03-31,化学,第１四半期,プライム
2026-08-06,4274,細谷火工,2027-03-31,化学,第１四半期,スタンダード
2026-08-06,4286,ＣＬホールディングス,2026-12-31,サービス業,第２四半期,スタンダード
2026-08-06,4293,セプテーニ・ホールディングス,2026-12-31,サービス業,第２四半期,スタンダード
2026-08-06,429A,テクセンドフォトマスク,2027-03-31,その他製品,第１四半期,プライム
2026-08-06,4341,西菱電機,2027-03-31,サービス業,第１四半期,スタンダード
2026-08-06,4389,プロパティデータバンク,2027-03-31,情報・通信業,第１四半期,グロース
2026-08-06,4404,ミヨシ油脂,2026-12-31,食料品,第２四半期,スタンダード
2026-08-06,4491,コンピューターマネージメント,2027-03-31,情報・通信業,第１四半期,スタンダード
2026-08-06,4516,日本新薬,2027-03-31,医薬品,第１四半期,プライム
2026-08-06,4524,森下仁丹,2027-03-31,医薬品,第１四半期,スタンダード
2026-08-06,4527,ロート製薬,2027-03-31,医薬品,第１四半期,プライム
2026-08-06,4536,参天製薬,2027-03-31,医薬品,第１四半期,プライム
2026-08-06,4540,ツムラ,2027-03-31,医薬品,第１四半期,プライム
2026-08-06,4553,東和薬品,2027-03-31,医薬品,第１四半期,プライム
2026-08-06,4554,富士製薬工業,2026-09-30,医薬品,第３四半期,プライム
2026-08-06,4559,ゼリア新薬工業,2027-03-31,医薬品,第１四半期,プライム
2026-08-06,4572,カルナバイオサイエンス,2026-12-31,医薬品,第２四半期,グロース
2026-08-06,4641,アルプス技研,2026-12-31,サービス業,第２四半期,プライム
2026-08-06,4678,秀英予備校,2027-03-31,サービス業,第１四半期,スタンダード
2026-08-06,4809,パラカ,2026-09-30,不動産業,第３四半期,プライム
2026-08-06,4849,エン,2027-03-31,サービス業,第１四半期,プライム
2026-08-06,4901,富士フイルムホールディングス,2027-03-31,化学,第１四半期,プライム
2026-08-06,4914,高砂香料工業,2027-03-31,化学,第１四半期,プライム
2026-08-06,4922,コーセーホールディングス,2026-12-31,化学,第２四半期,プライム
2026-08-06,4926,シーボン,2027-03-31,化学,第１四半期,スタンダード
2026-08-06,4927,ポーラ・オルビスホールディングス,2026-12-31,化学,第２四半期,プライム
2026-08-06,4967,小林製薬,2026-12-31,化学,第２四半期,プライム
2026-08-06,4975,ＪＣＵ,2027-03-31,化学,第１四半期,プライム
2026-08-06,4985,アース製薬,2026-12-31,化学,第２四半期,プライム
2026-08-06,4997,日本農薬,2027-03-31,化学,第１四半期,プライム
2026-08-06,5016,ＪＸ金属,2027-03-31,非鉄金属,第１四半期,プライム
2026-08-06,5021,コスモエネルギーホールディングス,2027-03-31,石油・石炭製品,第１四半期,プライム
2026-08-06,504A,イノバセル,2026-12-31,医薬品,第２四半期,グロース
2026-08-06,5110,住友ゴム工業,2026-12-31,ゴム製品,第２四半期,プライム
2026-08-06,5161,西川ゴム工業,2027-03-31,ゴム製品,第１四半期,スタンダード
2026-08-06,5162,朝日ラバー,2027-03-31,ゴム製品,第１四半期,スタンダード
2026-08-06,5185,フコク,2027-03-31,ゴム製品,第１四半期,プライム
2026-08-06,5208,有沢製作所,2027-03-31,化学,第１四半期,プライム
2026-08-06,5233,太平洋セメント,2027-03-31,ガラス・土石製品,第１四半期,プライム
2026-08-06,5254,Ａｒｅｎｔ,2026-06-30,情報・通信業,本決算,グロース
2026-08-06,5261,リソルホールディングス,2027-03-31,サービス業,第１四半期,プライム
2026-08-06,5282,ジオスター,2027-03-31,ガラス・土石製品,第１四半期,スタンダード
2026-08-06,5285,ヤマックス,2027-03-31,ガラス・土石製品,第１四半期,スタンダード
2026-08-06,5355,日本坩堝,2027-03-31,ガラス・土石製品,第１四半期,スタンダード
2026-08-06,5380,新東,2026-06-30,ガラス・土石製品,本決算,スタンダード
2026-08-06,5391,エーアンドエーマテリアル,2027-03-31,ガラス・土石製品,第１四半期,スタンダード
2026-08-06,5451,ヨドコウ,2027-03-31,鉄鋼,第１四半期,プライム
2026-08-06,5535,ミガロホールディングス,2027-03-31,不動産業,第１四半期,プライム
2026-08-06,5541,大平洋金属,2027-03-31,鉄鋼,第１四半期,プライム
2026-08-06,5602,栗本鐵工所,2027-03-31,鉄鋼,第１四半期,プライム
2026-08-06,5632,三菱製鋼,2027-03-31,鉄鋼,第１四半期,プライム
2026-08-06,5644,メタルアート,2027-03-31,鉄鋼,第１四半期,スタンダード
2026-08-06,5711,三菱マテリアル,2027-03-31,非鉄金属,第１四半期,プライム
2026-08-06,5729,日本精鉱,2027-03-31,非鉄金属,第１四半期,スタンダード
2026-08-06,5801,古河電気工業,2027-03-31,非鉄金属,第１四半期,プライム
2026-08-06,5816,オーナンバ,2026-12-31,非鉄金属,第２四半期,スタンダード
2026-08-06,5831,しずおかフィナンシャルグループ,2027-03-31,銀行業,第１四半期,プライム
2026-08-06,5838,楽天銀行,2027-03-31,銀行業,第１四半期,プライム
2026-08-06,5871,ＳＯＬＩＺＥ　Ｈｏｌｄｉｎｇｓ,2026-12-31,サービス業,第２四半期,スタンダード
2026-08-06,5945,天龍製鋸,2027-03-31,金属製品,第１四半期,スタンダード
2026-08-06,5947,リンナイ,2027-03-31,金属製品,第１四半期,プライム
2026-08-06,5949,ユニプレス,2027-03-31,輸送用機器,第１四半期,プライム
2026-08-06,5970,ジーテクト,2027-03-31,金属製品,第１四半期,プライム
2026-08-06,5976,高周波熱錬,2027-03-31,金属製品,第１四半期,プライム
2026-08-06,5984,兼房,2027-03-31,金属製品,第１四半期,スタンダード
2026-08-06,5989,エイチワン,2027-03-31,金属製品,第１四半期,プライム
2026-08-06,5991,日本発條,2027-03-31,金属製品,第１四半期,プライム
2026-08-06,6016,ジャパンエンジンコーポレーション,2027-03-31,輸送用機器,第１四半期,スタンダード
2026-08-06,6022,赤阪鐵工所,2027-03-31,機械,第１四半期,スタンダード
2026-08-06,6062,チャーム・ケア・コーポレーション,2026-06-30,サービス業,本決算,プライム
2026-08-06,6113,アマダ,2027-03-31,機械,第１四半期,プライム
2026-08-06,6125,岡本工作機械製作所,2027-03-31,機械,第１四半期,スタンダード
2026-08-06,6158,和井田製作所,2027-03-31,機械,第１四半期,スタンダード
2026-08-06,6203,豊和工業,2027-03-31,機械,第１四半期,スタンダード
2026-08-06,6218,エンシュウ,2027-03-31,機械,第１四半期,スタンダード
2026-08-06,6249,ゲームカードホールディングス,2027-03-31,機械,第１四半期,スタンダード
2026-08-06,6257,藤商事,2027-03-31,機械,第１四半期,スタンダード
2026-08-06,6272,レオン自動機,2027-03-31,機械,第１四半期,プライム
2026-08-06,6278,ユニオンツール,2026-12-31,機械,第２四半期,プライム
2026-08-06,6282,オイレス工業,2027-03-31,機械,第１四半期,プライム
2026-08-06,6284,日精エー・エス・ビー機械,2026-09-30,機械,第３四半期,プライム
2026-08-06,6315,ＴＯＷＡ,2027-03-31,機械,第１四半期,プライム
2026-08-06,6332,月島ホールディングス,2027-03-31,機械,第１四半期,プライム
2026-08-06,6333,ＴＥＩＫＯＫＵ,2027-03-31,機械,第１四半期,プライム
2026-08-06,6357,三精テクノロジーズ,2027-03-31,機械,第１四半期,スタンダード
2026-08-06,6370,栗田工業,2027-03-31,機械,第１四半期,プライム
2026-08-06,6383,ダイフク,2026-12-31,機械,第２四半期,プライム
2026-08-06,6384,昭和真空,2027-03-31,機械,第１四半期,スタンダード
2026-08-06,6402,兼松エンジニアリング,2027-03-31,機械,第１四半期,スタンダード
2026-08-06,6408,小倉クラッチ,2027-03-31,機械,第１四半期,スタンダード
2026-08-06,6417,ＳＡＮＫＹＯ,2027-03-31,機械,第１四半期,プライム
2026-08-06,6418,日本金銭機械,2027-03-31,機械,第１四半期,プライム
2026-08-06,6420,ガリレイホールディングス,2027-03-31,機械,第１四半期,プライム
2026-08-06,6448,ブラザー工業,2027-03-31,電気機器,第１四半期,プライム
2026-08-06,6458,新晃工業,2027-03-31,機械,第１四半期,プライム
2026-08-06,6465,ホシザキ,2026-12-31,機械,第２四半期,プライム
2026-08-06,6485,前澤給装工業,2027-03-31,機械,第１四半期,スタンダード
2026-08-06,6486,イーグル工業,2027-03-31,機械,第１四半期,プライム
2026-08-06,6490,ＰＩＬＬＡＲ,2027-03-31,機械,第１四半期,プライム
2026-08-06,6517,デンヨー,2027-03-31,電気機器,第１四半期,プライム
2026-08-06,6523,ＰＨＣホールディングス,2027-03-31,電気機器,第１四半期,プライム
2026-08-06,6524,湖北工業,2026-12-31,電気機器,第２四半期,スタンダード
2026-08-06,6525,ＫＯＫＵＳＡＩ　ＥＬＥＣＴＲＩＣ,2027-03-31,電気機器,第１四半期,プライム
2026-08-06,6539,ＭＳ－Ｊａｐａｎ,2027-03-31,サービス業,第１四半期,プライム
2026-08-06,6544,ジャパンエレベーターサービスホールディングス,2027-03-31,サービス業,第１四半期,プライム
2026-08-06,6551,ツナググループ・ホールディングス,2026-09-30,サービス業,第３四半期,スタンダード
2026-08-06,6590,芝浦メカトロニクス,2027-03-31,電気機器,第１四半期,プライム
2026-08-06,6614,シキノハイテック,2027-03-31,電気機器,第１四半期,スタンダード
2026-08-06,6615,ユー・エム・シー・エレクトロニクス,2027-03-31,電気機器,第１四半期,プライム
2026-08-06,6651,日東工業,2027-03-31,電気機器,第１四半期,プライム
2026-08-06,6652,ＩＤＥＣ,2027-03-31,電気機器,第１四半期,プライム
2026-08-06,6676,バッファロー,2027-03-31,電気機器,第１四半期,スタンダード
2026-08-06,6744,能美防災,2027-03-31,電気機器,第１四半期,プライム
2026-08-06,6763,帝国通信工業,2027-03-31,電気機器,第１四半期,プライム
2026-08-06,6769,ザインエレクトロニクス,2026-12-31,電気機器,第２四半期,スタンダード
2026-08-06,6771,池上通信機,2027-03-31,電気機器,第１四半期,スタンダード
2026-08-06,6776,天昇電気工業,2027-03-31,化学,第１四半期,スタンダード
2026-08-06,6787,メイコー,2027-03-31,電気機器,第１四半期,プライム
2026-08-06,6788,日本トリム,2027-03-31,電気機器,第１四半期,プライム
2026-08-06,6800,ヨコオ,2027-03-31,電気機器,第１四半期,プライム
2026-08-06,6845,アズビル,2027-03-31,電気機器,第１四半期,プライム
2026-08-06,6849,日本光電工業,2027-03-31,電気機器,第１四半期,プライム
2026-08-06,6859,エスペック,2027-03-31,電気機器,第１四半期,プライム
2026-08-06,6867,リーダー電子,2027-03-31,電気機器,第１四半期,スタンダード
2026-08-06,6875,メガチップス,2027-03-31,電気機器,第１四半期,プライム
2026-08-06,6920,レーザーテック,2026-06-30,電気機器,本決算,プライム
2026-08-06,6926,岡谷電機産業,2027-03-31,電気機器,第１四半期,スタンダード
2026-08-06,6943,ＮＫＫスイッチズ,2027-03-31,電気機器,第１四半期,スタンダード
2026-08-06,6965,浜松ホトニクス,2026-09-30,電気機器,第３四半期,プライム
2026-08-06,7004,カナデビア,2027-03-31,機械,第１四半期,プライム
2026-08-06,7014,名村造船所,2027-03-31,輸送用機器,第１四半期,スタンダード
2026-08-06,7018,内海造船,2027-03-31,輸送用機器,第１四半期,スタンダード
2026-08-06,7081,コーユーレンティア,2026-12-31,サービス業,第２四半期,スタンダード
2026-08-06,7089,フォースタートアップス,2027-03-31,サービス業,第１四半期,グロース
2026-08-06,7090,リグア,2027-03-31,サービス業,第１四半期,グロース
2026-08-06,7094,ＮｅｘＴｏｎｅ,2027-03-31,サービス業,第１四半期,グロース
2026-08-06,7096,ステムセル研究所,2027-03-31,サービス業,第１四半期,グロース
2026-08-06,7122,近畿車輛,2027-03-31,輸送用機器,第１四半期,スタンダード
2026-08-06,7208,カネミツ,2027-03-31,輸送用機器,第１四半期,スタンダード
2026-08-06,7212,エフテック,2027-03-31,輸送用機器,第１四半期,スタンダード
2026-08-06,7215,ファルテック,2027-03-31,輸送用機器,第１四半期,スタンダード
2026-08-06,7226,極東開発工業,2027-03-31,輸送用機器,第１四半期,プライム
2026-08-06,7228,デイトナ,2026-12-31,輸送用機器,第２四半期,スタンダード
2026-08-06,7238,曙ブレーキ工業,2027-03-31,輸送用機器,第１四半期,プライム
2026-08-06,7240,ＮＯＫ,2027-03-31,輸送用機器,第１四半期,プライム
2026-08-06,7242,カヤバ,2027-03-31,輸送用機器,第１四半期,プライム
2026-08-06,7254,ユニバンス,2027-03-31,輸送用機器,第１四半期,スタンダード
2026-08-06,7255,桜井製作所,2027-03-31,輸送用機器,第１四半期,スタンダード
2026-08-06,7271,安永,2027-03-31,輸送用機器,第１四半期,スタンダード
2026-08-06,7277,ＴＢＫ,2027-03-31,輸送用機器,第１四半期,スタンダード
2026-08-06,7292,村上開明堂,2027-03-31,輸送用機器,第１四半期,スタンダード
2026-08-06,7326,ＳＢＩインシュアランスグループ,2027-03-31,保険業,第１四半期,グロース
2026-08-06,7458,第一興商,2027-03-31,卸売業,第１四半期,プライム
2026-08-06,7554,幸楽苑,2027-03-31,小売業,第１四半期,プライム
2026-08-06,7619,田中商事,2027-03-31,卸売業,第１四半期,スタンダード
2026-08-06,7628,オーハシテクニカ,2027-03-31,卸売業,第１四半期,プライム
2026-08-06,7670,オーウエル,2027-03-31,卸売業,第１四半期,スタンダード
2026-08-06,7701,島津製作所,2027-03-31,精密機器,第１四半期,プライム
2026-08-06,7711,助川電気工業,2026-09-30,精密機器,第３四半期,スタンダード
2026-08-06,7731,ニコン,2027-03-31,精密機器,第１四半期,プライム
2026-08-06,7823,アートネイチャー,2027-03-31,その他製品,第１四半期,スタンダード
2026-08-06,7826,フルヤ金属,2026-06-30,その他製品,本決算,プライム
2026-08-06,7841,遠藤製作所,2026-12-31,その他製品,第２四半期,スタンダード
2026-08-06,7846,パイロットコーポレーション,2026-12-31,その他製品,第２四半期,プライム
2026-08-06,7849,スターツ出版,2026-12-31,情報・通信業,第２四半期,スタンダード
2026-08-06,7857,セキ,2027-03-31,その他製品,第１四半期,スタンダード
2026-08-06,7860,エイベックス,2027-03-31,情報・通信業,第１四半期,プライム
2026-08-06,7864,フジシールインターナショナル,2027-03-31,その他製品,第１四半期,プライム
2026-08-06,7917,ＺＡＣＲＯＳ,2027-03-31,化学,第１四半期,プライム
2026-08-06,7927,ムトー精工,2027-03-31,化学,第１四半期,スタンダード
2026-08-06,7955,クリナップ,2027-03-31,その他製品,第１四半期,プライム
2026-08-06,7956,ピジョン,2026-12-31,その他製品,第２四半期,プライム
2026-08-06,7966,リンテック,2027-03-31,その他製品,第１四半期,プライム
2026-08-06,7972,イトーキ,2026-12-31,その他製品,第２四半期,プライム
2026-08-06,7974,任天堂,2027-03-31,その他製品,第１四半期,プライム
2026-08-06,7985,ネポン,2027-03-31,金属製品,第１四半期,スタンダード
2026-08-06,7992,セーラー万年筆,2026-12-31,その他製品,第２四半期,スタンダード
2026-08-06,8007,高島,2027-03-31,卸売業,第１四半期,プライム
2026-08-06,8029,ルックホールディングス,2026-12-31,繊維製品,第２四半期,スタンダード
2026-08-06,8037,カメイ,2027-03-31,卸売業,第１四半期,プライム
2026-08-06,8040,東京ソワール,2026-12-31,繊維製品,第２四半期,スタンダード
2026-08-06,8045,横浜丸魚,2027-03-31,卸売業,第１四半期,スタンダード
2026-08-06,8075,神鋼商事,2027-03-31,卸売業,第１四半期,プライム
2026-08-06,8088,岩谷産業,2027-03-31,卸売業,第１四半期,プライム
2026-08-06,8097,三愛オブリ,2027-03-31,卸売業,第１四半期,プライム
2026-08-06,8111,ゴールドウイン,2027-03-31,繊維製品,第１四半期,プライム
2026-08-06,8115,ムーンバット,2027-03-31,卸売業,第１四半期,スタンダード
2026-08-06,8130,サンゲツ,2027-03-31,卸売業,第１四半期,プライム
2026-08-06,8282,ケーズホールディングス,2027-03-31,小売業,第１四半期,プライム
2026-08-06,8337,千葉興業銀行,2027-03-31,銀行業,第１四半期,プライム
2026-08-06,8338,筑波銀行,2027-03-31,銀行業,第１四半期,プライム
2026-08-06,8393,宮崎銀行,2027-03-31,銀行業,第１四半期,プライム
2026-08-06,8511,日本証券金融,2027-03-31,その他金融業,第１四半期,プライム
2026-08-06,8562,福島銀行,2027-03-31,銀行業,第１四半期,スタンダード
2026-08-06,8584,ジャックス,2027-03-31,その他金融業,第１四半期,プライム
2026-08-06,8591,オリックス,2027-03-31,その他金融業,第１四半期,プライム
2026-08-06,8596,九州リースサービス,2027-03-31,その他金融業,第１四半期,スタンダード
2026-08-06,8698,マネックスグループ,2027-03-31,証券、商品先物取引業,第１四半期,プライム
2026-08-06,8705,日産証券グループ,2027-03-31,証券、商品先物取引業,第１四半期,スタンダード
2026-08-06,8772,アサックス,2027-03-31,その他金融業,第１四半期,スタンダード
2026-08-06,8804,東京建物,2026-12-31,不動産業,第２四半期,プライム
2026-08-06,8830,住友不動産,2027-03-31,不動産業,第１四半期,プライム
2026-08-06,8876,リログループ,2027-03-31,サービス業,第１四半期,プライム
2026-08-06,8934,サンフロンティア不動産,2027-03-31,不動産業,第１四半期,プライム
2026-08-06,9008,京王電鉄,2027-03-31,陸運業,第１四半期,プライム
2026-08-06,9012,秩父鉄道,2027-03-31,陸運業,第１四半期,スタンダード
2026-08-06,9028,ゼロ,2026-06-30,陸運業,本決算,スタンダード
2026-08-06,9031,西日本鉄道,2027-03-31,陸運業,第１四半期,プライム
2026-08-06,9075,福山通運,2027-03-31,陸運業,第１四半期,プライム
2026-08-06,9076,セイノーホールディングス,2027-03-31,陸運業,第１四半期,プライム
2026-08-06,9083,神姫バス,2027-03-31,陸運業,第１四半期,スタンダード
2026-08-06,9272,ブティックス,2027-03-31,サービス業,第１四半期,グロース
2026-08-06,9332,ＮＩＳＳＯホールディングス,2027-03-31,サービス業,第１四半期,プライム
2026-08-06,9355,リンコーコーポレーション,2027-03-31,倉庫・運輸関連業,第１四半期,スタンダード
2026-08-06,9401,ＴＢＳホールディングス,2027-03-31,情報・通信業,第１四半期,プライム
2026-08-06,9424,日本通信,2027-03-31,情報・通信業,第１四半期,プライム
2026-08-06,9432,ＮＴＴ,2027-03-31,情報・通信業,第１四半期,プライム
2026-08-06,9438,エムティーアイ,2026-09-30,情報・通信業,第３四半期,プライム
2026-08-06,9441,ベルパーク,2026-12-31,情報・通信業,第２四半期,スタンダード
2026-08-06,9476,中央経済社ホールディングス,2026-09-30,情報・通信業,第３四半期,スタンダード
2026-08-06,9519,レノバ,2027-03-31,電気・ガス業,第１四半期,プライム
2026-08-06,9537,北陸瓦斯,2027-03-31,電気・ガス業,第１四半期,スタンダード
2026-08-06,9622,スペース,2026-12-31,サービス業,第２四半期,プライム
2026-08-06,9639,三協フロンテア,2027-03-31,サービス業,第１四半期,スタンダード
2026-08-06,9722,藤田観光,2026-12-31,サービス業,第２四半期,プライム
2026-08-06,9726,ＫＮＴ－ＣＴホールディングス,2027-03-31,サービス業,第１四半期,スタンダード
2026-08-06,9831,ヤマダホールディングス,2027-03-31,小売業,第１四半期,プライム
2026-08-06,9853,銀座ルノアール,2027-03-31,小売業,第１四半期,スタンダード
2026-08-06,9984,ソフトバンクグループ,2027-03-31,情報・通信業,第１四半期,プライム
2026-08-07,1301,極洋,2027-03-31,水産・農林業,第１四半期,プライム
2026-08-07,1381,アクシーズ,2026-06-30,水産・農林業,本決算,スタンダード
2026-08-07,1382,ホーブ,2026-06-30,水産・農林業,本決算,スタンダード
2026-08-07,1417,ミライト・ワン,2027-03-31,建設業,第１四半期,プライム
2026-08-07,1420,サンヨーホームズ,2027-03-31,建設業,第１四半期,スタンダード
2026-08-07,1429,日本アクア,2026-12-31,建設業,第２四半期,プライム
2026-08-07,1438,岐阜造園,2026-09-30,建設業,第３四半期,スタンダード
2026-08-07,143A,イシン,2027-03-31,サービス業,第１四半期,グロース
2026-08-07,1446,キャンディル,2026-09-30,建設業,第３四半期,スタンダード
2026-08-07,1518,三井松島ホールディングス,2027-03-31,その他製品,第１四半期,プライム
2026-08-07,1605,ＩＮＰＥＸ,2026-12-31,鉱業,第２四半期,プライム
2026-08-07,167A,リョーサン菱洋ホールディングス,2027-03-31,卸売業,第１四半期,プライム
2026-08-07,1717,明豊ファシリティワークス,2027-03-31,サービス業,第１四半期,スタンダード
2026-08-07,1721,コムシスホールディングス,2027-03-31,建設業,第１四半期,プライム
2026-08-07,1736,オーテック,2027-03-31,建設業,第１四半期,スタンダード
2026-08-07,1768,ソネック,2027-03-31,建設業,第１四半期,スタンダード
2026-08-07,1770,藤田エンジニアリング,2027-03-31,建設業,第１四半期,スタンダード
2026-08-07,1786,オリエンタル白石,2027-03-31,建設業,第１四半期,プライム
2026-08-07,1798,守谷商会,2027-03-31,建設業,第１四半期,スタンダード
2026-08-07,1802,大林組,2027-03-31,建設業,第１四半期,プライム
2026-08-07,1810,松井建設,2027-03-31,建設業,第１四半期,スタンダード
2026-08-07,1811,錢高組,2027-03-31,建設業,第１四半期,スタンダード
2026-08-07,1820,西松建設,2027-03-31,建設業,第１四半期,プライム
2026-08-07,1822,大豊建設,2027-03-31,建設業,第１四半期,スタンダード
2026-08-07,1827,ナカノフドー建設,2027-03-31,建設業,第１四半期,スタンダード
2026-08-07,1828,田辺工業,2027-03-31,建設業,第１四半期,スタンダード
2026-08-07,1833,奥村組,2027-03-31,建設業,第１四半期,プライム
2026-08-07,1847,イチケン,2027-03-31,建設業,第１四半期,スタンダード
2026-08-07,1848,富士ピー・エス,2027-03-31,建設業,第１四半期,スタンダード
2026-08-07,1853,森組,2027-03-31,建設業,第１四半期,スタンダード
2026-08-07,1860,戸田建設,2027-03-31,建設業,第１四半期,プライム
2026-08-07,1861,熊谷組,2027-03-31,建設業,第１四半期,プライム
2026-08-07,1870,矢作建設工業,2027-03-31,建設業,第１四半期,プライム
2026-08-07,1893,五洋建設,2027-03-31,建設業,第１四半期,プライム
2026-08-07,1897,金下建設,2026-12-31,建設業,第２四半期,スタンダード
2026-08-07,1905,テノックス,2027-03-31,建設業,第１四半期,スタンダード
2026-08-07,1909,日本ドライケミカル,2027-03-31,機械,第１四半期,スタンダード
2026-08-07,1911,住友林業,2026-12-31,建設業,第２四半期,プライム
2026-08-07,1921,巴コーポレーション,2027-03-31,建設業,第１四半期,スタンダード
2026-08-07,1929,日特建設,2027-03-31,建設業,第１四半期,プライム
2026-08-07,1951,エクシオグループ,2027-03-31,建設業,第１四半期,プライム
2026-08-07,1952,新日本空調,2027-03-31,建設業,第１四半期,プライム
2026-08-07,1961,三機工業,2027-03-31,建設業,第１四半期,プライム
2026-08-07,1963,日揮ホールディングス,2027-03-31,建設業,第１四半期,プライム
2026-08-07,1979,大氣社,2027-03-31,建設業,第１四半期,プライム
2026-08-07,1992,神田通信機,2027-03-31,建設業,第１四半期,スタンダード
2026-08-07,1994,高橋カーテンウォール工業,2026-12-31,建設業,第２四半期,スタンダード
2026-08-07,2004,昭和産業,2027-03-31,食料品,第１四半期,プライム
2026-08-07,2009,鳥越製粉,2026-12-31,食料品,第２四半期,スタンダード
2026-08-07,2112,塩水港精糖,2027-03-31,食料品,第１四半期,スタンダード
2026-08-07,2114,フジ日本,2027-03-31,食料品,第１四半期,スタンダード
2026-08-07,2139,中広,2027-03-31,サービス業,第１四半期,スタンダード
2026-08-07,2146,ＵＴグループ,2027-03-31,サービス業,第１四半期,プライム
2026-08-07,2154,オープンアップグループ,2026-06-30,サービス業,本決算,プライム
2026-08-07,2162,ｎｍｓ　ホールディングス,2027-03-31,サービス業,第１四半期,スタンダード
2026-08-07,2169,ＣＤＳ,2026-12-31,サービス業,第２四半期,スタンダード
2026-08-07,2179,成学社,2027-03-31,サービス業,第１四半期,スタンダード
2026-08-07,2181,パーソルホールディングス,2027-03-31,サービス業,第１四半期,プライム
2026-08-07,2193,クックパッド,2026-12-31,サービス業,第２四半期,スタンダード
2026-08-07,2204,中村屋,2027-03-31,食料品,第１四半期,スタンダード
2026-08-07,2209,井村屋グループ,2027-03-31,食料品,第１四半期,プライム
2026-08-07,2264,森永乳業,2027-03-31,食料品,第１四半期,プライム
2026-08-07,2270,雪印メグミルク,2027-03-31,食料品,第１四半期,プライム
2026-08-07,2286,林兼産業,2027-03-31,食料品,第１四半期,スタンダード
2026-08-07,2311,エプコ,2026-12-31,サービス業,第２四半期,スタンダード
2026-08-07,2349,エヌアイデイ,2027-03-31,情報・通信業,第１四半期,スタンダード
2026-08-07,2376,サイネックス,2027-03-31,サービス業,第１四半期,スタンダード
2026-08-07,2378,ルネサンス,2027-03-31,サービス業,第１四半期,プライム
2026-08-07,2384,ＳＢＳホールディングス,2026-12-31,陸運業,第２四半期,プライム
2026-08-07,2415,ヒューマンホールディングス,2027-03-31,サービス業,第１四半期,スタンダード
2026-08-07,2429,ワールドホールディングス,2026-12-31,サービス業,第２四半期,プライム
2026-08-07,2464,Ａｏｂａ‐ＢＢＴ,2027-03-31,サービス業,第１四半期,スタンダード
2026-08-07,2469,ヒビノ,2027-03-31,サービス業,第１四半期,スタンダード
2026-08-07,2475,ＷＤＢホールディングス,2027-03-31,サービス業,第１四半期,プライム
2026-08-07,2477,手間いらず,2026-06-30,情報・通信業,本決算,スタンダード
2026-08-07,2480,システム・ロケーション,2027-03-31,情報・通信業,第１四半期,スタンダード
2026-08-07,2483,翻訳センター,2027-03-31,サービス業,第１四半期,スタンダード
2026-08-07,2501,サッポロビール,2026-12-31,食料品,第２四半期,プライム
2026-08-07,2503,キリンホールディングス,2026-12-31,食料品,第２四半期,プライム
2026-08-07,2531,宝ホールディングス,2027-03-31,食料品,第１四半期,プライム
2026-08-07,253A,ＥＴＳグループ,2026-09-30,建設業,第３四半期,スタンダード
2026-08-07,255A,ジーエルテクノホールディングス,2027-03-31,精密機器,第１四半期,スタンダード
2026-08-07,256A,飛島ホールディングス,2027-03-31,建設業,第１四半期,プライム
2026-08-07,2602,日清オイリオグループ,2027-03-31,食料品,第１四半期,プライム
2026-08-07,2607,不二製油,2027-03-31,食料品,第１四半期,プライム
2026-08-07,2613,Ｊ－オイルミルズ,2027-03-31,食料品,第１四半期,プライム
2026-08-07,262A,インターメスティック,2026-12-31,小売業,第２四半期,プライム
2026-08-07,268A,リガク・ホールディングス,2026-12-31,精密機器,第２四半期,プライム
2026-08-07,2693,ＹＫＴ,2026-12-31,卸売業,第２四半期,スタンダード
2026-08-07,2702,日本マクドナルドホールディングス,2026-12-31,小売業,第２四半期,スタンダード
2026-08-07,2733,あらた,2027-03-31,卸売業,第１四半期,プライム
2026-08-07,2790,ナフコ,2027-03-31,小売業,第１四半期,スタンダード
2026-08-07,2795,日本プリメックス,2027-03-31,卸売業,第１四半期,スタンダード
2026-08-07,2813,和弘食品,2027-03-31,食料品,第１四半期,スタンダード
2026-08-07,2814,佐藤食品工業,2027-03-31,食料品,第１四半期,スタンダード
2026-08-07,2815,アリアケジャパン,2027-03-31,食料品,第１四半期,プライム
2026-08-07,2819,エバラ食品工業,2027-03-31,食料品,第１四半期,スタンダード
2026-08-07,2871,ニチレイ,2026-12-31,食料品,第１四半期,プライム
2026-08-07,287A,黒田グループ,2027-03-31,卸売業,第１四半期,スタンダード
2026-08-07,2903,シノブフーズ,2027-03-31,食料品,第１四半期,スタンダード
2026-08-07,2904,一正蒲鉾,2026-06-30,食料品,本決算,スタンダード
2026-08-07,2911,旭松食品,2027-03-31,食料品,第１四半期,スタンダード
2026-08-07,2915,ケンコーマヨネーズ,2027-03-31,食料品,第１四半期,プライム
2026-08-07,2916,仙波糖化工業,2027-03-31,食料品,第１四半期,スタンダード
2026-08-07,2931,ユーグレナ,2026-12-31,食料品,第２四半期,プライム
2026-08-07,2932,ＳＴＩフードホールディングス,2026-12-31,食料品,第２四半期,スタンダード
2026-08-07,2938,オカムラ食品工業,2026-06-30,食料品,本決算,スタンダード
2026-08-07,2961,日本調理機,2026-09-30,金属製品,第３四半期,スタンダード
2026-08-07,2970,ＧＬＣ　ＧＲＯＵＰ,2026-12-31,不動産業,第２四半期,スタンダード
2026-08-07,3020,アプライド,2027-03-31,小売業,第１四半期,スタンダード
2026-08-07,3023,ラサ商事,2027-03-31,卸売業,第１四半期,スタンダード
2026-08-07,3034,クオールホールディングス,2027-03-31,小売業,第１四半期,プライム
2026-08-07,3069,ＪＦＬＡホールディングス,2027-03-31,食料品,第１四半期,スタンダード
2026-08-07,3106,倉敷紡績,2027-03-31,繊維製品,第１四半期,プライム
2026-08-07,3109,シキボウ,2027-03-31,繊維製品,第１四半期,プライム
2026-08-07,3123,サイボー,2027-03-31,繊維製品,第１四半期,スタンダード
2026-08-07,3156,レスター,2027-03-31,卸売業,第１四半期,プライム
2026-08-07,3176,三洋貿易,2026-09-30,卸売業,第３四半期,プライム
2026-08-07,3179,シュッピン,2027-03-31,小売業,第１四半期,プライム
2026-08-07,3205,ダイドーリミテッド,2027-03-31,繊維製品,第１四半期,スタンダード
2026-08-07,3221,ヨシックスホールディングス,2027-03-31,小売業,第１四半期,プライム
2026-08-07,3238,セントラル総合開発,2027-03-31,不動産業,第１四半期,スタンダード
2026-08-07,3276,ＪＰＭＣ,2026-12-31,不動産業,第２四半期,プライム
2026-08-07,3284,フージャースホールディングス,2027-03-31,不動産業,第１四半期,プライム
2026-08-07,3288,オープンハウスグループ,2026-09-30,不動産業,第３四半期,プライム
2026-08-07,3291,飯田グループホールディングス,2027-03-31,不動産業,第１四半期,プライム
2026-08-07,3293,アズマハウス,2027-03-31,不動産業,第１四半期,スタンダード
2026-08-07,3299,ムゲンエステート,2026-12-31,不動産業,第２四半期,スタンダード
2026-08-07,3315,日本コークス工業,2027-03-31,石油・石炭製品,第１四半期,プライム
2026-08-07,3323,レカム,2026-09-30,卸売業,第３四半期,スタンダード
2026-08-07,334A,ビジュアル・プロセッシング・ジャパン,2026-12-31,情報・通信業,第２四半期,グロース
2026-08-07,3360,シップヘルスケアホールディングス,2027-03-31,卸売業,第１四半期,プライム
2026-08-07,336A,ダイナミックマッププラットフォーム,2027-03-31,情報・通信業,第１四半期,グロース
2026-08-07,3374,内外テック,2027-03-31,卸売業,第１四半期,スタンダード
2026-08-07,3393,スターティアホールディングス,2027-03-31,卸売業,第１四半期,プライム
2026-08-07,3405,クラレ,2026-12-31,化学,第２四半期,プライム
2026-08-07,3417,大木ヘルスケアホールディングス,2027-03-31,卸売業,第１四半期,スタンダード
2026-08-07,3420,ケー・エフ・シー,2027-03-31,金属製品,第１四半期,スタンダード
2026-08-07,3423,エスイー,2027-03-31,金属製品,第１四半期,スタンダード
2026-08-07,3437,特殊電極,2027-03-31,金属製品,第１四半期,スタンダード
2026-08-07,3443,川田テクノロジーズ,2027-03-31,金属製品,第１四半期,プライム
2026-08-07,3467,アグレ都市デザイン,2027-03-31,不動産業,第１四半期,スタンダード
2026-08-07,3486,グローバル・リンク・マネジメント,2026-12-31,不動産業,第２四半期,プライム
2026-08-07,3513,イチカワ,2027-03-31,繊維製品,第１四半期,スタンダード
2026-08-07,352A,ＬＯＩＶＥ,2027-03-31,サービス業,第１四半期,グロース
2026-08-07,3563,ＦＯＯＤ　＆　ＬＩＦＥ　ＣＯＭＰＡＮＩＥＳ,2026-09-30,小売業,第３四半期,プライム
2026-08-07,3583,オーベクス,2027-03-31,繊維製品,第１四半期,スタンダード
2026-08-07,3611,マツオカコーポレーション,2027-03-31,繊維製品,第１四半期,スタンダード
2026-08-07,3632,グリーホールディングス,2026-06-30,情報・通信業,本決算,プライム
2026-08-07,3687,フィックスターズ,2026-09-30,情報・通信業,第３四半期,プライム
2026-08-07,3708,特種東海製紙,2027-03-31,パルプ・紙,第１四半期,プライム
2026-08-07,3747,インタートレード,2026-09-30,情報・通信業,第３四半期,スタンダード
2026-08-07,3753,フライトソリューションズ,2027-03-31,情報・通信業,第１四半期,スタンダード
2026-08-07,3765,ガンホー・オンライン・エンターテイメント,2026-12-31,情報・通信業,第２四半期,プライム
2026-08-07,3766,システムズ・デザイン,2027-03-31,情報・通信業,第１四半期,スタンダード
2026-08-07,3772,ウェルス・マネジメント,2027-03-31,不動産業,第１四半期,スタンダード
2026-08-07,3774,インターネットイニシアティブ,2027-03-31,情報・通信業,第１四半期,プライム
2026-08-07,3842,ネクストジェン,2027-03-31,情報・通信業,第１四半期,スタンダード
2026-08-07,3851,日本一ソフトウェア,2027-03-31,情報・通信業,第１四半期,スタンダード
2026-08-07,3865,北越コーポレーション,2027-03-31,パルプ・紙,第１四半期,プライム
2026-08-07,3878,巴川コーポレーション,2027-03-31,化学,第１四半期,スタンダード
2026-08-07,3895,ハビックス,2027-03-31,パルプ・紙,第１四半期,スタンダード
2026-08-07,3917,アイリッジ,2027-03-31,情報・通信業,第１四半期,グロース
2026-08-07,3918,ＰＣＩホールディングス,2027-03-31,情報・通信業,第１四半期,スタンダード
2026-08-07,3926,オープンドア,2027-03-31,情報・通信業,第１四半期,スタンダード
2026-08-07,3940,ノムラシステムコーポレーション,2026-12-31,情報・通信業,第２四半期,スタンダード
2026-08-07,3943,大石産業,2027-03-31,パルプ・紙,第１四半期,スタンダード
2026-08-07,3944,古林紙工,2026-12-31,パルプ・紙,第２四半期,スタンダード
2026-08-07,3945,スーパーバッグ,2027-03-31,パルプ・紙,第１四半期,スタンダード
2026-08-07,3948,光ビジネスフォーム,2026-12-31,パルプ・紙,第２四半期,スタンダード
2026-08-07,3950,ザ・パック,2026-12-31,パルプ・紙,第２四半期,プライム
2026-08-07,3951,朝日印刷,2027-03-31,パルプ・紙,第１四半期,スタンダード
2026-08-07,3958,笹徳印刷,2026-06-30,パルプ・紙,本決算,スタンダード
2026-08-07,3965,キャピタル・アセット・プランニング,2026-09-30,情報・通信業,第３四半期,スタンダード
2026-08-07,3997,トレードワークス,2026-12-31,情報・通信業,第２四半期,スタンダード
2026-08-07,3998,すららネット,2026-12-31,情報・通信業,第２四半期,グロース
2026-08-07,4021,日産化学,2027-03-31,化学,第１四半期,プライム
2026-08-07,4023,クレハ,2027-03-31,化学,第１四半期,プライム
2026-08-07,4027,テイカ,2027-03-31,化学,第１四半期,プライム
2026-08-07,4028,石原産業,2027-03-31,化学,第１四半期,プライム
2026-08-07,4031,片倉コープアグリ,2027-03-31,化学,第１四半期,スタンダード
2026-08-07,4041,日本曹達,2027-03-31,化学,第１四半期,プライム
2026-08-07,4061,デンカ,2027-03-31,化学,第１四半期,プライム
2026-08-07,4064,日本カーバイド工業,2027-03-31,化学,第１四半期,プライム
2026-08-07,4078,堺化学工業,2027-03-31,化学,第１四半期,プライム
2026-08-07,4082,第一稀元素化学工業,2027-03-31,化学,第１四半期,プライム
2026-08-07,4093,東邦アセチレン,2027-03-31,化学,第１四半期,スタンダード
2026-08-07,4095,日本パーカライジング,2027-03-31,化学,第１四半期,プライム
2026-08-07,4097,高圧ガス工業,2027-03-31,化学,第１四半期,プライム
2026-08-07,4098,チタン工業,2027-03-31,化学,第１四半期,スタンダード
2026-08-07,4100,戸田工業,2027-03-31,化学,第１四半期,スタンダード
2026-08-07,4102,丸尾カルシウム,2027-03-31,化学,第１四半期,スタンダード
2026-08-07,4114,日本触媒,2027-03-31,化学,第１四半期,プライム
2026-08-07,4125,三和油化工業,2027-03-31,化学,第１四半期,スタンダード
2026-08-07,4169,ＥＮＥＣＨＡＮＧＥ,2027-03-31,情報・通信業,第１四半期,グロース
2026-08-07,416A,富士ユナイトホールディングス,2027-03-31,卸売業,第１四半期,スタンダード
2026-08-07,4182,三菱瓦斯化学,2027-03-31,化学,第１四半期,プライム
2026-08-07,4208,ＵＢＥ,2027-03-31,化学,第１四半期,プライム
2026-08-07,4241,アテクト,2027-03-31,化学,第１四半期,スタンダード
2026-08-07,4242,タカギセイコー,2027-03-31,化学,第１四半期,スタンダード
2026-08-07,4243,ニックス,2026-09-30,化学,第３四半期,スタンダード
2026-08-07,4263,サスメド,2026-06-30,情報・通信業,本決算,グロース
2026-08-07,4275,カーリット,2027-03-31,化学,第１四半期,プライム
2026-08-07,431A,ユーソナー,2026-12-31,情報・通信業,第２四半期,グロース
2026-08-07,4335,ＩＰＳホールディングス,2026-06-30,情報・通信業,本決算,スタンダード
2026-08-07,4344,ソースネクスト,2026-12-31,情報・通信業,第２四半期,プライム
2026-08-07,4350,メディカルシステムネットワーク,2027-03-31,小売業,第１四半期,スタンダード
2026-08-07,4351,山田再生系債権回収総合事務所,2026-12-31,その他金融業,第２四半期,スタンダード
2026-08-07,4360,マナック・ケミカル・パートナーズ,2027-03-31,化学,第１四半期,スタンダード
2026-08-07,4368,扶桑化学工業,2027-03-31,化学,第１四半期,プライム
2026-08-07,4390,アイ・ピー・エス,2027-03-31,情報・通信業,第１四半期,プライム
2026-08-07,4392,ＦＩＧ,2026-12-31,情報・通信業,第２四半期,プライム
2026-08-07,4401,ＡＤＥＫＡ,2027-03-31,化学,第１四半期,プライム
2026-08-07,4406,新日本理化,2027-03-31,化学,第１四半期,スタンダード
2026-08-07,4447,ピー・ビーシステムズ,2026-09-30,情報・通信業,第３四半期,グロース
2026-08-07,4464,ソフト９９コーポレーション,2027-03-31,化学,第１四半期,スタンダード
2026-08-07,4492,ゼネテック,2027-03-31,情報・通信業,第１四半期,スタンダード
2026-08-07,4521,科研製薬,2027-03-31,医薬品,第１四半期,プライム
2026-08-07,4526,理研ビタミン,2027-03-31,食料品,第１四半期,プライム
2026-08-07,4543,テルモ,2027-03-31,精密機器,第１四半期,プライム
2026-08-07,4564,オンコセラピー・サイエンス,2027-03-31,医薬品,第１四半期,グロース
2026-08-07,4565,ネクセラファーマ,2026-12-31,医薬品,第２四半期,プライム
2026-08-07,4570,免疫生物研究所,2027-03-31,医薬品,第１四半期,グロース
2026-08-07,4571,ＮＡＮＯホールディングス,2027-03-31,医薬品,第１四半期,グロース
2026-08-07,4586,メドレックス,2026-12-31,医薬品,第２四半期,グロース
2026-08-07,4588,オンコリスバイオファーマ,2026-12-31,医薬品,第２四半期,グロース
2026-08-07,4598,Ｄｅｌｔａ－Ｆｌｙ　Ｐｈａｒｍａ,2027-03-31,医薬品,第１四半期,グロース
2026-08-07,4611,大日本塗料,2027-03-31,化学,第１四半期,プライム
2026-08-07,4612,日本ペイントホールディングス,2026-12-31,化学,第２四半期,プライム
2026-08-07,4613,関西ペイント,2027-03-31,化学,第１四半期,プライム
2026-08-07,4619,日本特殊塗料,2027-03-31,化学,第１四半期,スタンダード
2026-08-07,4620,藤倉化成,2027-03-31,化学,第１四半期,スタンダード
2026-08-07,4625,アトミクス,2027-03-31,化学,第１四半期,スタンダード
2026-08-07,4628,エスケー化研,2027-03-31,化学,第１四半期,スタンダード
2026-08-07,4629,大伸化学,2027-03-31,化学,第１四半期,スタンダード
2026-08-07,4633,サカタインクス,2026-12-31,化学,第２四半期,プライム
2026-08-07,4634,ａｒｔｉｅｎｃｅ,2026-12-31,化学,第２四半期,プライム
2026-08-07,4662,フォーカスシステムズ,2027-03-31,情報・通信業,第１四半期,プライム
2026-08-07,4667,アイサンテクノロジー,2027-03-31,情報・通信業,第１四半期,スタンダード
2026-08-07,4686,ジャストシステム,2027-03-31,情報・通信業,第１四半期,プライム
2026-08-07,4694,ビー・エム・エル,2027-03-31,サービス業,第１四半期,プライム
2026-08-07,4705,クリップコーポレーション,2027-03-31,サービス業,第１四半期,スタンダード
2026-08-07,4712,ＫｅｙＨｏｌｄｅｒ,2026-12-31,サービス業,第２四半期,スタンダード
2026-08-07,471A,ＮＳグループ,2026-12-31,その他金融業,第２四半期,プライム
2026-08-07,4751,サイバーエージェント,2026-09-30,サービス業,第３四半期,プライム
2026-08-07,4754,トスネット,2026-09-30,サービス業,第３四半期,スタンダード
2026-08-07,4767,テー・オー・ダブリュー,2026-06-30,サービス業,本決算,スタンダード
2026-08-07,4769,ＩＣ,2026-09-30,情報・通信業,第３四半期,スタンダード
2026-08-07,4783,ＮＣＤ,2027-03-31,情報・通信業,第１四半期,スタンダード
2026-08-07,4800,オリコン,2027-03-31,情報・通信業,第１四半期,スタンダード
2026-08-07,4801,セントラルスポーツ,2027-03-31,サービス業,第１四半期,プライム
2026-08-07,4912,ライオン,2026-12-31,化学,第２四半期,プライム
2026-08-07,4931,新日本製薬,2026-09-30,化学,第３四半期,プライム
2026-08-07,4933,Ｉ－ｎｅ,2026-12-31,化学,第２四半期,プライム
2026-08-07,4935,リベルタ,2026-12-31,化学,第２四半期,スタンダード
2026-08-07,4937,Ｗａｑｏｏ,2026-09-30,化学,第３四半期,グロース
2026-08-07,4966,上村工業,2027-03-31,化学,第１四半期,スタンダード
2026-08-07,4970,東洋合成工業,2027-03-31,化学,第１四半期,スタンダード
2026-08-07,4976,東洋ドライルーブ,2026-06-30,化学,本決算,スタンダード
2026-08-07,4977,新田ゼラチン,2027-03-31,化学,第１四半期,スタンダード
2026-08-07,4994,大成ラミックグループ,2027-03-31,化学,第１四半期,スタンダード
2026-08-07,4998,フマキラー,2027-03-31,化学,第１四半期,スタンダード
2026-08-07,5011,ニチレキグループ,2027-03-31,石油・石炭製品,第１四半期,プライム
2026-08-07,5013,ユシロ,2027-03-31,石油・石炭製品,第１四半期,スタンダード
2026-08-07,5019,出光興産,2027-03-31,石油・石炭製品,第１四半期,プライム
2026-08-07,5020,ＥＮＥＯＳホールディングス,2027-03-31,石油・石炭製品,第１四半期,プライム
2026-08-07,5076,インフロニア・ホールディングス,2027-03-31,建設業,第１四半期,プライム
2026-08-07,5105,ＴＯＹＯ　ＴＩＲＥ,2026-12-31,ゴム製品,第２四半期,プライム
2026-08-07,5108,ブリヂストン,2026-12-31,ゴム製品,第２四半期,プライム
2026-08-07,5122,オカモト,2027-03-31,ゴム製品,第１四半期,プライム
2026-08-07,5142,アキレス,2027-03-31,化学,第１四半期,プライム
2026-08-07,5184,ニチリン,2026-12-31,ゴム製品,第２四半期,スタンダード
2026-08-07,5186,ニッタ,2027-03-31,ゴム製品,第１四半期,プライム
2026-08-07,5192,三ツ星ベルト,2027-03-31,ゴム製品,第１四半期,プライム
2026-08-07,5194,相模ゴム工業,2027-03-31,ゴム製品,第１四半期,スタンダード
2026-08-07,5195,バンドー化学,2027-03-31,ゴム製品,第１四半期,プライム
2026-08-07,5202,日本板硝子,2027-03-31,ガラス・土石製品,第１四半期,プライム
2026-08-07,5216,倉元製作所,2026-12-31,ガラス・土石製品,第２四半期,スタンダード
2026-08-07,5237,ノザワ,2027-03-31,ガラス・土石製品,第１四半期,スタンダード
2026-08-07,5262,日本ヒューム,2027-03-31,ガラス・土石製品,第１四半期,プライム
2026-08-07,5268,旭コンクリート工業,2027-03-31,ガラス・土石製品,第１四半期,スタンダード
2026-08-07,5269,日本コンクリート工業,2027-03-31,ガラス・土石製品,第１四半期,プライム
2026-08-07,5287,イトーヨーギョー,2027-03-31,ガラス・土石製品,第１四半期,スタンダード
2026-08-07,5290,ベルテクスコーポレーション,2027-03-31,ガラス・土石製品,第１四半期,スタンダード
2026-08-07,5304,ＳＥＣカーボン,2027-03-31,ガラス・土石製品,第１四半期,スタンダード
2026-08-07,5310,東洋炭素,2026-12-31,ガラス・土石製品,第２四半期,プライム
2026-08-07,5331,ノリタケ,2027-03-31,ガラス・土石製品,第１四半期,プライム
2026-08-07,5357,ヨータイ,2027-03-31,ガラス・土石製品,第１四半期,プライム
2026-08-07,5381,マイポックス,2027-03-31,ガラス・土石製品,第１四半期,スタンダード
2026-08-07,5408,中山製鋼所,2027-03-31,鉄鋼,第１四半期,プライム
2026-08-07,5458,高砂鐵工,2027-03-31,鉄鋼,第１四半期,スタンダード
2026-08-07,5461,中部鋼鈑,2027-03-31,鉄鋼,第１四半期,プライム
2026-08-07,5463,丸一鋼管,2027-03-31,鉄鋼,第１四半期,プライム
2026-08-07,5491,日本金属,2027-03-31,鉄鋼,第１四半期,スタンダード
2026-08-07,5542,新報国マテリアル,2026-12-31,鉄鋼,第２四半期,スタンダード
2026-08-07,5570,ジェノバ,2026-09-30,情報・通信業,第３四半期,グロース
2026-08-07,5597,ブルーイノベーション,2026-12-31,情報・通信業,第２四半期,グロース
2026-08-07,5695,パウダーテック,2027-03-31,鉄鋼,第１四半期,スタンダード
2026-08-07,5706,三井金属,2027-03-31,非鉄金属,第１四半期,プライム
2026-08-07,5714,ＤＯＷＡホールディングス,2027-03-31,非鉄金属,第１四半期,プライム
2026-08-07,5726,大阪チタニウムテクノロジーズ,2027-03-31,非鉄金属,第１四半期,プライム
2026-08-07,5742,エヌアイシ・オートテック,2027-03-31,非鉄金属,第１四半期,スタンダード
2026-08-07,5753,日本伸銅,2027-03-31,非鉄金属,第１四半期,スタンダード
2026-08-07,5757,ＣＫサンエツ,2027-03-31,非鉄金属,第１四半期,プライム
2026-08-07,5803,フジクラ,2027-03-31,非鉄金属,第１四半期,プライム
2026-08-07,5805,ＳＷＣＣ,2027-03-31,非鉄金属,第１四半期,プライム
2026-08-07,5820,三ッ星,2027-03-31,非鉄金属,第１四半期,スタンダード
2026-08-07,5830,いよぎんホールディングス,2027-03-31,銀行業,第１四半期,プライム
2026-08-07,5843,ニッポンインシュア,2026-09-30,その他金融業,第３四半期,スタンダード
2026-08-07,5867,エスネットワークス,2026-12-31,サービス業,第２四半期,グロース
2026-08-07,5902,ホッカンホールディングス,2027-03-31,金属製品,第１四半期,プライム
2026-08-07,5922,那須電機鉄工,2027-03-31,金属製品,第１四半期,スタンダード
2026-08-07,5941,中西製作所,2027-03-31,金属製品,第１四半期,スタンダード
2026-08-07,5943,ノーリツ,2026-12-31,金属製品,第２四半期,プライム
2026-08-07,5946,長府製作所,2026-12-31,金属製品,第２四半期,プライム
2026-08-07,5950,日本パワーファスニング,2026-12-31,金属製品,第２四半期,スタンダード
2026-08-07,5952,アマテイ,2027-03-31,金属製品,第１四半期,スタンダード
2026-08-07,5957,日東精工,2026-12-31,金属製品,第２四半期,プライム
2026-08-07,5965,フジマック,2026-12-31,金属製品,第２四半期,スタンダード
2026-08-07,5966,京都機械工具,2027-03-31,金属製品,第１四半期,スタンダード
2026-08-07,5969,ロブテックス,2027-03-31,金属製品,第１四半期,スタンダード
2026-08-07,5975,東プレ,2027-03-31,金属製品,第１四半期,プライム
2026-08-07,5985,サンコール,2027-03-31,金属製品,第１四半期,スタンダード
2026-08-07,5986,モリテック　スチール,2027-03-31,金属製品,第１四半期,スタンダード
2026-08-07,5997,協立エアテック,2026-12-31,金属製品,第２四半期,スタンダード
2026-08-07,5998,アドバネクス,2027-03-31,金属製品,第１四半期,スタンダード
2026-08-07,6005,三浦工業,2027-03-31,機械,第１四半期,プライム
2026-08-07,6029,アトラグループ,2026-12-31,サービス業,第２四半期,スタンダード
2026-08-07,6055,ジャパンマテリアル,2027-03-31,サービス業,第１四半期,プライム
2026-08-07,6072,地盤ネットホールディングス,2027-03-31,サービス業,第１四半期,スタンダード
2026-08-07,6073,アサンテ,2027-03-31,サービス業,第１四半期,プライム
2026-08-07,6087,アビスト,2026-09-30,サービス業,第３四半期,スタンダード
2026-08-07,6089,ウィルグループ,2027-03-31,サービス業,第１四半期,プライム
2026-08-07,6090,ヒューマン・メタボローム・テクノロジーズ,2026-06-30,サービス業,本決算,スタンダード
2026-08-07,6098,リクルートホールディングス,2027-03-31,サービス業,第１四半期,プライム
2026-08-07,6138,ダイジェット工業,2027-03-31,機械,第１四半期,スタンダード
2026-08-07,6140,旭ダイヤモンド工業,2027-03-31,機械,第１四半期,プライム
2026-08-07,6143,ソディック,2026-12-31,機械,第２四半期,プライム
2026-08-07,6145,ＮＩＴＴＯＫＵ,2027-03-31,機械,第１四半期,スタンダード
2026-08-07,6147,ヤマザキ,2027-03-31,機械,第１四半期,スタンダード
2026-08-07,6151,日東工器,2027-03-31,機械,第１四半期,プライム
2026-08-07,6155,高松機械工業,2027-03-31,機械,第１四半期,スタンダード
2026-08-07,6165,パンチ工業,2027-03-31,機械,第１四半期,スタンダード
2026-08-07,6167,冨士ダイス,2027-03-31,機械,第１四半期,プライム
2026-08-07,6171,土木管理総合試験所,2026-12-31,サービス業,第２四半期,スタンダード
2026-08-07,6178,日本郵政,2027-03-31,サービス業,第１四半期,プライム
2026-08-07,6186,一蔵,2027-03-31,サービス業,第１四半期,スタンダード
2026-08-07,6208,石川製作所,2027-03-31,機械,第１四半期,スタンダード
2026-08-07,6209,リケンＮＰＲ,2027-03-31,機械,第１四半期,プライム
2026-08-07,6223,西部技研,2026-12-31,機械,第２四半期,スタンダード
2026-08-07,6227,ＡＩメカテック,2026-06-30,機械,本決算,スタンダード
2026-08-07,6231,木村工機,2027-03-31,機械,第１四半期,スタンダード
2026-08-07,6233,ＫＬＡＳＳ,2026-09-30,機械,第３四半期,スタンダード
2026-08-07,6235,オプトラン,2026-12-31,機械,第２四半期,プライム
2026-08-07,6237,イワキ,2027-03-31,機械,第１四半期,プライム
2026-08-07,6238,フリュー,2027-03-31,機械,第１四半期,プライム
2026-08-07,6239,ナガオカ,2026-06-30,機械,本決算,スタンダード
2026-08-07,6240,ヤマシンフィルタ,2027-03-31,機械,第１四半期,プライム
2026-08-07,6245,ヒラノテクシード,2027-03-31,機械,第１四半期,スタンダード
2026-08-07,6246,テクノスマート,2027-03-31,機械,第１四半期,スタンダード
2026-08-07,6247,日阪製作所,2027-03-31,機械,第１四半期,プライム
2026-08-07,6248,横田製作所,2027-03-31,機械,第１四半期,スタンダード
2026-08-07,6250,やまびこ,2026-12-31,機械,第２四半期,プライム
2026-08-07,6254,野村マイクロ・サイエンス,2027-03-31,機械,第１四半期,プライム
2026-08-07,6258,平田機工,2027-03-31,機械,第１四半期,プライム
2026-08-07,6269,三井海洋開発,2026-12-31,機械,第２四半期,プライム
2026-08-07,6273,ＳＭＣ,2027-03-31,機械,第１四半期,プライム
2026-08-07,6277,ホソカワミクロン,2026-09-30,機械,第３四半期,プライム
2026-08-07,6286,靜甲,2027-03-31,機械,第１四半期,スタンダード
2026-08-07,6294,オカダアイヨン,2027-03-31,機械,第１四半期,プライム
2026-08-07,6310,井関農機,2026-12-31,機械,第２四半期,プライム
2026-08-07,6317,北川鉄工所,2027-03-31,機械,第１四半期,スタンダード
2026-08-07,6324,ハーモニック・ドライブ・システムズ,2027-03-31,機械,第１四半期,プライム
2026-08-07,6330,東洋エンジニアリング,2027-03-31,建設業,第１四半期,プライム
2026-08-07,6334,明治機械,2027-03-31,機械,第１四半期,スタンダード
2026-08-07,6338,タカトリ,2026-09-30,機械,第３四半期,スタンダード
2026-08-07,6339,新東工業,2027-03-31,機械,第１四半期,プライム
2026-08-07,6351,鶴見製作所,2027-03-31,機械,第１四半期,プライム
2026-08-07,6360,東京自働機械製作所,2027-03-31,機械,第１四半期,スタンダード
2026-08-07,6365,電業社機械製作所,2027-03-31,機械,第１四半期,スタンダード
2026-08-07,6369,トーヨーカネツ,2027-03-31,機械,第１四半期,プライム
2026-08-07,6378,木村化工機,2027-03-31,機械,第１四半期,スタンダード
2026-08-07,6379,レイズネクスト,2027-03-31,建設業,第１四半期,プライム
2026-08-07,6390,加藤製作所,2027-03-31,機械,第１四半期,プライム
2026-08-07,6392,ヤマダコーポレーション,2027-03-31,機械,第１四半期,スタンダード
2026-08-07,6393,油研工業,2027-03-31,機械,第１四半期,スタンダード
2026-08-07,6396,宇野澤組鐵工所,2027-03-31,機械,第１四半期,スタンダード
2026-08-07,6400,不二精機,2026-12-31,機械,第２四半期,スタンダード
2026-08-07,6405,鈴茂器工,2027-03-31,機械,第１四半期,スタンダード
2026-08-07,6412,平和,2027-03-31,機械,第１四半期,プライム
2026-08-07,6425,ユニバーサルエンターテインメント,2026-12-31,機械,第２四半期,スタンダード
2026-08-07,6428,オーイズミ,2027-03-31,機械,第１四半期,スタンダード
2026-08-07,6430,ダイコク電機,2027-03-31,機械,第１四半期,プライム
2026-08-07,6433,ヒーハイスト,2027-03-31,機械,第１四半期,スタンダード
2026-08-07,6444,サンデン,2026-12-31,機械,第２四半期,スタンダード
2026-08-07,6445,ジャノメ,2027-03-31,機械,第１四半期,プライム
2026-08-07,6457,グローリー,2027-03-31,機械,第１四半期,プライム
2026-08-07,6460,セガサミーホールディングス,2027-03-31,機械,第１四半期,プライム
2026-08-07,6463,ＴＰＲ,2027-03-31,機械,第１四半期,プライム
2026-08-07,6466,ＴＶＥ,2026-09-30,機械,第３四半期,スタンダード
2026-08-07,6480,日本トムソン,2027-03-31,機械,第１四半期,プライム
2026-08-07,6482,ＹＵＳＨＩＮ,2027-03-31,機械,第１四半期,スタンダード
2026-08-07,6492,岡野バルブ製造,2026-09-30,機械,第３四半期,スタンダード
2026-08-07,6498,キッツ,2026-12-31,機械,第２四半期,プライム
2026-08-07,6507,シンフォニアテクノロジー,2027-03-31,電気機器,第１四半期,プライム
2026-08-07,6518,三相電機,2027-03-31,電気機器,第１四半期,スタンダード
2026-08-07,6549,ディーエムソリューションズ,2027-03-31,サービス業,第１四半期,スタンダード
2026-08-07,6568,神戸天然物化学,2027-03-31,サービス業,第１四半期,グロース
2026-08-07,6580,ライトアップ,2027-03-31,サービス業,第１四半期,グロース
2026-08-07,6584,三櫻工業,2027-03-31,輸送用機器,第１四半期,プライム
2026-08-07,6588,東芝テック,2027-03-31,電気機器,第１四半期,プライム
2026-08-07,6612,バルミューダ,2026-12-31,電気機器,第２四半期,グロース
2026-08-07,6620,宮越ホールディングス,2027-03-31,不動産業,第１四半期,プライム
2026-08-07,6626,ＳＥＭＩＴＥＣ,2027-03-31,電気機器,第１四半期,スタンダード
2026-08-07,6633,ＣＧＳホールディングス,2026-12-31,電気機器,第２四半期,スタンダード
2026-08-07,6637,寺崎電気産業,2027-03-31,電気機器,第１四半期,スタンダード
2026-08-07,6638,ミマキエンジニアリング,2027-03-31,電気機器,第１四半期,プライム
2026-08-07,6647,森尾電機,2027-03-31,電気機器,第１四半期,スタンダード
2026-08-07,6648,かわでん,2027-03-31,電気機器,第１四半期,スタンダード
2026-08-07,6662,ユビテック,2026-06-30,電気機器,本決算,スタンダード
2026-08-07,6675,サクサ,2027-03-31,電気機器,第１四半期,スタンダード
2026-08-07,6699,ダイヤモンドエレクトリックホールディングス,2027-03-31,電気機器,第１四半期,スタンダード
2026-08-07,6706,電気興業,2027-03-31,電気機器,第１四半期,プライム
2026-08-07,6742,京三製作所,2027-03-31,電気機器,第１四半期,プライム
2026-08-07,6743,大同信号,2027-03-31,電気機器,第１四半期,スタンダード
2026-08-07,6753,シャープ,2027-03-31,電気機器,第１四半期,プライム
2026-08-07,6772,東京コスモス電機,2027-03-31,電気機器,第１四半期,スタンダード
2026-08-07,6775,ＴＢグループ,2027-03-31,電気機器,第１四半期,スタンダード
2026-08-07,6777,ｓａｎｔｅｃ　Ｈｏｌｄｉｎｇｓ,2027-03-31,電気機器,第１四半期,スタンダード
2026-08-07,6779,日本電波工業,2027-03-31,電気機器,第１四半期,プライム
2026-08-07,6794,フォスター電機,2027-03-31,電気機器,第１四半期,プライム
2026-08-07,6803,ティアック,2027-03-31,電気機器,第１四半期,スタンダード
2026-08-07,6804,ホシデン,2027-03-31,電気機器,第１四半期,プライム
2026-08-07,6836,ぷらっとホーム,2027-03-31,電気機器,第１四半期,スタンダード
2026-08-07,6837,京写,2027-03-31,電気機器,第１四半期,スタンダード
2026-08-07,6844,新電元工業,2027-03-31,電気機器,第１四半期,プライム
2026-08-07,6848,東亜ディーケーケー,2027-03-31,電気機器,第１四半期,スタンダード
2026-08-07,6853,共和電業,2026-12-31,電気機器,第２四半期,スタンダード
2026-08-07,6855,日本電子材料,2027-03-31,電気機器,第１四半期,スタンダード
2026-08-07,6856,堀場製作所,2026-12-31,電気機器,第２四半期,プライム
2026-08-07,6863,ニレコ,2027-03-31,電気機器,第１四半期,スタンダード
2026-08-07,6869,シスメックス,2027-03-31,電気機器,第１四半期,プライム
2026-08-07,6899,ＡＳＴＩ,2027-03-31,電気機器,第１四半期,スタンダード
2026-08-07,6907,ジオマテック,2027-03-31,電気機器,第１四半期,スタンダード
2026-08-07,6915,千代田インテグレ,2026-12-31,電気機器,第２四半期,スタンダード
2026-08-07,6919,ケル,2027-03-31,電気機器,第１四半期,スタンダード
2026-08-07,6929,日本セラミック,2026-12-31,電気機器,第２四半期,プライム
2026-08-07,6964,サンコー,2027-03-31,電気機器,第１四半期,スタンダード
2026-08-07,6982,リード,2027-03-31,輸送用機器,第１四半期,スタンダード
2026-08-07,6986,双葉電子工業,2027-03-31,電気機器,第１四半期,プライム
2026-08-07,6989,北陸電気工業,2027-03-31,電気機器,第１四半期,スタンダード
2026-08-07,6993,大黒屋ホールディングス,2027-03-31,小売業,第１四半期,スタンダード
2026-08-07,6997,日本ケミコン,2027-03-31,電気機器,第１四半期,プライム
2026-08-07,7012,川崎重工業,2027-03-31,輸送用機器,第１四半期,プライム
2026-08-07,7021,ニッチツ,2027-03-31,機械,第１四半期,スタンダード
2026-08-07,7030,スプリックス,2026-09-30,サービス業,第３四半期,スタンダード
2026-08-07,7040,サン・ライフホールディング,2027-03-31,サービス業,第１四半期,スタンダード
2026-08-07,7043,アルー,2026-12-31,サービス業,第２四半期,グロース
2026-08-07,7060,ギークス,2027-03-31,サービス業,第１四半期,スタンダード
2026-08-07,7067,ブランディングテクノロジー,2027-03-31,サービス業,第１四半期,グロース
2026-08-07,7079,ＷＤＢココ,2027-03-31,サービス業,第１四半期,グロース
2026-08-07,7161,じもとホールディングス,2027-03-31,銀行業,第１四半期,スタンダード
2026-08-07,7180,九州フィナンシャルグループ,2027-03-31,銀行業,第１四半期,プライム
2026-08-07,7181,かんぽ生命保険,2027-03-31,保険業,第１四半期,プライム
2026-08-07,7182,ゆうちょ銀行,2027-03-31,銀行業,第１四半期,プライム
2026-08-07,7187,ジェイリース,2027-03-31,その他金融業,第１四半期,プライム
2026-08-07,7192,日本モーゲージサービス,2027-03-31,その他金融業,第１四半期,スタンダード
2026-08-07,7213,レシップホールディングス,2027-03-31,輸送用機器,第１四半期,スタンダード
2026-08-07,7214,ＧＭＢ,2027-03-31,輸送用機器,第１四半期,スタンダード
2026-08-07,7217,テイン,2027-03-31,輸送用機器,第１四半期,スタンダード
2026-08-07,7235,東京ラヂエーター製造,2027-03-31,輸送用機器,第１四半期,スタンダード
2026-08-07,7244,市光工業,2026-12-31,電気機器,第２四半期,プライム
2026-08-07,7245,大同メタル工業,2027-03-31,輸送用機器,第１四半期,プライム
2026-08-07,7247,ミクニ,2027-03-31,輸送用機器,第１四半期,スタンダード
2026-08-07,7264,ムロコーポレーション,2027-03-31,輸送用機器,第１四半期,スタンダード
2026-08-07,7266,今仙電機製作所,2027-03-31,輸送用機器,第１四半期,スタンダード
2026-08-07,7287,日本精機,2027-03-31,輸送用機器,第１四半期,スタンダード
2026-08-07,7291,日本プラスト,2027-03-31,輸送用機器,第１四半期,スタンダード
2026-08-07,7294,ヨロズ,2027-03-31,輸送用機器,第１四半期,プライム
2026-08-07,7305,新家工業,2027-03-31,鉄鋼,第１四半期,スタンダード
2026-08-07,7313,テイ・エス　テック,2027-03-31,輸送用機器,第１四半期,プライム
2026-08-07,7314,小田原機器,2026-12-31,輸送用機器,第２四半期,スタンダード
2026-08-07,7318,セレンディップ・ホールディングス,2027-03-31,輸送用機器,第１四半期,グロース
2026-08-07,7358,ポピンズ,2026-12-31,サービス業,第２四半期,スタンダード
2026-08-07,7377,ＤＮホールディングス,2026-06-30,サービス業,本決算,スタンダード
2026-08-07,7399,ナンシン,2027-03-31,輸送用機器,第１四半期,スタンダード
2026-08-07,7413,創健社,2027-03-31,卸売業,第１四半期,スタンダード
2026-08-07,7414,小野建,2027-03-31,卸売業,第１四半期,プライム
2026-08-07,7416,はるやまホールディングス,2027-03-31,小売業,第１四半期,スタンダード
2026-08-07,7417,南陽,2027-03-31,卸売業,第１四半期,スタンダード
2026-08-07,7425,初穂商事,2026-12-31,卸売業,第２四半期,スタンダード
2026-08-07,7426,山大,2027-03-31,卸売業,第１四半期,スタンダード
2026-08-07,7438,コンドーテック,2027-03-31,卸売業,第１四半期,プライム
2026-08-07,7443,横浜魚類,2027-03-31,卸売業,第１四半期,スタンダード
2026-08-07,7456,松田産業,2027-03-31,卸売業,第１四半期,プライム
2026-08-07,7466,ＳＰＫ,2027-03-31,卸売業,第１四半期,プライム
2026-08-07,7472,鳥羽洋行,2027-03-31,卸売業,第１四半期,スタンダード
2026-08-07,7482,シモジマ,2027-03-31,卸売業,第１四半期,プライム
2026-08-07,7490,日新商事,2027-03-31,卸売業,第１四半期,スタンダード
2026-08-07,7500,西川計測,2026-06-30,卸売業,本決算,スタンダード
2026-08-07,7509,アイエーグループ,2027-03-31,小売業,第１四半期,スタンダード
2026-08-07,7523,アールビバン,2027-03-31,小売業,第１四半期,スタンダード
2026-08-07,7525,リックス,2027-03-31,卸売業,第１四半期,プライム
2026-08-07,7527,システムソフト,2026-09-30,情報・通信業,第３四半期,スタンダード
2026-08-07,7531,清和中央ホールディングス,2026-12-31,卸売業,第２四半期,スタンダード
2026-08-07,7538,大水,2027-03-31,卸売業,第１四半期,スタンダード
2026-08-07,7550,ゼンショーホールディングス,2027-03-31,小売業,第１四半期,プライム
2026-08-07,7606,ユナイテッドアローズ,2027-03-31,小売業,第１四半期,プライム
2026-08-07,7613,シークス,2026-12-31,卸売業,第２四半期,プライム
2026-08-07,7621,うかい,2027-03-31,小売業,第１四半期,スタンダード
2026-08-07,7634,星医療酸器,2027-03-31,卸売業,第１四半期,スタンダード
2026-08-07,7637,白銅,2027-03-31,卸売業,第１四半期,プライム
2026-08-07,7681,レオクラン,2026-09-30,卸売業,第３四半期,スタンダード
2026-08-07,7702,ＪＭＳ,2027-03-31,精密機器,第１四半期,スタンダード
2026-08-07,7709,クボテック,2027-03-31,精密機器,第１四半期,スタンダード
2026-08-07,7716,ナカニシ,2026-12-31,精密機器,第２四半期,スタンダード
2026-08-07,7717,ブイ・テクノロジー,2027-03-31,精密機器,第１四半期,プライム
2026-08-07,7722,国際計測器,2027-03-31,精密機器,第１四半期,スタンダード
2026-08-07,7727,オーバル,2027-03-31,精密機器,第１四半期,スタンダード
2026-08-07,7733,オリンパス,2027-03-31,精密機器,第１四半期,プライム
2026-08-07,7740,タムロン,2026-12-31,精密機器,第２四半期,プライム
2026-08-07,7746,岡本硝子,2027-03-31,精密機器,第１四半期,スタンダード
2026-08-07,7749,メディキット,2027-03-31,精密機器,第１四半期,スタンダード
2026-08-07,7769,リズム,2027-03-31,精密機器,第１四半期,プライム
2026-08-07,7771,日本精密,2027-03-31,精密機器,第１四半期,スタンダード
2026-08-07,7780,メニコン,2027-03-31,精密機器,第１四半期,プライム
2026-08-07,7791,ドリームベッド,2027-03-31,その他製品,第１四半期,スタンダード
2026-08-07,7792,コラントッテ,2026-09-30,その他製品,第３四半期,グロース
2026-08-07,7813,プラッツ,2026-06-30,その他製品,本決算,スタンダード
2026-08-07,7821,前田工繊,2026-06-30,その他製品,本決算,プライム
2026-08-07,7822,永大産業,2027-03-31,その他製品,第１四半期,スタンダード
2026-08-07,7840,フランスベッドホールディングス,2027-03-31,その他製品,第１四半期,プライム
2026-08-07,7863,平賀,2027-03-31,その他製品,第１四半期,スタンダード
2026-08-07,7868,広済堂ホールディングス,2027-03-31,その他製品,第１四半期,プライム
2026-08-07,7871,フクビ化学工業,2027-03-31,化学,第１四半期,スタンダード
2026-08-07,7874,レック,2027-03-31,化学,第１四半期,プライム
2026-08-07,7877,永大化工,2027-03-31,化学,第１四半期,スタンダード
2026-08-07,7887,南海プライウッド,2027-03-31,その他製品,第１四半期,スタンダード
2026-08-07,7898,ウッドワン,2027-03-31,その他製品,第１四半期,スタンダード
2026-08-07,7912,大日本印刷,2027-03-31,その他製品,第１四半期,プライム
2026-08-07,7914,共同印刷,2027-03-31,その他製品,第１四半期,プライム
2026-08-07,7916,光村印刷,2027-03-31,その他製品,第１四半期,スタンダード
2026-08-07,7932,ニッピ,2027-03-31,その他製品,第１四半期,スタンダード
2026-08-07,7937,ツツミ,2027-03-31,その他製品,第１四半期,スタンダード
2026-08-07,7944,ローランド,2026-12-31,その他製品,第２四半期,プライム
2026-08-07,7952,河合楽器製作所,2027-03-31,その他製品,第１四半期,プライム
2026-08-07,7953,菊水化学工業,2027-03-31,その他製品,第１四半期,スタンダード
2026-08-07,7980,重松製作所,2027-03-31,その他製品,第１四半期,スタンダード
2026-08-07,7987,ナカバヤシ,2027-03-31,その他製品,第１四半期,スタンダード
2026-08-07,7990,グローブライド,2027-03-31,その他製品,第１四半期,プライム
2026-08-07,7994,オカムラ,2027-03-31,その他製品,第１四半期,プライム
2026-08-07,8006,ユアサ・フナショク,2027-03-31,卸売業,第１四半期,スタンダード
2026-08-07,8018,三共生興,2027-03-31,卸売業,第１四半期,スタンダード
2026-08-07,8022,美津濃,2027-03-31,その他製品,第１四半期,プライム
2026-08-07,8025,ツカモトコーポレーション,2027-03-31,卸売業,第１四半期,スタンダード
2026-08-07,8032,日本紙パルプ商事,2027-03-31,卸売業,第１四半期,プライム
2026-08-07,8050,セイコーグループ,2027-03-31,精密機器,第１四半期,プライム
2026-08-07,8061,西華産業,2027-03-31,卸売業,第１四半期,プライム
2026-08-07,8074,ＹＵＡＳＡ,2027-03-31,卸売業,第１四半期,プライム
2026-08-07,8078,阪和興業,2027-03-31,卸売業,第１四半期,プライム
2026-08-07,8089,ナイス,2027-03-31,卸売業,第１四半期,スタンダード
2026-08-07,8091,ニチモウ,2027-03-31,卸売業,第１四半期,プライム
2026-08-07,8093,極東貿易,2027-03-31,卸売業,第１四半期,プライム
2026-08-07,8104,クワザワホールディングス,2027-03-31,卸売業,第１四半期,スタンダード
2026-08-07,8118,キング,2027-03-31,繊維製品,第１四半期,スタンダード
2026-08-07,8123,川辺,2027-03-31,卸売業,第１四半期,スタンダード
2026-08-07,8131,ミツウロコグループホールディングス,2027-03-31,卸売業,第１四半期,スタンダード
2026-08-07,8135,ゼット,2027-03-31,卸売業,第１四半期,スタンダード
2026-08-07,8139,ナガホリ,2027-03-31,卸売業,第１四半期,スタンダード
2026-08-07,8144,デンキョーグループホールディングス,2027-03-31,卸売業,第１四半期,スタンダード
2026-08-07,8147,トミタ,2027-03-31,卸売業,第１四半期,スタンダード
2026-08-07,8153,モスフードサービス,2027-03-31,卸売業,第１四半期,プライム
2026-08-07,8163,ＳＲＳホールディングス,2027-03-31,小売業,第１四半期,プライム
2026-08-07,8165,千趣会,2026-12-31,小売業,第２四半期,スタンダード
2026-08-07,8179,ロイヤルホールディングス,2026-12-31,小売業,第２四半期,プライム
2026-08-07,8207,テンアライド,2027-03-31,小売業,第１四半期,スタンダード
2026-08-07,8214,ＡＯＫＩホールディングス,2027-03-31,小売業,第１四半期,プライム
2026-08-07,8226,理経,2027-03-31,卸売業,第１四半期,スタンダード
2026-08-07,8354,ふくおかフィナンシャルグループ,2027-03-31,銀行業,第１四半期,プライム
2026-08-07,8361,大垣共立銀行,2027-03-31,銀行業,第１四半期,プライム
2026-08-07,8387,四国銀行,2027-03-31,銀行業,第１四半期,プライム
2026-08-07,8392,大分銀行,2027-03-31,銀行業,第１四半期,プライム
2026-08-07,8410,セブン銀行,2027-03-31,銀行業,第１四半期,プライム
2026-08-07,8416,高知銀行,2027-03-31,銀行業,第１四半期,スタンダード
2026-08-07,8418,山口フィナンシャルグループ,2027-03-31,銀行業,第１四半期,プライム
2026-08-07,8508,Ｊトラスト,2026-12-31,その他金融業,第２四半期,スタンダード
2026-08-07,8593,三菱ＨＣキャピタル,2027-03-31,その他金融業,第１四半期,プライム
2026-08-07,8600,トモニホールディングス,2027-03-31,銀行業,第１四半期,プライム
2026-08-07,8713,フィデアホールディングス,2027-03-31,銀行業,第１四半期,プライム
2026-08-07,8715,アニコム　ホールディングス,2027-03-31,保険業,第１四半期,プライム
2026-08-07,8742,小林洋行,2027-03-31,証券、商品先物取引業,第１四半期,スタンダード
2026-08-07,8747,豊トラスティ証券,2027-03-31,証券、商品先物取引業,第１四半期,スタンダード
2026-08-07,8750,第一ライフグループ,2027-03-31,保険業,第１四半期,プライム
2026-08-07,8771,イー・ギャランティ,2027-03-31,その他金融業,第１四半期,プライム
2026-08-07,8795,Ｔ＆Ｄホールディングス,2027-03-31,保険業,第１四半期,プライム
2026-08-07,8801,三井不動産,2027-03-31,不動産業,第１四半期,プライム
2026-08-07,8848,レオパレス２１,2027-03-31,不動産業,第１四半期,プライム
2026-08-07,8850,スターツコーポレーション,2027-03-31,不動産業,第１四半期,プライム
2026-08-07,8881,日神グループホールディングス,2027-03-31,不動産業,第１四半期,プライム
2026-08-07,8891,ＡＭＧホールディングス,2027-03-31,不動産業,第１四半期,スタンダード
2026-08-07,8897,ＭＩＲＡＲＴＨホールディングス,2027-03-31,不動産業,第１四半期,プライム
2026-08-07,8919,カチタス,2027-03-31,不動産業,第１四半期,プライム
2026-08-07,8929,青山財産ネットワークス,2026-12-31,不動産業,第２四半期,スタンダード
2026-08-07,8995,誠建設工業,2027-03-31,不動産業,第１四半期,スタンダード
2026-08-07,8996,ハウスフリーダム,2026-12-31,不動産業,第２四半期,スタンダード
2026-08-07,9005,東急,2027-03-31,陸運業,第１四半期,プライム
2026-08-07,9007,小田急電鉄,2027-03-31,陸運業,第１四半期,プライム
2026-08-07,9034,南総通運,2027-03-31,陸運業,第１四半期,スタンダード
2026-08-07,9045,京阪ホールディングス,2027-03-31,陸運業,第１四半期,プライム
2026-08-07,9049,京福電気鉄道,2027-03-31,陸運業,第１四半期,スタンダード
2026-08-07,9052,山陽電気鉄道,2027-03-31,陸運業,第１四半期,プライム
2026-08-07,9057,遠州トラック,2027-03-31,陸運業,第１四半期,スタンダード
2026-08-07,9063,岡山県貨物運送,2027-03-31,陸運業,第１四半期,スタンダード
2026-08-07,9072,ニッコンホールディングス,2027-03-31,陸運業,第１四半期,プライム
2026-08-07,9074,日本石油輸送,2027-03-31,陸運業,第１四半期,スタンダード
2026-08-07,9104,商船三井,2027-03-31,海運業,第１四半期,プライム
2026-08-07,9143,ＳＧホールディングス,2027-03-31,陸運業,第１四半期,プライム
2026-08-07,9147,ＮＩＰＰＯＮ　ＥＸＰＲＥＳＳホールディングス,2026-12-31,陸運業,第２四半期,プライム
2026-08-07,9165,クオルテック,2026-06-30,サービス業,本決算,グロース
2026-08-07,9171,栗林商船,2027-03-31,海運業,第１四半期,スタンダード
2026-08-07,9204,スカイマーク,2027-03-31,空運業,第１四半期,グロース
2026-08-07,9233,アジア航測,2026-09-30,空運業,第３四半期,スタンダード
2026-08-07,9245,リベロ,2026-12-31,サービス業,第２四半期,グロース
2026-08-07,9249,日本エコシステム,2026-09-30,サービス業,第３四半期,スタンダード
2026-08-07,9256,サクシード,2027-03-31,サービス業,第１四半期,グロース
2026-08-07,9268,オプティマスグループ,2027-03-31,卸売業,第１四半期,スタンダード
2026-08-07,9273,コーア商事ホールディングス,2026-06-30,卸売業,本決算,プライム
2026-08-07,9274,ＫＰＰグループホールディングス,2027-03-31,卸売業,第１四半期,プライム
2026-08-07,9303,住友倉庫,2027-03-31,倉庫・運輸関連業,第１四半期,プライム
2026-08-07,9304,澁澤倉庫,2027-03-31,倉庫・運輸関連業,第１四半期,プライム
2026-08-07,9305,ヤマタネ,2027-03-31,卸売業,第１四半期,プライム
2026-08-07,9308,乾汽船,2027-03-31,海運業,第１四半期,スタンダード
2026-08-07,9310,日本トランスシティ,2027-03-31,倉庫・運輸関連業,第１四半期,プライム
2026-08-07,9312,ケイヒン,2027-03-31,倉庫・運輸関連業,第１四半期,スタンダード
2026-08-07,9319,中央倉庫,2027-03-31,倉庫・運輸関連業,第１四半期,プライム
2026-08-07,9330,揚羽,2026-09-30,サービス業,第３四半期,グロース
2026-08-07,9339,コーチ・エィ,2026-12-31,サービス業,第２四半期,スタンダード
2026-08-07,9340,アソインターナショナル,2026-06-30,サービス業,本決算,スタンダード
2026-08-07,9342,スマサポ,2026-09-30,サービス業,第３四半期,グロース
2026-08-07,9348,ｉｓｐａｃｅ,2027-03-31,サービス業,第１四半期,グロース
2026-08-07,9360,鈴与シンワート,2027-03-31,情報・通信業,第１四半期,スタンダード
2026-08-07,9366,サンリツ,2027-03-31,倉庫・運輸関連業,第１四半期,スタンダード
2026-08-07,9409,テレビ朝日ホールディングス,2027-03-31,情報・通信業,第１四半期,プライム
2026-08-07,9421,エヌジェイホールディングス,2026-06-30,情報・通信業,本決算,スタンダード
2026-08-07,9423,フォーバル・リアルストレート,2027-03-31,情報・通信業,第１四半期,スタンダード
2026-08-07,9433,ＫＤＤＩ,2027-03-31,情報・通信業,第１四半期,プライム
2026-08-07,9446,サカイホールディングス,2026-09-30,情報・通信業,第３四半期,スタンダード
2026-08-07,9470,学研ホールディングス,2026-09-30,情報・通信業,第３四半期,プライム
2026-08-07,9475,昭文社ホールディングス,2027-03-31,情報・通信業,第１四半期,スタンダード
2026-08-07,9535,広島ガス,2027-03-31,電気・ガス業,第１四半期,プライム
2026-08-07,9562,ビジネスコーチ,2026-09-30,サービス業,第３四半期,グロース
2026-08-07,9616,共立メンテナンス,2027-03-31,サービス業,第１四半期,プライム
2026-08-07,9635,武蔵野興業,2027-03-31,サービス業,第１四半期,スタンダード
2026-08-07,9672,東京都競馬,2026-12-31,サービス業,第２四半期,プライム
2026-08-07,9685,ＫＹＣＯＭホールディングス,2027-03-31,情報・通信業,第１四半期,スタンダード
2026-08-07,9702,アイ・エス・ビー,2026-12-31,情報・通信業,第２四半期,プライム
2026-08-07,9706,日本空港ビルデング,2027-03-31,不動産業,第１四半期,プライム
2026-08-07,9723,京都ホテル,2027-03-31,サービス業,第１四半期,スタンダード
2026-08-07,9729,トーカイ,2027-03-31,サービス業,第１四半期,プライム
2026-08-07,9735,セコム,2027-03-31,サービス業,第１四半期,プライム
2026-08-07,9746,ＴＫＣ,2026-09-30,情報・通信業,第３四半期,プライム
2026-08-07,9753,アイエックス・ナレッジ,2027-03-31,情報・通信業,第１四半期,スタンダード
2026-08-07,9757,船井総研ホールディングス,2026-12-31,サービス業,第２四半期,プライム
2026-08-07,9790,福井コンピュータホールディングス,2027-03-31,情報・通信業,第１四半期,プライム
2026-08-07,9799,旭情報サービス,2027-03-31,情報・通信業,第１四半期,スタンダード
2026-08-07,9820,エムティジェネックス,2027-03-31,不動産業,第１四半期,スタンダード
2026-08-07,9823,マミーマートホールディングス,2026-09-30,小売業,第３四半期,スタンダード
2026-08-07,9827,リリカラ,2026-12-31,卸売業,第２四半期,スタンダード
2026-08-07,9830,トラスコ中山,2026-12-31,卸売業,第２四半期,プライム
2026-08-07,9843,ニトリホールディングス,2027-03-31,小売業,第１四半期,プライム
2026-08-07,9857,英和,2027-03-31,卸売業,第１四半期,スタンダード
2026-08-07,9867,ソレキア,2027-03-31,卸売業,第１四半期,スタンダード
2026-08-07,9869,加藤産業,2026-09-30,卸売業,第３四半期,プライム
2026-08-07,9885,シャルレ,2027-03-31,卸売業,第１四半期,スタンダード
2026-08-07,9888,ＵＥＸ,2027-03-31,卸売業,第１四半期,スタンダード
2026-08-07,9895,コンセック,2027-03-31,卸売業,第１四半期,スタンダード
2026-08-07,9896,ＪＫホールディングス,2027-03-31,卸売業,第１四半期,スタンダード
2026-08-07,9904,ベリテ,2027-03-31,小売業,第１四半期,スタンダード
2026-08-07,9906,藤井産業,2027-03-31,卸売業,第１四半期,スタンダード
2026-08-07,9908,日本電計,2027-03-31,卸売業,第１四半期,スタンダード
2026-08-07,9956,バローホールディングス,2027-03-31,小売業,第１四半期,プライム
2026-08-07,9960,東テク,2027-03-31,卸売業,第１四半期,プライム
2026-08-07,9987,スズケン,2027-03-31,卸売業,第１四半期,プライム
2026-08-10,1414,ショーボンドホールディングス,2026-06-30,建設業,本決算,プライム
2026-08-10,1764,工藤建設,2026-06-30,建設業,本決算,スタンダード
2026-08-10,1867,植木組,2027-03-31,建設業,第１四半期,スタンダード
2026-08-10,1960,サンテック,2027-03-31,建設業,第１四半期,スタンダード
2026-08-10,208A,構造計画研究所ホールディングス,2026-06-30,情報・通信業,本決算,スタンダード
2026-08-10,2108,日本甜菜製糖,2027-03-31,食料品,第１四半期,プライム
2026-08-10,2156,セーラー広告,2027-03-31,サービス業,第１四半期,スタンダード
2026-08-10,2170,リンクアンドモチベーション,2026-12-31,サービス業,第２四半期,プライム
2026-08-10,2207,ｍｅｉｔｏ,2027-03-31,食料品,第１四半期,プライム
2026-08-10,2221,岩塚製菓,2027-03-31,食料品,第１四半期,スタンダード
2026-08-10,2224,コモ,2027-03-31,食料品,第１四半期,スタンダード
2026-08-10,2293,滝沢ハム,2027-03-31,食料品,第１四半期,スタンダード
2026-08-10,2418,ツカダ・グローバルホールディング,2026-12-31,サービス業,第２四半期,スタンダード
2026-08-10,2428,ウェルネット,2026-06-30,サービス業,本決算,スタンダード
2026-08-10,2454,オールアバウト,2027-03-31,サービス業,第１四半期,スタンダード
2026-08-10,2461,ファンコミュニケーションズ,2026-12-31,サービス業,第２四半期,プライム
2026-08-10,246A,アスア,2026-06-30,サービス業,本決算,グロース
2026-08-10,2481,タウンニュース社,2026-06-30,サービス業,本決算,スタンダード
2026-08-10,2488,ＪＴＰ,2027-03-31,サービス業,第１四半期,スタンダード
2026-08-10,250A,シマダヤ,2027-03-31,食料品,第１四半期,スタンダード
2026-08-10,2705,大戸屋ホールディングス,2027-03-31,小売業,第１四半期,スタンダード
2026-08-10,2752,フジオフードグループ本社,2026-12-31,小売業,第２四半期,プライム
2026-08-10,2788,アップルインターナショナル,2026-12-31,卸売業,第２四半期,スタンダード
2026-08-10,2818,ピエトロ,2027-03-31,食料品,第１四半期,スタンダード
2026-08-10,2877,日東ベスト,2027-03-31,食料品,第１四半期,スタンダード
2026-08-10,2917,大森屋,2026-09-30,食料品,第３四半期,スタンダード
2026-08-10,2984,ヤマイチエステート,2027-03-31,不動産業,第１四半期,スタンダード
2026-08-10,2986,ＬＡホールディングス,2026-12-31,不動産業,第２四半期,グロース
2026-08-10,3011,バナーズ,2027-03-31,小売業,第１四半期,スタンダード
2026-08-10,3054,ハイパー,2026-12-31,卸売業,第２四半期,スタンダード
2026-08-10,3082,きちりホールディングス,2026-06-30,小売業,本決算,スタンダード
2026-08-10,3088,マツキヨココカラ＆カンパニー,2027-03-31,小売業,第１四半期,プライム
2026-08-10,3097,物語コーポレーション,2026-06-30,小売業,本決算,プライム
2026-08-10,3131,シンデン・ハイテックス,2027-03-31,卸売業,第１四半期,スタンダード
2026-08-10,3143,オーウイル,2027-03-31,卸売業,第１四半期,スタンダード
2026-08-10,3173,Ｃｏｍｉｎｉｘ,2027-03-31,卸売業,第１四半期,スタンダード
2026-08-10,3187,ミラタップ,2026-09-30,小売業,第３四半期,グロース
2026-08-10,3204,トーア紡コーポレーション,2026-12-31,繊維製品,第２四半期,スタンダード
2026-08-10,3237,イントランス,2027-03-31,不動産業,第１四半期,グロース
2026-08-10,3261,グランディーズ,2026-12-31,不動産業,第２四半期,グロース
2026-08-10,3277,サンセイランディック,2026-12-31,不動産業,第２四半期,スタンダード
2026-08-10,3286,トラストホールディングス,2026-06-30,不動産業,本決算,スタンダード
2026-08-10,3317,フライングガーデン,2027-03-31,小売業,第１四半期,スタンダード
2026-08-10,3446,ジェイテックコーポレーション,2026-06-30,金属製品,本決算,スタンダード
2026-08-10,3447,信和,2027-03-31,金属製品,第１四半期,スタンダード
2026-08-10,3461,パルマ,2026-09-30,不動産業,第３四半期,スタンダード
2026-08-10,3484,イノベーションホールディングス,2027-03-31,不動産業,第１四半期,スタンダード
2026-08-10,3495,香陵住販,2026-09-30,不動産業,第３四半期,スタンダード
2026-08-10,3591,ワコールホールディングス,2027-03-31,繊維製品,第１四半期,プライム
2026-08-10,3598,山喜,2027-03-31,繊維製品,第１四半期,スタンダード
2026-08-10,3641,パピレス,2027-03-31,情報・通信業,第１四半期,スタンダード
2026-08-10,3675,クロス・マーケティンググループ,2026-06-30,情報・通信業,本決算,スタンダード
2026-08-10,3680,ホットリンク,2026-12-31,情報・通信業,第２四半期,グロース
2026-08-10,3695,ＧＭＯプロダクトプラットフォーム,2026-12-31,情報・通信業,第２四半期,グロース
2026-08-10,3741,セック,2027-03-31,情報・通信業,第１四半期,プライム
2026-08-10,3768,リスクモンスター,2027-03-31,情報・通信業,第１四半期,スタンダード
2026-08-10,3896,阿波製紙,2027-03-31,パルプ・紙,第１四半期,スタンダード
2026-08-10,3934,ベネフィットジャパン,2027-03-31,情報・通信業,第１四半期,スタンダード
2026-08-10,3939,カナミックネットワーク,2026-09-30,情報・通信業,第３四半期,プライム
2026-08-10,3947,ダイナパック,2026-12-31,パルプ・紙,第２四半期,スタンダード
2026-08-10,3953,大村紙業,2027-03-31,パルプ・紙,第１四半期,スタンダード
2026-08-10,3954,昭和パックス,2027-03-31,パルプ・紙,第１四半期,スタンダード
2026-08-10,3985,テモナ,2026-09-30,情報・通信業,第３四半期,スタンダード
2026-08-10,4044,セントラル硝子,2027-03-31,化学,第１四半期,プライム
2026-08-10,4047,関東電化工業,2027-03-31,化学,第１四半期,プライム
2026-08-10,4056,ニューラルグループ,2026-12-31,情報・通信業,第２四半期,グロース
2026-08-10,4092,日本化学工業,2027-03-31,化学,第１四半期,プライム
2026-08-10,409A,オリオンビール,2027-03-31,食料品,第１四半期,プライム
2026-08-10,4119,日本ピグメントホールディングス,2027-03-31,化学,第１四半期,スタンダード
2026-08-10,4124,大阪油化工業,2026-09-30,化学,第３四半期,スタンダード
2026-08-10,417A,ブルーゾーンホールディングス,2027-03-31,小売業,第１四半期,プライム
2026-08-10,4218,ニチバン,2027-03-31,化学,第１四半期,プライム
2026-08-10,4231,タイガースポリマー,2027-03-31,化学,第１四半期,スタンダード
2026-08-10,423A,ライオン事務器,2026-09-30,卸売業,第３四半期,スタンダード
2026-08-10,4245,ダイキアクシス,2026-12-31,化学,第２四半期,スタンダード
2026-08-10,4247,ポバール興業,2027-03-31,化学,第１四半期,スタンダード
2026-08-10,4284,ソルクシーズ,2026-12-31,情報・通信業,第２四半期,スタンダード
2026-08-10,4365,松本油脂製薬,2027-03-31,化学,第１四半期,スタンダード
2026-08-10,4381,ビープラッツ,2027-03-31,情報・通信業,第１四半期,グロース
2026-08-10,4420,イーソル,2026-12-31,情報・通信業,第２四半期,スタンダード
2026-08-10,4442,バルテス・ホールディングス,2027-03-31,情報・通信業,第１四半期,グロース
2026-08-10,4538,扶桑薬品工業,2027-03-31,医薬品,第１四半期,プライム
2026-08-10,4582,シンバイオ製薬,2026-12-31,医薬品,第２四半期,グロース
2026-08-10,4631,ＤＩＣ,2026-12-31,化学,第２四半期,プライム
2026-08-10,4665,ダスキン,2027-03-31,サービス業,第１四半期,プライム
2026-08-10,4680,ラウンドワン,2027-03-31,サービス業,第１四半期,プライム
2026-08-10,4755,楽天グループ,2026-12-31,サービス業,第２四半期,プライム
2026-08-10,4820,イーエムシステムズ,2026-12-31,情報・通信業,第２四半期,プライム
2026-08-10,4828,ビジネスエンジニアリング,2027-03-31,情報・通信業,第１四半期,プライム
2026-08-10,4838,スペースシャワーＳＫＩＹＡＫＩホールディングス,2027-03-31,情報・通信業,第１四半期,スタンダード
2026-08-10,4883,モダリス,2026-12-31,医薬品,第２四半期,グロース
2026-08-10,4884,クリングルファーマ,2026-09-30,医薬品,第３四半期,グロース
2026-08-10,4887,サワイグループホールディングス,2027-03-31,医薬品,第１四半期,プライム
2026-08-10,4919,ミルボン,2026-12-31,化学,第２四半期,プライム
2026-08-10,4960,ケミプロ化成,2027-03-31,化学,第１四半期,スタンダード
2026-08-10,4971,メック,2026-12-31,化学,第２四半期,プライム
2026-08-10,5071,ヴィス,2027-03-31,サービス業,第１四半期,スタンダード
2026-08-10,5101,横浜ゴム,2026-12-31,ゴム製品,第２四半期,プライム
2026-08-10,5121,藤倉コンポジット,2027-03-31,ゴム製品,第１四半期,プライム
2026-08-10,5139,オープンワーク,2026-12-31,情報・通信業,第２四半期,グロース
2026-08-10,5210,日本山村硝子,2027-03-31,ガラス・土石製品,第１四半期,スタンダード
2026-08-10,5283,高見澤,2026-06-30,卸売業,本決算,スタンダード
2026-08-10,5302,日本カーボン,2026-12-31,ガラス・土石製品,第２四半期,プライム
2026-08-10,5351,品川リフラ,2027-03-31,ガラス・土石製品,第１四半期,プライム
2026-08-10,544A,ＧＭＳグループ,2027-03-31,機械,第１四半期,プライム
2026-08-10,546A,ＭＩＲＡＩＮＩホールディングス,2027-03-31,卸売業,第１四半期,プライム
2026-08-10,549A,ヒトトヒトホールディングス,2027-03-31,サービス業,第１四半期,スタンダード
2026-08-10,550A,ソフトテックス,2027-03-31,情報・通信業,第１四半期,スタンダード
2026-08-10,5533,エリッツホールディングス,2026-09-30,不動産業,第３四半期,スタンダード
2026-08-10,5589,オートサーバー,2026-12-31,情報・通信業,第２四半期,スタンダード
2026-08-10,559A,梅乃宿酒造,2026-06-30,食料品,本決算,スタンダード
2026-08-10,5699,イボキン,2026-12-31,鉄鋼,第２四半期,スタンダード
2026-08-10,5702,大紀アルミニウム工業所,2027-03-31,非鉄金属,第１四半期,プライム
2026-08-10,5713,住友金属鉱山,2027-03-31,非鉄金属,第１四半期,プライム
2026-08-10,5724,アサカ理研,2026-09-30,非鉄金属,第３四半期,スタンダード
2026-08-10,5915,駒井ハルテック,2027-03-31,金属製品,第１四半期,スタンダード
2026-08-10,5918,瀧上工業,2027-03-31,金属製品,第１四半期,スタンダード
2026-08-10,5962,浅香工業,2027-03-31,その他製品,第１四半期,スタンダード
2026-08-10,5973,トーアミ,2027-03-31,金属製品,第１四半期,スタンダード
2026-08-10,5981,東京製綱,2027-03-31,金属製品,第１四半期,プライム
2026-08-10,6031,ＺＥＴＡ,2026-12-31,サービス業,第２四半期,グロース
2026-08-10,6149,小田原エンジニアリング,2026-12-31,機械,第２四半期,スタンダード
2026-08-10,6156,エーワン精密,2026-06-30,機械,本決算,スタンダード
2026-08-10,6166,中村超硬,2027-03-31,機械,第１四半期,グロース
2026-08-10,6189,グローバルキッズＣＯＭＰＡＮＹ,2026-09-30,サービス業,第３四半期,スタンダード
2026-08-10,6266,タツモ,2026-12-31,機械,第２四半期,プライム
2026-08-10,6306,日工,2027-03-31,機械,第１四半期,プライム
2026-08-10,6316,丸山製作所,2026-09-30,機械,第３四半期,スタンダード
2026-08-10,6342,太平製作所,2027-03-31,機械,第１四半期,スタンダード
2026-08-10,6346,キクカワエンタープライズ,2027-03-31,機械,第１四半期,スタンダード
2026-08-10,6347,プラコー,2027-03-31,機械,第１四半期,スタンダード
2026-08-10,6381,アネスト岩田,2027-03-31,機械,第１四半期,プライム
2026-08-10,6407,ＣＫＤ,2027-03-31,機械,第１四半期,プライム
2026-08-10,6424,高見沢サイバネティックス,2027-03-31,機械,第１四半期,スタンダード
2026-08-10,6459,だいわ,2026-12-31,機械,第２四半期,プライム
2026-08-10,6464,ツバキ・ナカシマ,2026-12-31,機械,第２四半期,プライム
2026-08-10,6484,ＫＶＫ,2027-03-31,機械,第１四半期,スタンダード
2026-08-10,6495,宮入バルブ製作所,2027-03-31,機械,第１四半期,スタンダード
2026-08-10,6537,ＷＡＳＨハウス,2026-12-31,サービス業,第２四半期,グロース
2026-08-10,6546,フルテック,2026-12-31,サービス業,第２四半期,スタンダード
2026-08-10,6564,ミダックホールディングス,2027-03-31,サービス業,第１四半期,プライム
2026-08-10,6566,要興業,2027-03-31,サービス業,第１四半期,スタンダード
2026-08-10,6570,共和コーポレーション,2027-03-31,サービス業,第１四半期,スタンダード
2026-08-10,6613,ＱＤレーザ,2027-03-31,電気機器,第１四半期,グロース
2026-08-10,6677,エスケーエレクトロニクス,2026-09-30,電気機器,第３四半期,スタンダード
2026-08-10,6736,サン電子,2027-03-31,電気機器,第１四半期,スタンダード
2026-08-10,6740,ジャパンディスプレイ,2027-03-31,電気機器,第１四半期,プライム
2026-08-10,6785,鈴木,2026-06-30,電気機器,本決算,プライム
2026-08-10,6824,新コスモス電機,2027-03-31,電気機器,第１四半期,スタンダード
2026-08-10,6834,精工技研,2027-03-31,電気機器,第１四半期,スタンダード
2026-08-10,6840,ＡＫＩＢＡホールディングス,2027-03-31,電気機器,第１四半期,スタンダード
2026-08-10,6850,チノー,2027-03-31,電気機器,第１四半期,プライム
2026-08-10,6862,ミナトホールディングス,2027-03-31,電気機器,第１四半期,スタンダード
2026-08-10,6874,協立電機,2026-06-30,電気機器,本決算,スタンダード
2026-08-10,6928,エノモト,2027-03-31,電気機器,第１四半期,スタンダード
2026-08-10,6962,大真空,2027-03-31,電気機器,第１四半期,プライム
2026-08-10,7080,スポーツフィールド,2026-12-31,サービス業,第２四半期,グロース
2026-08-10,7111,ＩＮＥＳＴ,2027-03-31,卸売業,第１四半期,スタンダード
2026-08-10,7115,アルファパーチェス,2026-12-31,卸売業,第２四半期,スタンダード
2026-08-10,7128,ユニソルホールディングス,2026-12-31,卸売業,第２四半期,プライム
2026-08-10,7129,ミアヘルサホールディングス,2027-03-31,小売業,第１四半期,スタンダード
2026-08-10,7135,ジャパンクラフトホールディングス,2026-06-30,小売業,本決算,スタンダード
2026-08-10,7140,ペットゴー,2027-03-31,小売業,第１四半期,グロース
2026-08-10,7198,ＳＢＩアルヒ,2027-03-31,その他金融業,第１四半期,プライム
2026-08-10,7199,プレミアグループ,2027-03-31,その他金融業,第１四半期,プライム
2026-08-10,7361,ヒューマンクリエイションホールディングス,2026-09-30,サービス業,第３四半期,グロース
2026-08-10,7368,表示灯,2027-03-31,サービス業,第１四半期,スタンダード
2026-08-10,7421,カッパ・クリエイト,2027-03-31,小売業,第１四半期,プライム
2026-08-10,7444,ハリマ共和物産,2027-03-31,卸売業,第１四半期,スタンダード
2026-08-10,7461,キムラ,2027-03-31,卸売業,第１四半期,スタンダード
2026-08-10,7481,尾家産業,2027-03-31,卸売業,第１四半期,スタンダード
2026-08-10,7486,サンリン,2027-03-31,卸売業,第１四半期,スタンダード
2026-08-10,7502,プラザホールディングス,2027-03-31,サービス業,第１四半期,スタンダード
2026-08-10,7505,扶桑電通,2026-09-30,卸売業,第３四半期,スタンダード
2026-08-10,7552,ハピネット,2027-03-31,卸売業,第１四半期,プライム
2026-08-10,7567,栄電子,2027-03-31,卸売業,第１四半期,スタンダード
2026-08-10,7593,ＶＴホールディングス,2027-03-31,小売業,第１四半期,プライム
2026-08-10,7615,京都きもの友禅ホールディングス,2027-03-31,小売業,第１四半期,スタンダード
2026-08-10,7636,ハンズマン,2026-06-30,小売業,本決算,スタンダード
2026-08-10,7721,東京計器,2027-03-31,精密機器,第１四半期,プライム
2026-08-10,7726,黒田精工,2027-03-31,機械,第１四半期,スタンダード
2026-08-10,7734,理研計器,2027-03-31,精密機器,第１四半期,プライム
2026-08-10,7800,アミファ,2026-09-30,その他製品,第３四半期,スタンダード
2026-08-10,7820,ニホンフラッシュ,2027-03-31,その他製品,第１四半期,プライム
2026-08-10,7872,エステールホールディングス,2027-03-31,その他製品,第１四半期,スタンダード
2026-08-10,7875,竹田ｉＰホールディングス,2027-03-31,その他製品,第１四半期,スタンダード
2026-08-10,7902,ソノコム,2027-03-31,その他製品,第１四半期,スタンダード
2026-08-10,7906,ヨネックス,2027-03-31,その他製品,第１四半期,スタンダード
2026-08-10,7946,光陽社,2027-03-31,その他製品,第１四半期,スタンダード
2026-08-10,7957,フジコピアン,2026-12-31,その他製品,第２四半期,スタンダード
2026-08-10,7986,日本アイ・エス・ケイ,2026-12-31,その他製品,第２四半期,スタンダード
2026-08-10,8023,ＤＡＩＫＯ　ＸＴＥＣＨ,2027-03-31,情報・通信業,第１四半期,スタンダード
2026-08-10,8051,山善,2027-03-31,卸売業,第１四半期,プライム
2026-08-10,8086,ニプロ,2027-03-31,精密機器,第１四半期,プライム
2026-08-10,8101,ＧＳＩクレオス,2027-03-31,卸売業,第１四半期,プライム
2026-08-10,8132,シナネンホールディングス,2027-03-31,卸売業,第１四半期,プライム
2026-08-10,8136,サンリオ,2027-03-31,卸売業,第１四半期,プライム
2026-08-10,8152,ソマール,2027-03-31,卸売業,第１四半期,スタンダード
2026-08-10,8219,青山商事,2027-03-31,小売業,第１四半期,プライム
2026-08-10,8275,フォーバル,2027-03-31,卸売業,第１四半期,スタンダード
2026-08-10,8291,日産東京販売ホールディングス,2027-03-31,小売業,第１四半期,スタンダード
2026-08-10,8358,スルガ銀行,2027-03-31,銀行業,第１四半期,プライム
2026-08-10,8563,大東銀行,2027-03-31,銀行業,第１四半期,スタンダード
2026-08-10,8729,ソニーフィナンシャルグループ,2027-03-31,保険業,第１四半期,プライム
2026-08-10,8835,太平洋興発,2027-03-31,卸売業,第１四半期,スタンダード
2026-08-10,8869,明和地所,2027-03-31,不動産業,第１四半期,スタンダード
2026-08-10,8945,サンネクスタグループ,2026-06-30,不動産業,本決算,スタンダード
2026-08-10,8999,グランディハウス,2027-03-31,不動産業,第１四半期,プライム
2026-08-10,9039,サカイ引越センター,2027-03-31,陸運業,第１四半期,プライム
2026-08-10,9041,近鉄グループホールディングス,2027-03-31,陸運業,第１四半期,プライム
2026-08-10,9048,名古屋鉄道,2027-03-31,陸運業,第１四半期,プライム
2026-08-10,9051,センコン物流,2027-03-31,陸運業,第１四半期,スタンダード
2026-08-10,9059,カンダホールディングス,2027-03-31,陸運業,第１四半期,スタンダード
2026-08-10,9060,日本ロジテム,2027-03-31,陸運業,第１四半期,スタンダード
2026-08-10,9068,丸全昭和運輸,2027-03-31,陸運業,第１四半期,プライム
2026-08-10,9220,エフビー介護サービス,2027-03-31,サービス業,第１四半期,スタンダード
2026-08-10,9223,ＡＳＮＯＶＡ,2027-03-31,サービス業,第１四半期,グロース
2026-08-10,9225,ブリッジコンサルティンググループ,2026-09-30,サービス業,第３四半期,グロース
2026-08-10,9258,ＣＳ－Ｃ,2026-09-30,サービス業,第３四半期,グロース
2026-08-10,9259,タカヨシホールディングス,2026-09-30,サービス業,第３四半期,グロース
2026-08-10,9306,東陽倉庫,2027-03-31,倉庫・運輸関連業,第１四半期,スタンダード
2026-08-10,9336,大栄環境,2027-03-31,サービス業,第１四半期,プライム
2026-08-10,9337,トリドリ,2026-12-31,サービス業,第２四半期,グロース
2026-08-10,9341,ＧＥＮＯＶＡ,2027-03-31,サービス業,第１四半期,プライム
2026-08-10,9343,アイビス,2026-12-31,サービス業,第２四半期,グロース
2026-08-10,9361,伏木海陸運送,2026-06-30,倉庫・運輸関連業,本決算,スタンダード
2026-08-10,9367,大東港運,2027-03-31,倉庫・運輸関連業,第１四半期,スタンダード
2026-08-10,9385,ショーエイコーポレーション,2027-03-31,化学,第１四半期,スタンダード
2026-08-10,9408,ＢＳＮメディアホールディングス,2027-03-31,情報・通信業,第１四半期,スタンダード
2026-08-10,9416,ビジョン,2026-12-31,情報・通信業,第２四半期,プライム
2026-08-10,9428,クロップス,2027-03-31,情報・通信業,第１四半期,スタンダード
2026-08-10,9445,フォーバルテレコム,2027-03-31,情報・通信業,第１四半期,スタンダード
2026-08-10,9517,イーレックス,2027-03-31,電気・ガス業,第１四半期,プライム
2026-08-10,9539,京葉瓦斯,2026-12-31,電気・ガス業,第２四半期,スタンダード
2026-08-10,9564,ＦＣＥ,2026-09-30,サービス業,第３四半期,スタンダード
2026-08-10,9605,東映,2027-03-31,情報・通信業,第１四半期,プライム
2026-08-10,9644,タナベコンサルティンググループ,2027-03-31,サービス業,第１四半期,プライム
2026-08-10,9656,グリーンランドリゾート,2026-12-31,サービス業,第２四半期,スタンダード
2026-08-10,9684,スクウェア・エニックス・ホールディングス,2027-03-31,情報・通信業,第１四半期,プライム
2026-08-10,9761,東海リース,2027-03-31,サービス業,第１四半期,スタンダード
2026-08-10,9767,日建工学,2027-03-31,サービス業,第１四半期,スタンダード
2026-08-10,9788,ナック,2027-03-31,サービス業,第１四半期,プライム
2026-08-10,9791,ビケンテクノ,2027-03-31,サービス業,第１四半期,スタンダード
2026-08-10,9854,愛眼,2027-03-31,小売業,第１四半期,スタンダード
2026-08-10,9880,イノテック,2027-03-31,電気機器,第１四半期,プライム
2026-08-10,9890,マキヤ,2027-03-31,小売業,第１四半期,スタンダード
2026-08-10,9929,平和紙業,2027-03-31,卸売業,第１四半期,スタンダード
2026-08-10,9930,北沢産業,2027-03-31,卸売業,第１四半期,スタンダード
2026-08-10,9959,アシードホールディングス,2027-03-31,小売業,第１四半期,スタンダード
2026-08-10,9986,蔵王産業,2027-03-31,卸売業,第１四半期,スタンダード
2026-08-12,1379,ホクト,2027-03-31,水産・農林業,第１四半期,プライム
2026-08-12,142A,ジンジブ,2027-03-31,サービス業,第１四半期,グロース
2026-08-12,1435,ｒｏｂｏｔ　ｈｏｍｅ,2026-12-31,不動産業,第２四半期,スタンダード
2026-08-12,146A,コロンビア・ワークス,2026-12-31,不動産業,第２四半期,スタンダード
2026-08-12,147A,ソラコム,2027-03-31,情報・通信業,第１四半期,グロース
2026-08-12,1663,Ｋ＆Ｏエナジーグループ,2026-12-31,鉱業,第２四半期,プライム
2026-08-12,1724,シンクレイヤ,2026-12-31,建設業,第２四半期,スタンダード
2026-08-12,1795,マサル,2026-09-30,建設業,第３四半期,スタンダード
2026-08-12,1914,日本基礎技術,2027-03-31,建設業,第１四半期,スタンダード
2026-08-12,2055,日和産業,2027-03-31,食料品,第１四半期,スタンダード
2026-08-12,2120,ＬＩＦＵＬＬ,2026-09-30,サービス業,第３四半期,プライム
2026-08-12,2122,インタースペース,2026-09-30,サービス業,第３四半期,スタンダード
2026-08-12,2124,ジェイエイシーリクルートメント,2026-12-31,サービス業,第２四半期,プライム
2026-08-12,2195,アミタホールディングス,2026-12-31,サービス業,第２四半期,グロース
2026-08-12,2291,福留ハム,2027-03-31,食料品,第１四半期,スタンダード
2026-08-12,2304,ＣＳＳホールディングス,2026-09-30,サービス業,第３四半期,スタンダード
2026-08-12,2321,ソフトフロントホールディングス,2027-03-31,情報・通信業,第１四半期,グロース
2026-08-12,2325,ＮＪＳ,2026-12-31,サービス業,第２四半期,プライム
2026-08-12,2342,トランスジェニックグループ,2027-03-31,サービス業,第１四半期,スタンダード
2026-08-12,2385,総医研ホールディングス,2026-06-30,サービス業,本決算,グロース
2026-08-12,2489,アドウェイズ,2026-12-31,サービス業,第２四半期,スタンダード
2026-08-12,248A,キッズスター,2026-12-31,情報・通信業,第２四半期,グロース
2026-08-12,2588,プレミアムウォーターホールディングス,2027-03-31,食料品,第１四半期,スタンダード
2026-08-12,2667,イメージ　ワン,2026-09-30,卸売業,第３四半期,スタンダード
2026-08-12,2689,オルバヘルスケアホールディングス,2026-06-30,卸売業,本決算,スタンダード
2026-08-12,269A,Ｓａｐｅｅｔ,2026-09-30,情報・通信業,第３四半期,グロース
2026-08-12,2820,やまみ,2026-06-30,食料品,本決算,スタンダード
2026-08-12,2933,紀文食品,2027-03-31,食料品,第１四半期,プライム
2026-08-12,2981,ランディックス,2027-03-31,不動産業,第１四半期,グロース
2026-08-12,2993,長栄,2027-03-31,不動産業,第１四半期,スタンダード
2026-08-12,3001,片倉工業,2026-12-31,繊維製品,第２四半期,スタンダード
2026-08-12,3040,ソリトンシステムズ,2026-12-31,情報・通信業,第２四半期,プライム
2026-08-12,3058,三洋堂ホールディングス,2027-03-31,小売業,第１四半期,スタンダード
2026-08-12,3068,ＷＤＩ,2027-03-31,小売業,第１四半期,スタンダード
2026-08-12,3096,オーシャンシステム,2027-03-31,小売業,第１四半期,スタンダード
2026-08-12,3154,メディアスホールディングス,2026-06-30,卸売業,本決算,プライム
2026-08-12,3178,チムニー,2027-03-31,小売業,第１四半期,スタンダード
2026-08-12,3241,ウィル,2026-12-31,不動産業,第２四半期,スタンダード
2026-08-12,3306,日本製麻,2027-03-31,卸売業,第１四半期,スタンダード
2026-08-12,331A,メディックス,2027-03-31,サービス業,第１四半期,スタンダード
2026-08-12,332A,ミーク,2027-03-31,情報・通信業,第１四半期,グロース
2026-08-12,3359,ｃｏｔｔａ,2026-09-30,卸売業,第３四半期,グロース
2026-08-12,3370,フジタコーポレーション,2027-03-31,小売業,第１四半期,スタンダード
2026-08-12,3372,関門海,2027-03-31,小売業,第１四半期,スタンダード
2026-08-12,3392,デリカフーズホールディングス,2027-03-31,卸売業,第１四半期,スタンダード
2026-08-12,3416,ピクスタ,2026-12-31,小売業,第２四半期,スタンダード
2026-08-12,3494,マリオン,2026-09-30,不動産業,第３四半期,スタンダード
2026-08-12,3521,テルマー湯ホールディングス,2027-03-31,サービス業,第１四半期,スタンダード
2026-08-12,3551,ダイニック,2027-03-31,繊維製品,第１四半期,スタンダード
2026-08-12,3556,リネットジャパングループ,2026-09-30,小売業,第３四半期,グロース
2026-08-12,3571,ソトー,2027-03-31,繊維製品,第１四半期,スタンダード
2026-08-12,3600,フジックス,2027-03-31,繊維製品,第１四半期,スタンダード
2026-08-12,3646,駅探,2027-03-31,情報・通信業,第１四半期,スタンダード
2026-08-12,3652,ディジタルメディアプロフェッショナル,2027-03-31,情報・通信業,第１四半期,グロース
2026-08-12,3671,ソフトマックス,2026-12-31,情報・通信業,第２四半期,スタンダード
2026-08-12,3673,ブロードリーフ,2026-12-31,情報・通信業,第２四半期,プライム
2026-08-12,3683,サイバーリンクス,2026-12-31,情報・通信業,第２四半期,スタンダード
2026-08-12,3723,日本ファルコム,2026-09-30,情報・通信業,第３四半期,グロース
2026-08-12,3779,ジェイ・エスコムホールディングス,2027-03-31,情報・通信業,第１四半期,スタンダード
2026-08-12,3787,テクノマセマティカル,2027-03-31,情報・通信業,第１四半期,スタンダード
2026-08-12,3798,ＵＬＳグループ,2027-03-31,情報・通信業,第１四半期,スタンダード
2026-08-12,3800,ユニリタ,2027-03-31,情報・通信業,第１四半期,スタンダード
2026-08-12,3817,ＳＲＡホールディングス,2027-03-31,情報・通信業,第１四半期,プライム
2026-08-12,3848,データ・アプリケーション,2027-03-31,情報・通信業,第１四半期,スタンダード
2026-08-12,387A,フラー,2026-06-30,情報・通信業,本決算,グロース
2026-08-12,3916,デジタル・インフォメーション・テクノロジー,2026-06-30,情報・通信業,本決算,プライム
2026-08-12,3932,アカツキ,2027-03-31,情報・通信業,第１四半期,プライム
2026-08-12,3986,ビーブレイクシステムズ,2026-06-30,情報・通信業,本決算,スタンダード
2026-08-12,4013,勤次郎,2026-12-31,情報・通信業,第２四半期,グロース
2026-08-12,4022,ラサ工業,2027-03-31,化学,第１四半期,プライム
2026-08-12,4071,プラスアルファ・コンサルティング,2026-09-30,情報・通信業,第３四半期,プライム
2026-08-12,4072,電算システムホールディングス,2026-12-31,情報・通信業,第２四半期,プライム
2026-08-12,4074,ラキール,2026-12-31,情報・通信業,第２四半期,グロース
2026-08-12,407A,ＵＮＩＣＯＮホールディングス,2026-06-30,建設業,本決算,スタンダード
2026-08-12,4099,四国化成ホールディングス,2026-12-31,化学,第２四半期,プライム
2026-08-12,4171,グローバルインフォメーション,2026-12-31,情報・通信業,第２四半期,スタンダード
2026-08-12,4172,Ｈｉクラテス,2026-09-30,情報・通信業,第３四半期,スタンダード
2026-08-12,4192,スパイダープラス,2026-12-31,情報・通信業,第２四半期,グロース
2026-08-12,421A,ムービン・ストラテジック・キャリア,2026-12-31,サービス業,第２四半期,グロース
2026-08-12,4222,児玉化学工業,2027-03-31,化学,第１四半期,スタンダード
2026-08-12,4240,クラスターテクノロジー,2027-03-31,化学,第１四半期,スタンダード
2026-08-12,4255,ＴＨＥＣＯＯ,2026-12-31,情報・通信業,第２四半期,グロース
2026-08-12,4258,網屋,2026-12-31,情報・通信業,第２四半期,グロース
2026-08-12,4259,エクサウィザーズ,2027-03-31,情報・通信業,第１四半期,グロース
2026-08-12,4356,応用技術,2026-12-31,情報・通信業,第２四半期,スタンダード
2026-08-12,4374,ＲＯＢＯＴ　ＰＡＹＭＥＮＴ,2026-12-31,情報・通信業,第２四半期,グロース
2026-08-12,4386,ＳＩＧグループ,2027-03-31,情報・通信業,第１四半期,スタンダード
2026-08-12,4387,ＺＵＵ,2027-03-31,情報・通信業,第１四半期,グロース
2026-08-12,438A,インフキュリオン,2027-03-31,情報・通信業,第１四半期,グロース
2026-08-12,4391,ロジザード,2026-06-30,情報・通信業,本決算,グロース
2026-08-12,4396,システムサポートホールディングス,2026-06-30,情報・通信業,本決算,プライム
2026-08-12,4398,ブロードバンドセキュリティ,2026-06-30,情報・通信業,本決算,スタンダード
2026-08-12,4415,ブロードエンタープライズ,2026-12-31,情報・通信業,第２四半期,グロース
2026-08-12,4416,Ｔｒｕｅ　Ｄａｔａ,2027-03-31,情報・通信業,第１四半期,グロース
2026-08-12,4419,Ｆｉｎａｔｅｘｔホールディングス,2027-03-31,情報・通信業,第１四半期,グロース
2026-08-12,4488,ＡＩ　ｉｎｓｉｄｅ,2027-03-31,情報・通信業,第１四半期,グロース
2026-08-12,4495,アイキューブドシステムズ,2026-06-30,情報・通信業,本決算,グロース
2026-08-12,4544,Ｈ．Ｕ．グループホールディングス,2027-03-31,サービス業,第１四半期,プライム
2026-08-12,4575,キャンバス,2026-06-30,医薬品,本決算,グロース
2026-08-12,4587,ペプチドリーム,2026-12-31,医薬品,第２四半期,プライム
2026-08-12,4593,ヘリオス,2026-12-31,医薬品,第２四半期,グロース
2026-08-12,4595,ミズホメディー,2026-12-31,医薬品,第２四半期,スタンダード
2026-08-12,4681,リゾートトラスト,2027-03-31,サービス業,第１四半期,プライム
2026-08-12,4720,城南進学研究社,2027-03-31,サービス業,第１四半期,スタンダード
2026-08-12,4743,アイティフォー,2027-03-31,情報・通信業,第１四半期,プライム
2026-08-12,4752,昭和システムエンジニアリング,2027-03-31,情報・通信業,第１四半期,スタンダード
2026-08-12,478A,フツパー,2026-12-31,情報・通信業,第２四半期,グロース
2026-08-12,4840,トライアイズ,2026-12-31,サービス業,第２四半期,スタンダード
2026-08-12,4890,坪田ラボ,2027-03-31,医薬品,第１四半期,グロース
2026-08-12,5029,サークレイス,2027-03-31,情報・通信業,第１四半期,グロース
2026-08-12,5126,ポーターズ,2026-12-31,情報・通信業,第２四半期,グロース
2026-08-12,520A,ジェイファーマ,2027-03-31,医薬品,第１四半期,グロース
2026-08-12,5253,カバー,2027-03-31,情報・通信業,第１四半期,グロース
2026-08-12,5256,Ｆｕｓｉｃ,2026-06-30,情報・通信業,本決算,グロース
2026-08-12,5288,アジアパイルホールディングス,2027-03-31,ガラス・土石製品,第１四半期,プライム
2026-08-12,5337,ダントーホールディングス,2026-12-31,ガラス・土石製品,第２四半期,スタンダード
2026-08-12,5363,東京窯業,2027-03-31,ガラス・土石製品,第１四半期,スタンダード
2026-08-12,543A,ＡＲＣＨＩＯＮ,2027-03-31,輸送用機器,第１四半期,プライム
2026-08-12,545A,トランヴィア,2027-03-31,情報・通信業,第１四半期,プライム
2026-08-12,547A,ムニノバホールディングス,2027-03-31,その他金融業,第１四半期,プライム
2026-08-12,548A,システムエグゼ,2027-03-31,情報・通信業,第１四半期,スタンダード
2026-08-12,5599,Ｓ＆Ｊ,2027-03-31,情報・通信業,第１四半期,グロース
2026-08-12,5842,インテグラル,2026-12-31,証券、商品先物取引業,第２四半期,グロース
2026-08-12,5858,ＳＴＧ,2027-03-31,非鉄金属,第１四半期,グロース
2026-08-12,5870,ナルネットコミュニケーションズ,2027-03-31,サービス業,第１四半期,グロース
2026-08-12,5891,ＳＡＫＩＧＡＫＥホールディングス,2026-12-31,小売業,第２四半期,スタンダード
2026-08-12,5923,高田機工,2027-03-31,金属製品,第１四半期,スタンダード
2026-08-12,5939,大谷工業,2027-03-31,金属製品,第１四半期,スタンダード
2026-08-12,6027,弁護士ドットコム,2027-03-31,サービス業,第１四半期,プライム
2026-08-12,6059,ウチヤマホールディングス,2027-03-31,サービス業,第１四半期,スタンダード
2026-08-12,6074,ジェイエスエス,2027-03-31,サービス業,第１四半期,スタンダード
2026-08-12,607A,エブリー,2026-06-30,サービス業,本決算,グロース
2026-08-12,6181,タメニー,2027-03-31,サービス業,第１四半期,グロース
2026-08-12,6194,アトラエ,2026-09-30,サービス業,第３四半期,プライム
2026-08-12,6195,ホープ,2027-03-31,サービス業,第１四半期,グロース
2026-08-12,6265,コンバム,2026-12-31,機械,第２四半期,スタンダード
2026-08-12,6287,サトー,2027-03-31,機械,第１四半期,プライム
2026-08-12,6291,日本エアーテック,2026-12-31,機械,第２四半期,スタンダード
2026-08-12,6335,東京機械製作所,2027-03-31,機械,第１四半期,スタンダード
2026-08-12,6380,オリエンタルチエン工業,2027-03-31,機械,第１四半期,スタンダード
2026-08-12,6540,船場,2026-12-31,サービス業,第２四半期,スタンダード
2026-08-12,6554,エスユーエス,2026-09-30,サービス業,第３四半期,グロース
2026-08-12,6616,トレックス・セミコンダクター,2027-03-31,電気機器,第１四半期,プライム
2026-08-12,6666,リバーエレテック,2027-03-31,電気機器,第１四半期,スタンダード
2026-08-12,6748,星和電機,2026-12-31,電気機器,第２四半期,スタンダード
2026-08-12,6871,日本マイクロニクス,2026-12-31,電気機器,第２四半期,プライム
2026-08-12,6914,オプテックスグループ,2026-12-31,電気機器,第２四半期,プライム
2026-08-12,6969,松尾電機,2027-03-31,電気機器,第１四半期,スタンダード
2026-08-12,7037,テノ．ホールディングス,2026-12-31,サービス業,第２四半期,スタンダード
2026-08-12,7047,ポート,2027-03-31,サービス業,第１四半期,グロース
2026-08-12,7059,コプロ・ホールディングス,2027-03-31,サービス業,第１四半期,プライム
2026-08-12,7087,ウイルテック,2027-03-31,サービス業,第１四半期,スタンダード
2026-08-12,7119,ハルメクホールディングス,2027-03-31,小売業,第１四半期,グロース
2026-08-12,7133,ＨＹＵＧＡ　ＰＲＩＭＡＲＹ　ＣＡＲＥ,2027-03-31,小売業,第１四半期,グロース
2026-08-12,7157,ライフネット生命保険,2027-03-31,保険業,第１四半期,プライム
2026-08-12,7183,あんしん保証,2027-03-31,その他金融業,第１四半期,スタンダード
2026-08-12,7343,ブロードマインド,2027-03-31,保険業,第１四半期,グロース
2026-08-12,7359,東京通信グループ,2026-12-31,サービス業,第２四半期,グロース
2026-08-12,7372,デコルテ・ホールディングス,2026-09-30,サービス業,第３四半期,グロース
2026-08-12,7374,コンフィデンス・インターワークス,2027-03-31,サービス業,第１四半期,グロース
2026-08-12,7376,ＢＣＣ,2026-09-30,サービス業,第３四半期,グロース
2026-08-12,7433,伯東,2027-03-31,卸売業,第１四半期,プライム
2026-08-12,7602,レダックス,2027-03-31,卸売業,第１四半期,スタンダード
2026-08-12,7616,コロワイド,2027-03-31,小売業,第１四半期,プライム
2026-08-12,7643,ダイイチ,2026-09-30,小売業,第３四半期,スタンダード
2026-08-12,7715,長野計器,2027-03-31,精密機器,第１四半期,プライム
2026-08-12,7743,シード,2027-03-31,精密機器,第１四半期,スタンダード
2026-08-12,7819,粧美堂,2026-09-30,その他製品,第３四半期,スタンダード
2026-08-12,7833,アイフィスジャパン,2026-12-31,その他製品,第２四半期,スタンダード
2026-08-12,7837,アールシーコア,2027-03-31,その他製品,第１四半期,スタンダード
2026-08-12,7911,ＴＯＰＰＡＮホールディングス,2027-03-31,その他製品,第１四半期,プライム
2026-08-12,7918,ヴィア・ホールディングス,2027-03-31,小売業,第１四半期,スタンダード
2026-08-12,8160,木曽路,2027-03-31,小売業,第１四半期,プライム
2026-08-12,8225,タカチホ,2027-03-31,卸売業,第１四半期,スタンダード
2026-08-12,8230,はせがわ,2027-03-31,小売業,第１四半期,スタンダード
2026-08-12,8253,クレディセゾン,2027-03-31,その他金融業,第１四半期,プライム
2026-08-12,8766,東京海上ホールディングス,2027-03-31,保険業,第１四半期,プライム
2026-08-12,8789,フィンテック　グローバル,2026-09-30,その他金融業,第３四半期,スタンダード
2026-08-12,8928,穴吹興産,2026-06-30,不動産業,本決算,スタンダード
2026-08-12,9017,新潟交通,2027-03-31,陸運業,第１四半期,スタンダード
2026-08-12,9025,鴻池運輸,2027-03-31,陸運業,第１四半期,プライム
2026-08-12,9033,広島電鉄,2027-03-31,陸運業,第１四半期,スタンダード
2026-08-12,9036,東部ネットワーク,2027-03-31,陸運業,第１四半期,スタンダード
2026-08-12,9069,センコーグループホールディングス,2027-03-31,陸運業,第１四半期,プライム
2026-08-12,9082,大和自動車交通,2027-03-31,陸運業,第１四半期,スタンダード
2026-08-12,9193,東京汽船,2027-03-31,倉庫・運輸関連業,第１四半期,スタンダード
2026-08-12,9214,Ｒｅｃｏｖｅｒｙ　Ｉｎｔｅｒｎａｔｉｏｎａｌ,2026-12-31,サービス業,第２四半期,グロース
2026-08-12,9221,フルハシＥＰＯ,2027-03-31,サービス業,第１四半期,スタンダード
2026-08-12,9227,マイクロ波化学,2026-06-30,サービス業,本決算,グロース
2026-08-12,9229,サンウェルズ,2027-03-31,サービス業,第１四半期,プライム
2026-08-12,9247,ＴＲＥホールディングス,2027-03-31,サービス業,第１四半期,プライム
2026-08-12,9380,東海運,2027-03-31,倉庫・運輸関連業,第１四半期,スタンダード
2026-08-12,9466,アイドママーケティングコミュニケーション,2027-03-31,情報・通信業,第１四半期,スタンダード
2026-08-12,9514,エフオン,2026-06-30,電気・ガス業,本決算,スタンダード
2026-08-12,9633,東京テアトル,2027-03-31,不動産業,第１四半期,スタンダード
2026-08-12,9755,応用地質,2026-12-31,サービス業,第２四半期,プライム
2026-08-12,9780,ハリマビステム,2027-03-31,サービス業,第１四半期,スタンダード
2026-08-12,9850,グルメ杵屋,2027-03-31,小売業,第１四半期,プライム
2026-08-12,9856,ケーユーホールディングス,2027-03-31,小売業,第１四半期,スタンダード
2026-08-12,9900,サガミホールディングス,2027-03-31,小売業,第１四半期,プライム
2026-08-12,9941,太洋物産,2026-09-30,卸売業,第３四半期,スタンダード
2026-08-12,9996,サトー商会,2027-03-31,卸売業,第１四半期,スタンダード
2026-08-13,1384,ホクリヨウ,2027-03-31,水産・農林業,第１四半期,スタンダード
2026-08-13,141A,トライアルホールディングス,2026-06-30,小売業,本決算,グロース
2026-08-13,1431,Ｌｉｂ　Ｗｏｒｋ,2026-06-30,建設業,本決算,グロース
2026-08-13,1447,ＳＡＡＦホールディングス,2027-03-31,建設業,第１四半期,グロース
2026-08-13,148A,ハッチ・ワーク,2026-12-31,情報・通信業,第２四半期,グロース
2026-08-13,149A,シンカ,2026-12-31,情報・通信業,第２四半期,グロース
2026-08-13,150A,ＪＳＨ,2027-03-31,サービス業,第１四半期,グロース
2026-08-13,151A,ダイブグループ,2026-06-30,サービス業,本決算,グロース
2026-08-13,155A,情報戦略テクノロジー,2026-12-31,情報・通信業,第２四半期,グロース
2026-08-13,195A,ＭＵＳＣＡＴ　ＧＲＯＵＰ,2027-03-31,サービス業,第１四半期,グロース
2026-08-13,196A,ＭＦＳ,2026-06-30,その他金融業,本決算,グロース
2026-08-13,197A,タウンズ,2026-06-30,医薬品,本決算,スタンダード
2026-08-13,2180,サニーサイドアップグループ,2026-06-30,サービス業,本決算,スタンダード
2026-08-13,220A,Ｆａｂｅｒ　Ｃｏｍｐａｎｙ,2026-09-30,情報・通信業,第３四半期,スタンダード
2026-08-13,2266,六甲バター,2026-12-31,食料品,第２四半期,プライム
2026-08-13,2323,ｆｏｎｆｕｎ,2027-03-31,情報・通信業,第１四半期,スタンダード
2026-08-13,2332,クエスト,2027-03-31,情報・通信業,第１四半期,スタンダード
2026-08-13,2370,メディネット,2026-09-30,サービス業,第３四半期,グロース
2026-08-13,241A,ＲＯＸＸ,2026-09-30,情報・通信業,第３四半期,グロース
2026-08-13,2436,共同ピーアール,2026-12-31,サービス業,第２四半期,スタンダード
2026-08-13,2485,ティア,2026-09-30,サービス業,第３四半期,スタンダード
2026-08-13,2585,ライフドリンク　カンパニー,2027-03-31,食料品,第１四半期,プライム
2026-08-13,2749,ＪＰホールディングス,2027-03-31,サービス業,第１四半期,プライム
2026-08-13,2764,ひらまつ,2027-03-31,小売業,第１四半期,スタンダード
2026-08-13,2780,コメ兵ホールディングス,2027-03-31,小売業,第１四半期,スタンダード
2026-08-13,281A,インフォメティス,2026-12-31,情報・通信業,第２四半期,グロース
2026-08-13,2831,はごろもフーズ,2027-03-31,食料品,第１四半期,スタンダード
2026-08-13,288A,ラクサス・テクノロジーズ,2027-03-31,サービス業,第１四半期,グロース
2026-08-13,291A,リスキル,2027-03-31,サービス業,第１四半期,グロース
2026-08-13,3010,ポラリス・ホールディングス,2027-03-31,サービス業,第１四半期,スタンダード
2026-08-13,3099,三越伊勢丹ホールディングス,2027-03-31,小売業,第１四半期,プライム
2026-08-13,3138,富士山マガジンサービス,2026-12-31,小売業,第２四半期,スタンダード
2026-08-13,3182,オイシックス,2027-03-31,小売業,第１四半期,プライム
2026-08-13,3197,すかいらーくホールディングス,2026-12-31,小売業,第２四半期,プライム
2026-08-13,3245,ディア・ライフ,2026-09-30,不動産業,第３四半期,プライム
2026-08-13,3252,地主,2026-12-31,不動産業,第２四半期,プライム
2026-08-13,3300,アンビション　ＤＸ　ホールディングス,2026-06-30,不動産業,本決算,グロース
2026-08-13,3350,メタプラネット,2026-12-31,卸売業,第２四半期,スタンダード
2026-08-13,3358,Ｔｒａｉｌｈｅａｄ　Ｇｌｏｂａｌ　Ｈｏｌｄｉｎｇｓ,2027-03-31,小売業,第１四半期,スタンダード
2026-08-13,335A,ミライロ,2026-09-30,情報・通信業,第３四半期,グロース
2026-08-13,3375,ＺＯＡ,2027-03-31,小売業,第１四半期,スタンダード
2026-08-13,338A,ＺｅｎｍｕＴｅｃｈ,2026-12-31,情報・通信業,第２四半期,グロース
2026-08-13,343A,ＩＡＣＥトラベル,2027-03-31,サービス業,第１四半期,スタンダード
2026-08-13,3445,ＲＳ　Ｔｅｃｈｎｏｌｏｇｉｅｓ,2026-12-31,金属製品,第２四半期,プライム
2026-08-13,3465,ケイアイスター不動産,2027-03-31,不動産業,第１四半期,プライム
2026-08-13,3474,Ｇ－ＦＡＣＴＯＲＹ,2026-12-31,不動産業,第２四半期,グロース
2026-08-13,3538,ウイルプラスホールディングス,2026-06-30,小売業,本決算,スタンダード
2026-08-13,3559,ピーバンドットコム,2027-03-31,卸売業,第１四半期,スタンダード
2026-08-13,3561,力の源ホールディングス,2027-03-31,小売業,第１四半期,プライム
2026-08-13,3623,ビリングシステム,2026-12-31,情報・通信業,第２四半期,グロース
2026-08-13,3633,ＧＭＯペパボ,2026-12-31,情報・通信業,第２四半期,スタンダード
2026-08-13,3639,ボルテージ,2026-06-30,情報・通信業,本決算,スタンダード
2026-08-13,3649,ファインデックス,2026-12-31,情報・通信業,第２四半期,プライム
2026-08-13,3659,ネクソン,2026-12-31,情報・通信業,第２四半期,プライム
2026-08-13,3660,アイスタイル,2026-06-30,情報・通信業,本決算,プライム
2026-08-13,3679,じげん,2027-03-31,情報・通信業,第１四半期,プライム
2026-08-13,3682,エンカレッジ・テクノロジ,2027-03-31,情報・通信業,第１四半期,スタンダード
2026-08-13,3686,ディー・エル・イー,2027-03-31,情報・通信業,第１四半期,スタンダード
2026-08-13,3692,ＦＦＲＩセキュリティ,2027-03-31,情報・通信業,第１四半期,グロース
2026-08-13,3696,セレス,2026-12-31,情報・通信業,第２四半期,プライム
2026-08-13,3710,ジョルダン,2026-09-30,情報・通信業,第３四半期,スタンダード
2026-08-13,3727,アプリックス,2026-12-31,情報・通信業,第２四半期,グロース
2026-08-13,3788,ＧＭＯグローバルサイン・ホールディングス,2026-12-31,情報・通信業,第２四半期,プライム
2026-08-13,3799,キーウェアソリューションズ,2027-03-31,情報・通信業,第１四半期,スタンダード
2026-08-13,3803,イメージ情報開発,2027-03-31,情報・通信業,第１四半期,グロース
2026-08-13,3807,フィスコ,2026-12-31,情報・通信業,第２四半期,グロース
2026-08-13,3840,パス,2027-03-31,情報・通信業,第１四半期,スタンダード
2026-08-13,386A,みのや,2026-06-30,小売業,本決算,スタンダード
2026-08-13,3913,ＧｒｅｅｎＢｅｅ,2026-12-31,情報・通信業,第２四半期,スタンダード
2026-08-13,3920,アイビーシー,2026-09-30,情報・通信業,第３四半期,スタンダード
2026-08-13,3925,ダブルスタンダード,2027-03-31,情報・通信業,第１四半期,プライム
2026-08-13,3937,Ｕｂｉｃｏｍホールディングス,2027-03-31,情報・通信業,第１四半期,スタンダード
2026-08-13,3962,チェンジホールディングス,2027-03-31,情報・通信業,第１四半期,プライム
2026-08-13,3979,うるる,2027-03-31,情報・通信業,第１四半期,グロース
2026-08-13,3993,ＰＫＳＨＡ　Ｔｅｃｈｎｏｌｏｇｙ,2026-09-30,情報・通信業,第３四半期,プライム
2026-08-13,4040,南海化学,2027-03-31,化学,第１四半期,スタンダード
2026-08-13,4051,ＧＭＯフィナンシャルゲート,2026-09-30,情報・通信業,第３四半期,プライム
2026-08-13,4054,日本情報クリエイト,2026-06-30,情報・通信業,本決算,グロース
2026-08-13,4055,ティアンドエスグループ,2026-09-30,情報・通信業,第３四半期,グロース
2026-08-13,4058,トヨクモ,2026-12-31,情報・通信業,第２四半期,グロース
2026-08-13,4060,ｒａｋｕｍｏ,2026-12-31,情報・通信業,第２四半期,グロース
2026-08-13,410A,ＧＭＯコマース,2026-12-31,サービス業,第２四半期,グロース
2026-08-13,4118,カネカ,2027-03-31,化学,第１四半期,プライム
2026-08-13,415A,ＧＭＯ　ＴＥＣＨホールディングス,2026-12-31,サービス業,第２四半期,グロース
2026-08-13,4165,プレイド,2026-12-31,情報・通信業,第３四半期,グロース
2026-08-13,4166,かっこ,2026-12-31,情報・通信業,第２四半期,グロース
2026-08-13,4168,ヤプリ,2026-12-31,情報・通信業,第２四半期,グロース
2026-08-13,4180,Ａｐｐｉｅｒ　Ｇｒｏｕｐ,2026-12-31,情報・通信業,第２四半期,プライム
2026-08-13,4193,ファブリカホールディングス,2027-03-31,情報・通信業,第１四半期,スタンダード
2026-08-13,4196,ネオマーケティング,2026-09-30,情報・通信業,第３四半期,スタンダード
2026-08-13,4237,フジプレアム,2027-03-31,化学,第１四半期,スタンダード
2026-08-13,4264,セキュア,2026-12-31,情報・通信業,第２四半期,グロース
2026-08-13,4265,Ｉｎｓｔｉｔｕｔｉｏｎ　ｆｏｒ　ａ　Ｇｌｏｂａｌ　Ｓｏｃｉｅｔｙ,2027-03-31,情報・通信業,第１四半期,グロース
2026-08-13,4301,アミューズ,2027-03-31,サービス業,第１四半期,プライム
2026-08-13,4323,日本システム技術,2027-03-31,情報・通信業,第１四半期,プライム
2026-08-13,4331,テイクアンドギヴ・ニーズ,2026-12-31,サービス業,第２四半期,プライム
2026-08-13,4337,ぴあ,2027-03-31,サービス業,第１四半期,プライム
2026-08-13,4377,ワンキャリア,2026-12-31,情報・通信業,第２四半期,グロース
2026-08-13,4379,Ｐｈｏｔｏｓｙｎｔｈ,2026-12-31,情報・通信業,第２四半期,グロース
2026-08-13,4414,フレクト,2027-03-31,情報・通信業,第１四半期,グロース
2026-08-13,4424,Ａｍａｚｉａ,2026-09-30,情報・通信業,第３四半期,グロース
2026-08-13,4425,Ｋｕｄａｎ,2027-03-31,情報・通信業,第１四半期,グロース
2026-08-13,4438,Ｗｅｌｂｙ,2026-12-31,情報・通信業,第２四半期,グロース
2026-08-13,4478,フリー,2026-06-30,情報・通信業,本決算,グロース
2026-08-13,4480,メドレー,2026-12-31,情報・通信業,第２四半期,プライム
2026-08-13,4482,ウィルズ,2026-12-31,情報・通信業,第２四半期,グロース
2026-08-13,4574,大幸薬品,2026-12-31,医薬品,第２四半期,プライム
2026-08-13,4576,デ・ウエスタン・セラピテクス研究所,2026-12-31,医薬品,第２四半期,グロース
2026-08-13,4583,カイオム・バイオサイエンス,2026-12-31,医薬品,第２四半期,グロース
2026-08-13,4584,キッズウェル・バイオ,2027-03-31,医薬品,第１四半期,グロース
2026-08-13,4591,リボミック,2027-03-31,医薬品,第１四半期,グロース
2026-08-13,4597,ソレイジア・ファーマ,2026-12-31,医薬品,第２四半期,グロース
2026-08-13,4664,アール・エス・シー,2027-03-31,サービス業,第１四半期,スタンダード
2026-08-13,4704,トレンドマイクロ,2026-12-31,情報・通信業,第２四半期,プライム
2026-08-13,4725,ＣＡＣ　Ｈｏｌｄｉｎｇｓ,2026-12-31,情報・通信業,第２四半期,プライム
2026-08-13,475A,ギミック,2027-03-31,サービス業,第１四半期,スタンダード
2026-08-13,4776,サイボウズ,2026-12-31,情報・通信業,第２四半期,プライム
2026-08-13,479A,ＰＲＯＮＩ,2026-12-31,情報・通信業,第２四半期,グロース
2026-08-13,480A,リブ・コンサルティング,2026-12-31,サービス業,第２四半期,グロース
2026-08-13,4819,デジタルガレージ,2027-03-31,情報・通信業,第１四半期,プライム
2026-08-13,483A,テラテクノロジー,2027-03-31,情報・通信業,第１四半期,スタンダード
2026-08-13,485A,パワーエックス,2026-12-31,電気機器,第２四半期,グロース
2026-08-13,4882,ペルセウスプロテオミクス,2027-03-31,医薬品,第１四半期,グロース
2026-08-13,4888,ステラファーマ,2027-03-31,医薬品,第１四半期,グロース
2026-08-13,4893,ノイルイミューン・バイオテック,2026-12-31,医薬品,第２四半期,グロース
2026-08-13,4894,クオリプス,2027-03-31,医薬品,第１四半期,グロース
2026-08-13,4896,ケイファーマ,2026-12-31,医薬品,第２四半期,グロース
2026-08-13,4978,リプロセル,2027-03-31,化学,第１四半期,グロース
2026-08-13,5034,ｕｎｅｒｒｙ,2026-06-30,情報・通信業,本決算,グロース
2026-08-13,5035,ＨＯＵＳＥＩ,2026-12-31,情報・通信業,第２四半期,グロース
2026-08-13,5036,日本ビジネスシステムズ,2026-09-30,情報・通信業,第３四半期,プライム
2026-08-13,5137,スマートドライブ,2026-09-30,情報・通信業,第３四半期,グロース
2026-08-13,5138,Ｒｅｂａｓｅ,2027-03-31,情報・通信業,第１四半期,グロース
2026-08-13,5244,ｊｉｇ．ｊｐ,2027-03-31,情報・通信業,第１四半期,グロース
2026-08-13,5273,三谷セキサン,2027-03-31,ガラス・土石製品,第１四半期,スタンダード
2026-08-13,5368,日本インシュレーション,2027-03-31,ガラス・土石製品,第１四半期,スタンダード
2026-08-13,5537,ＡｌｂａＬｉｎｋ,2026-12-31,不動産業,第２四半期,グロース
2026-08-13,5586,Ｌａｂｏｒｏ．ＡＩ,2026-09-30,情報・通信業,第３四半期,グロース
2026-08-13,558A,ＳＱＵＥＥＺＥ,2026-12-31,サービス業,第２四半期,グロース
2026-08-13,5590,ネットスターズ,2026-12-31,情報・通信業,第２四半期,グロース
2026-08-13,5618,ナイル,2026-12-31,情報・通信業,第２四半期,グロース
2026-08-13,5698,エンビプロ・ホールディングス,2026-06-30,鉄鋼,本決算,スタンダード
2026-08-13,5704,ＪＭＣ,2026-12-31,非鉄金属,第２四半期,グロース
2026-08-13,5715,古河機械金属,2027-03-31,非鉄金属,第１四半期,プライム
2026-08-13,5845,全保連,2027-03-31,その他金融業,第１四半期,スタンダード
2026-08-13,5884,クラダシ,2026-06-30,小売業,本決算,グロース
2026-08-13,5892,ｙｕｔｏｒｉ,2027-03-31,小売業,第１四半期,グロース
2026-08-13,5974,中国工業,2027-03-31,金属製品,第１四半期,スタンダード
2026-08-13,5983,イワブチ,2027-03-31,金属製品,第１四半期,スタンダード
2026-08-13,5987,オーネックス,2026-06-30,金属製品,本決算,スタンダード
2026-08-13,598A,チャットプラス,2026-06-30,情報・通信業,本決算,グロース
2026-08-13,6030,アドベンチャー,2026-06-30,サービス業,本決算,グロース
2026-08-13,6063,日本エマージェンシーアシスタンス,2026-12-31,サービス業,第２四半期,スタンダード
2026-08-13,6078,バリューＨＲ,2026-12-31,サービス業,第２四半期,プライム
2026-08-13,6177,ＡｐｐＢａｎｋ,2026-12-31,サービス業,第２四半期,グロース
2026-08-13,6180,ＧＭＯメディア,2026-12-31,サービス業,第２四半期,グロース
2026-08-13,6193,バーチャレクス・ホールディングス,2027-03-31,サービス業,第１四半期,グロース
2026-08-13,6298,ワイエイシイホールディングス,2027-03-31,機械,第１四半期,プライム
2026-08-13,6340,澁谷工業,2026-06-30,機械,本決算,プライム
2026-08-13,6513,オリジン,2027-03-31,電気機器,第１四半期,スタンダード
2026-08-13,6547,グリーンズ,2026-06-30,サービス業,本決算,スタンダード
2026-08-13,6548,旅工房,2026-06-30,サービス業,本決算,グロース
2026-08-13,6560,エル・ティー・エス,2026-12-31,サービス業,第２四半期,プライム
2026-08-13,6571,キュービーネットホールディングス,2026-06-30,サービス業,本決算,プライム
2026-08-13,6579,ログリー,2027-03-31,サービス業,第１四半期,グロース
2026-08-13,6599,エブレン,2027-03-31,電気機器,第１四半期,スタンダード
2026-08-13,6625,ＪＡＬＣＯホールディングス,2027-03-31,不動産業,第１四半期,スタンダード
2026-08-13,6635,大日光・エンジニアリング,2026-12-31,電気機器,第２四半期,スタンダード
2026-08-13,6694,ズーム,2026-12-31,電気機器,第２四半期,スタンダード
2026-08-13,6707,サンケン電気,2027-03-31,電気機器,第１四半期,プライム
2026-08-13,6904,原田工業,2027-03-31,電気機器,第１四半期,スタンダード
2026-08-13,6918,アバールデータ,2027-03-31,電気機器,第１四半期,スタンダード
2026-08-13,7063,Ｂｉｒｄｍａｎ,2026-06-30,サービス業,本決算,グロース
2026-08-13,7069,サイバー・バズ,2026-09-30,サービス業,第３四半期,グロース
2026-08-13,7078,ＩＮＣＬＵＳＩＶＥ　Ｈｏｌｄｉｎｇｓ,2027-05-31,サービス業,第１四半期,グロース
2026-08-13,7114,フーディソン,2027-03-31,卸売業,第１四半期,グロース
2026-08-13,7127,一家ホールディングス,2027-03-31,小売業,第１四半期,スタンダード
2026-08-13,7138,ＴＯＲＩＣＯ,2027-03-31,小売業,第１四半期,グロース
2026-08-13,7347,マーキュリアホールディングス,2026-12-31,証券、商品先物取引業,第２四半期,プライム
2026-08-13,7356,Ｒｅｔｔｙ,2026-09-30,サービス業,第３四半期,グロース
2026-08-13,7367,セルム,2027-03-31,サービス業,第１四半期,スタンダード
2026-08-13,7369,メイホーホールディングス,2026-06-30,サービス業,本決算,グロース
2026-08-13,7409,ＡｅｒｏＥｄｇｅ,2026-06-30,輸送用機器,本決算,グロース
2026-08-13,7462,ＣＡＰＩＴＡ,2027-03-31,小売業,第１四半期,スタンダード
2026-08-13,7562,安楽亭,2027-03-31,小売業,第１四半期,スタンダード
2026-08-13,7585,かんなん丸,2026-06-30,小売業,本決算,スタンダード
2026-08-13,7698,アイスコ,2027-03-31,卸売業,第１四半期,スタンダード
2026-08-13,7776,セルシード,2026-12-31,精密機器,第２四半期,グロース
2026-08-13,7779,ＣＹＢＥＲＤＹＮＥ,2027-03-31,精密機器,第１四半期,グロース
2026-08-13,7794,イーディーピー,2027-03-31,その他製品,第１四半期,グロース
2026-08-13,7803,ブシロード,2026-06-30,その他製品,本決算,グロース
2026-08-13,7814,日本創発グループ,2026-12-31,その他製品,第２四半期,スタンダード
2026-08-13,7851,カワセコンピュータサプライ,2027-03-31,その他製品,第１四半期,スタンダード
2026-08-13,7886,ヤマト　モビリティ　＆　Ｍｆｇ．,2027-03-31,化学,第１四半期,スタンダード
2026-08-13,8039,築地魚市場,2027-03-31,卸売業,第１四半期,スタンダード
2026-08-13,8043,スターゼン,2027-03-31,卸売業,第１四半期,プライム
2026-08-13,8066,三谷商事,2027-03-31,卸売業,第１四半期,スタンダード
2026-08-13,8154,加賀電子,2027-03-31,卸売業,第１四半期,プライム
2026-08-13,8737,あかつき本社,2027-03-31,証券、商品先物取引業,第１四半期,スタンダード
2026-08-13,8912,エリアクエスト,2026-06-30,不動産業,本決算,スタンダード
2026-08-13,8946,ＡＳＩＡＮ　ＳＴＡＲ,2026-12-31,不動産業,第２四半期,スタンダード
2026-08-13,9073,京極運輸商事,2027-03-31,陸運業,第１四半期,スタンダード
2026-08-13,9173,東海汽船,2026-12-31,海運業,第２四半期,スタンダード
2026-08-13,9271,和心,2026-12-31,小売業,第２四半期,グロース
2026-08-13,9322,川西倉庫,2027-03-31,倉庫・運輸関連業,第１四半期,スタンダード
2026-08-13,9346,ココルポート,2026-06-30,サービス業,本決算,グロース
2026-08-13,9363,大運,2027-03-31,倉庫・運輸関連業,第１四半期,スタンダード
2026-08-13,9365,トレーディア,2027-03-31,倉庫・運輸関連業,第１四半期,スタンダード
2026-08-13,9419,ワイヤレスゲート,2026-12-31,情報・通信業,第２四半期,スタンダード
2026-08-13,9435,光通信,2027-03-31,情報・通信業,第１四半期,プライム
2026-08-13,9468,ＫＡＤＯＫＡＷＡ,2027-03-31,情報・通信業,第１四半期,プライム
2026-08-13,9621,建設技術研究所,2026-12-31,サービス業,第２四半期,プライム
2026-08-13,9625,セレスポ,2027-03-31,サービス業,第１四半期,スタンダード
2026-08-13,9658,ビジネスブレイン太田昭和,2027-03-31,情報・通信業,第１四半期,プライム
2026-08-13,9704,アゴーラ　ホスピタリティー　グループ,2026-12-31,サービス業,第２四半期,スタンダード
2026-08-13,9731,白洋舎,2026-12-31,サービス業,第２四半期,スタンダード
2026-08-13,9769,学究社,2027-03-31,サービス業,第１四半期,プライム
2026-08-13,9994,やまや,2027-03-31,小売業,第１四半期,スタンダード
2026-08-14,1380,秋川牧園,2027-03-31,水産・農林業,第１四半期,スタンダード
2026-08-14,1443,技研ホールディングス,2027-03-31,建設業,第１四半期,スタンダード
2026-08-14,145A,Ｌ　ｉｓ　Ｂ,2026-12-31,情報・通信業,第２四半期,グロース
2026-08-14,1491,中外鉱業,2027-03-31,非鉄金属,第１四半期,スタンダード
2026-08-14,153A,カウリス,2026-12-31,情報・通信業,第２四半期,グロース
2026-08-14,157A,グリーンモンスター,2026-06-30,サービス業,本決算,グロース
2026-08-14,160A,アズパートナーズ,2027-03-31,サービス業,第１四半期,スタンダード
2026-08-14,1711,ＳＤＳホールディングス,2027-03-31,建設業,第１四半期,スタンダード
2026-08-14,1716,第一カッター興業,2026-06-30,建設業,本決算,スタンダード
2026-08-14,173A,ハンモック,2027-03-31,情報・通信業,第１四半期,グロース
2026-08-14,175A,Ｗｉｌｌ　Ｓｍａｒｔ,2026-12-31,情報・通信業,第２四半期,グロース
2026-08-14,177A,コージンバイオ,2027-03-31,化学,第１四半期,グロース
2026-08-14,1783,ｆａｎｔａｓｉｓｔａ,2026-09-30,不動産業,第３四半期,スタンダード
2026-08-14,194A,ＷＯＬＶＥＳ　ＨＡＮＤ,2026-06-30,サービス業,本決算,グロース
2026-08-14,206A,ＰＲＩＳＭ　ＢｉｏＬａｂ,2026-09-30,医薬品,第３四半期,グロース
2026-08-14,2134,北浜キャピタルパートナーズ,2027-03-31,サービス業,第１四半期,スタンダード
2026-08-14,2158,ＦＲＯＮＴＥＯ,2027-03-31,サービス業,第１四半期,グロース
2026-08-14,2160,ジーエヌアイグループ,2026-12-31,医薬品,第２四半期,グロース
2026-08-14,2173,博展,2026-12-31,サービス業,第２四半期,グロース
2026-08-14,2183,リニカル,2027-03-31,サービス業,第１四半期,スタンダード
2026-08-14,219A,Ｈｅａｒｔｓｅｅｄ,2026-12-31,医薬品,第２四半期,グロース
2026-08-14,2215,第一屋製パン,2026-12-31,食料品,第２四半期,スタンダード
2026-08-14,2329,東北新社,2027-03-31,情報・通信業,第１四半期,スタンダード
2026-08-14,2330,フォーサイド,2026-12-31,情報・通信業,第２四半期,スタンダード
2026-08-14,2334,イオレ,2027-03-31,サービス業,第１四半期,グロース
2026-08-14,2340,極楽湯ホールディングス,2027-03-31,サービス業,第１四半期,スタンダード
2026-08-14,2351,ＡＳＪ,2027-03-31,情報・通信業,第１四半期,スタンダード
2026-08-14,2388,ウェッジホールディングス,2026-09-30,その他金融業,第３四半期,グロース
2026-08-14,2435,シダー,2027-03-31,サービス業,第１四半期,スタンダード
2026-08-14,247A,Ａｉロボティクス,2027-03-31,化学,第１四半期,グロース
2026-08-14,2498,オリエンタルコンサルタンツホールディングス,2026-09-30,サービス業,第３四半期,スタンダード
2026-08-14,2499,日本和装ホールディングス,2026-12-31,サービス業,第２四半期,スタンダード
2026-08-14,254A,ＡＩフュージョンキャピタルグループ,2027-03-31,証券、商品先物取引業,第１四半期,スタンダード
2026-08-14,2586,フルッタフルッタ,2027-03-31,食料品,第１四半期,グロース
2026-08-14,2597,ユニカフェ,2026-12-31,食料品,第２四半期,スタンダード
2026-08-14,261A,日水コン,2026-12-31,サービス業,第２四半期,スタンダード
2026-08-14,264A,Ｓｃｈｏｏ,2026-09-30,サービス業,第３四半期,グロース
2026-08-14,2652,まんだらけ,2026-09-30,小売業,第３四半期,スタンダード
2026-08-14,2654,アスモ,2027-03-31,小売業,第１四半期,スタンダード
2026-08-14,2656,ベクターホールディングス,2027-03-31,小売業,第１四半期,スタンダード
2026-08-14,265A,Ｈｍｃｏｍｍ,2026-12-31,情報・通信業,第２四半期,グロース
2026-08-14,2666,オートウェーブ,2027-03-31,小売業,第１四半期,スタンダード
2026-08-14,2673,夢みつけ隊,2027-03-31,小売業,第１四半期,スタンダード
2026-08-14,2708,久世,2027-03-31,卸売業,第１四半期,スタンダード
2026-08-14,2721,ジェイホールディングス,2026-12-31,卸売業,第２四半期,スタンダード
2026-08-14,2750,石光商事,2027-03-31,卸売業,第１四半期,スタンダード
2026-08-14,2762,ＳＡＮＫＯ　ＭＡＲＫＥＴＩＮＧ　ＦＯＯＤＳ,2026-06-30,小売業,本決算,スタンダード
2026-08-14,286A,ユカリア,2026-12-31,サービス業,第２四半期,グロース
2026-08-14,2874,横浜冷凍,2026-09-30,卸売業,第３四半期,プライム
2026-08-14,2876,デルソーレ,2027-03-31,食料品,第１四半期,スタンダード
2026-08-14,290A,Ｓｙｎｓｐｅｃｔｉｖｅ,2026-12-31,情報・通信業,第２四半期,グロース
2026-08-14,2962,テクニスコ,2026-06-30,金属製品,本決算,スタンダード
2026-08-14,298A,ＧＶＡ　ＴＥＣＨ,2026-12-31,情報・通信業,第２四半期,グロース
2026-08-14,2998,クリアル,2027-03-31,不動産業,第１四半期,グロース
2026-08-14,302A,ビースタイルホールディングス,2027-03-31,サービス業,第１四半期,グロース
2026-08-14,3041,ビューティカダンホールディングス,2026-06-30,卸売業,本決算,スタンダード
2026-08-14,3042,セキュアヴェイル,2027-03-31,情報・通信業,第１四半期,スタンダード
2026-08-14,3053,ペッパーフードサービス,2026-12-31,小売業,第２四半期,スタンダード
2026-08-14,3113,ＵＮＩＶＡ・Ｏａｋホールディングス,2027-03-31,証券、商品先物取引業,第１四半期,スタンダード
2026-08-14,3133,海帆,2027-03-31,小売業,第１四半期,グロース
2026-08-14,3135,マーケットエンタープライズ,2026-06-30,小売業,本決算,スタンダード
2026-08-14,3140,ＢＲＵＮＯ,2026-06-30,卸売業,本決算,グロース
2026-08-14,3175,エー・ピーホールディングス,2027-03-31,小売業,第１四半期,スタンダード
2026-08-14,3185,夢展望,2027-03-31,小売業,第１四半期,グロース
2026-08-14,3196,ホットランドホールディングス,2026-12-31,小売業,第２四半期,プライム
2026-08-14,319A,技術承継機構,2026-12-31,金属製品,第２四半期,グロース
2026-08-14,3224,ゼネラル・オイスター,2027-03-31,小売業,第１四半期,グロース
2026-08-14,3397,トリドールホールディングス,2027-03-31,小売業,第１四半期,プライム
2026-08-14,3409,北紡,2027-03-31,繊維製品,第１四半期,スタンダード
2026-08-14,3452,ビーロット,2026-12-31,不動産業,第２四半期,スタンダード
2026-08-14,3457,Ａｎｄ　Ｄｏホールディングス,2026-06-30,不動産業,本決算,プライム
2026-08-14,3469,デュアルタップ,2026-06-30,不動産業,本決算,スタンダード
2026-08-14,3489,フェイスネットワーク,2027-03-31,不動産業,第１四半期,スタンダード
2026-08-14,3624,アクセルマーク,2026-09-30,情報・通信業,第３四半期,グロース
2026-08-14,3625,テックファームホールディングス,2026-06-30,情報・通信業,本決算,グロース
2026-08-14,3661,エムアップホールディングス,2027-03-31,情報・通信業,第１四半期,プライム
2026-08-14,3664,ＷＩＺＥ,2026-12-31,情報・通信業,第２四半期,グロース
2026-08-14,3667,ｅｎｉｓｈ,2026-12-31,情報・通信業,第２四半期,スタンダード
2026-08-14,366A,ウェルネス・コミュニケーションズ,2027-03-31,サービス業,第１四半期,グロース
2026-08-14,3674,オークファン,2026-09-30,情報・通信業,第３四半期,グロース
2026-08-14,3691,デジタルプラス,2026-09-30,情報・通信業,第３四半期,グロース
2026-08-14,3694,オプティム,2027-03-31,情報・通信業,第１四半期,プライム
2026-08-14,3719,ＡＩストーム,2026-12-31,情報・通信業,第２四半期,スタンダード
2026-08-14,3726,フォーシーズＨＤ,2026-09-30,小売業,第３四半期,スタンダード
2026-08-14,3750,ＡＤＲバイオメディカルホールディングス,2027-03-31,情報・通信業,第１四半期,スタンダード
2026-08-14,3758,アエリア,2026-12-31,情報・通信業,第２四半期,スタンダード
2026-08-14,3763,プロシップ,2027-03-31,情報・通信業,第１四半期,プライム
2026-08-14,3769,ＧＭＯペイメントゲートウェイ,2026-09-30,情報・通信業,第３四半期,プライム
2026-08-14,3773,アドバンスト・メディア,2027-03-31,情報・通信業,第１四半期,グロース
2026-08-14,3777,環境フレンドリーホールディングス,2026-12-31,情報・通信業,第２四半期,グロース
2026-08-14,378A,ヒット,2026-06-30,サービス業,本決算,グロース
2026-08-14,3825,リミックスポイント,2027-03-31,小売業,第１四半期,スタンダード
2026-08-14,3844,コムチュア,2027-03-31,情報・通信業,第１四半期,プライム
2026-08-14,3845,アイフリークモバイル,2027-03-31,情報・通信業,第１四半期,スタンダード
2026-08-14,3853,アステリア,2027-03-31,情報・通信業,第１四半期,プライム
2026-08-14,3858,ユビキタスＡＩ,2027-03-31,情報・通信業,第１四半期,スタンダード
2026-08-14,3900,クラウドワークス,2026-09-30,情報・通信業,第３四半期,グロース
2026-08-14,3904,カヤック,2026-12-31,情報・通信業,第２四半期,グロース
2026-08-14,3905,データセクション,2027-03-31,情報・通信業,第１四半期,グロース
2026-08-14,3909,ショーケース,2027-03-31,情報・通信業,第１四半期,スタンダード
2026-08-14,3923,ラクス,2027-03-31,情報・通信業,第１四半期,プライム
2026-08-14,3927,フーバーブレイン,2027-03-31,情報・通信業,第１四半期,スタンダード
2026-08-14,3928,マイネット,2026-12-31,情報・通信業,第２四半期,スタンダード
2026-08-14,3929,ソーシャルワイヤー,2027-03-31,情報・通信業,第１四半期,グロース
2026-08-14,3933,チエル,2027-03-31,情報・通信業,第１四半期,スタンダード
2026-08-14,3936,グローバルウェイ,2027-03-31,情報・通信業,第１四半期,グロース
2026-08-14,3963,シンクロ・フード,2027-03-31,情報・通信業,第１四半期,プライム
2026-08-14,3970,イノベーション,2027-03-31,情報・通信業,第１四半期,スタンダード
2026-08-14,3976,シャノン,2026-12-31,情報・通信業,第２四半期,グロース
2026-08-14,3981,ビーグリー,2026-12-31,情報・通信業,第２四半期,スタンダード
2026-08-14,3983,オロ,2026-12-31,情報・通信業,第２四半期,プライム
2026-08-14,3989,シェアリングテクノロジー,2026-09-30,情報・通信業,第３四半期,グロース
2026-08-14,4011,ヘッドウォータース,2026-12-31,情報・通信業,第２四半期,グロース
2026-08-14,4019,スタメン,2026-12-31,情報・通信業,第２四半期,グロース
2026-08-14,4020,ビートレンド,2026-12-31,情報・通信業,第２四半期,グロース
2026-08-14,4052,フィーチャ,2026-06-30,情報・通信業,本決算,グロース
2026-08-14,4053,Ｓｕｎ　Ａｓｔｅｒｉｓｋ,2026-12-31,情報・通信業,第２四半期,プライム
2026-08-14,4059,まぐまぐ,2026-09-30,情報・通信業,第３四半期,スタンダード
2026-08-14,4068,ベイシス,2026-06-30,情報・通信業,本決算,グロース
2026-08-14,4073,ジィ・シィ企画,2026-06-30,情報・通信業,本決算,グロース
2026-08-14,4167,ココペリ,2027-03-31,情報・通信業,第１四半期,グロース
2026-08-14,4170,Ｋａｉｚｅｎ　Ｐｌａｔｆｏｒｍ,2026-12-31,情報・通信業,第２四半期,グロース
2026-08-14,4177,ｉ‐ｐｌｕｇ,2027-03-31,情報・通信業,第１四半期,グロース
2026-08-14,4178,Ｓｈａｒｉｎｇ　Ｉｎｎｏｖａｔｉｏｎｓ,2026-12-31,情報・通信業,第２四半期,グロース
2026-08-14,4179,ジーネクスト,2027-03-31,情報・通信業,第１四半期,グロース
2026-08-14,4235,ウルトラファブリックス・ホールディングス,2026-12-31,化学,第２四半期,スタンダード
2026-08-14,4251,恵和,2026-12-31,化学,第２四半期,プライム
2026-08-14,4256,サインド,2027-03-31,情報・通信業,第１四半期,グロース
2026-08-14,4260,ハイブリッドテクノロジーズ,2026-09-30,情報・通信業,第３四半期,グロース
2026-08-14,4261,アジアクエスト,2026-12-31,情報・通信業,第２四半期,グロース
2026-08-14,4288,アズジェント,2027-03-31,情報・通信業,第１四半期,スタンダード
2026-08-14,4299,ハイマックス,2027-03-31,情報・通信業,第１四半期,スタンダード
2026-08-14,4316,ビーマップ,2027-03-31,情報・通信業,第１四半期,グロース
2026-08-14,4324,電通グループ,2026-12-31,サービス業,第２四半期,プライム
2026-08-14,4346,ＮＥＸＹＺ．Ｇｒｏｕｐ,2026-09-30,その他金融業,第３四半期,スタンダード
2026-08-14,4371,コアコンセプト・テクノロジー,2026-12-31,情報・通信業,第２四半期,グロース
2026-08-14,4372,ユミルリンク,2026-12-31,情報・通信業,第２四半期,グロース
2026-08-14,4376,くふうカンパニーホールディングス,2026-09-30,情報・通信業,第３四半期,グロース
2026-08-14,4393,バンク・オブ・イノベーション,2026-09-30,情報・通信業,第３四半期,グロース
2026-08-14,4395,アクリート,2026-12-31,情報・通信業,第２四半期,グロース
2026-08-14,4418,ＪＤＳＣ,2026-06-30,情報・通信業,本決算,グロース
2026-08-14,4421,ディ・アイ・システム,2026-09-30,情報・通信業,第３四半期,スタンダード
2026-08-14,4428,シノプス,2026-12-31,情報・通信業,第２四半期,グロース
2026-08-14,4436,ミンカブ・ジ・インフォノイド,2027-03-31,情報・通信業,第１四半期,グロース
2026-08-14,4437,ｇｏｏｄｄａｙｓホールディングス,2027-03-31,情報・通信業,第１四半期,グロース
2026-08-14,4444,インフォネット,2027-03-31,情報・通信業,第１四半期,グロース
2026-08-14,4445,リビン・テクノロジーズ,2026-09-30,情報・通信業,第３四半期,グロース
2026-08-14,4448,ｋｕｂｅｌｌ,2026-12-31,情報・通信業,第２四半期,グロース
2026-08-14,4450,パワーソリューションズ,2026-12-31,情報・通信業,第２四半期,グロース
2026-08-14,4476,ＡＩ　ＣＲＯＳＳ,2026-12-31,情報・通信業,第２四半期,グロース
2026-08-14,4481,ベース,2026-12-31,情報・通信業,第２四半期,プライム
2026-08-14,4484,ランサーズ,2027-03-31,情報・通信業,第１四半期,グロース
2026-08-14,4486,ユナイトアンドグロウ,2026-12-31,情報・通信業,第２四半期,グロース
2026-08-14,4487,スペースマーケット,2026-09-30,情報・通信業,第２四半期,グロース
2026-08-14,4493,サイバーセキュリティクラウド,2026-12-31,情報・通信業,第２四半期,グロース
2026-08-14,4496,コマースＯｎｅホールディングス,2027-03-31,情報・通信業,第１四半期,グロース
2026-08-14,4499,Ｓｐｅｅｅ,2026-09-30,情報・通信業,第３四半期,スタンダード
2026-08-14,4563,アンジェス,2026-12-31,医薬品,第２四半期,グロース
2026-08-14,4579,ラクオリア創薬,2026-12-31,医薬品,第２四半期,グロース
2026-08-14,4594,ブライトパス・バイオ,2027-03-31,医薬品,第１四半期,グロース
2026-08-14,4596,窪田製薬ホールディングス,2026-12-31,医薬品,第２四半期,グロース
2026-08-14,4650,ＳＤエンターテイメント,2027-03-31,サービス業,第１四半期,スタンダード
2026-08-14,4657,環境管理センター,2026-06-30,サービス業,本決算,スタンダード
2026-08-14,4691,ワシントンホテル,2027-03-31,サービス業,第１四半期,スタンダード
2026-08-14,472A,ミラティブ,2026-12-31,情報・通信業,第２四半期,グロース
2026-08-14,4766,ピーエイ,2026-12-31,サービス業,第２四半期,スタンダード
2026-08-14,476A,辻・本郷ＩＴコンサルティング,2026-09-30,情報・通信業,第３四半期,スタンダード
2026-08-14,4777,ガーラ,2026-12-31,情報・通信業,第２四半期,スタンダード
2026-08-14,477A,スタートライン,2027-03-31,サービス業,第１四半期,グロース
2026-08-14,4784,ＧＭＯインターネット,2026-12-31,サービス業,第２四半期,プライム
2026-08-14,4811,ドリーム・アーツ,2026-12-31,情報・通信業,第２四半期,グロース
2026-08-14,4814,ネクストウェア,2027-03-31,情報・通信業,第１四半期,スタンダード
2026-08-14,4833,Ｄｅｆ　ｃｏｎｓｕｌｔｉｎｇ,2027-03-31,サービス業,第１四半期,グロース
2026-08-14,4845,スカラ,2026-06-30,情報・通信業,本決算,スタンダード
2026-08-14,4875,メディシノバ・インク,2026-12-31,医薬品,第２四半期,スタンダード（外国）
2026-08-14,4881,ファンペップ,2026-12-31,医薬品,第２四半期,グロース
2026-08-14,4889,レナサイエンス,2027-03-31,医薬品,第１四半期,グロース
2026-08-14,4891,ティムス,2026-12-31,医薬品,第２四半期,グロース
2026-08-14,4892,サイフューズ,2026-12-31,医薬品,第２四半期,グロース
2026-08-14,4925,ハーバー研究所,2027-03-31,化学,第１四半期,スタンダード
2026-08-14,4932,アルマード,2027-03-31,化学,第１四半期,スタンダード
2026-08-14,4990,昭和化学工業,2027-03-31,化学,第１四半期,スタンダード
2026-08-14,5010,日本精蝋,2026-12-31,石油・石炭製品,第２四半期,スタンダード
2026-08-14,5027,ＡｎｙＭｉｎｄ　Ｇｒｏｕｐ,2026-12-31,情報・通信業,第２四半期,グロース
2026-08-14,5028,セカンドサイトアナリティカ,2026-12-31,情報・通信業,第２四半期,グロース
2026-08-14,5033,ヌーラボ,2027-03-31,情報・通信業,第１四半期,グロース
2026-08-14,5038,ｅＷｅＬＬ,2026-12-31,情報・通信業,第２四半期,グロース
2026-08-14,5074,テスホールディングス,2026-06-30,建設業,本決算,プライム
2026-08-14,5125,ファインズ,2026-06-30,情報・通信業,本決算,グロース
2026-08-14,5133,テリロジーホールディングス,2027-03-31,情報・通信業,第１四半期,スタンダード
2026-08-14,5240,ｍｏｎｏＡＩ　ｔｅｃｈｎｏｌｏｇｙ,2026-12-31,情報・通信業,第２四半期,グロース
2026-08-14,5242,アイズ,2026-12-31,情報・通信業,第２四半期,グロース
2026-08-14,5247,ＢＴＭ,2027-03-31,情報・通信業,第１四半期,グロース
2026-08-14,5252,日本ナレッジ,2027-03-31,情報・通信業,第１四半期,グロース
2026-08-14,5255,モンスターラボ,2026-12-31,情報・通信業,第２四半期,グロース
2026-08-14,5258,トランザクション・メディア・ネットワークス,2027-03-31,情報・通信業,第１四半期,グロース
2026-08-14,554A,バトンズ,2027-03-31,情報・通信業,第１四半期,グロース
2026-08-14,5582,グリッド,2026-06-30,情報・通信業,本決算,グロース
2026-08-14,5587,インバウンドプラットフォーム,2026-09-30,情報・通信業,第３四半期,グロース
2026-08-14,5588,ファーストアカウンティング,2026-12-31,情報・通信業,第２四半期,グロース
2026-08-14,5591,ＡＶＩＬＥＮ,2026-12-31,情報・通信業,第２四半期,グロース
2026-08-14,5592,くすりの窓口,2027-03-31,情報・通信業,第１四半期,グロース
2026-08-14,5616,雨風太陽,2026-12-31,情報・通信業,第２四半期,グロース
2026-08-14,5619,マーソ,2026-12-31,情報・通信業,第２四半期,グロース
2026-08-14,5621,ヒューマンテクノロジーズ,2027-03-31,情報・通信業,第１四半期,グロース
2026-08-14,5707,東邦亜鉛,2027-03-31,非鉄金属,第１四半期,プライム
2026-08-14,5721,エスクリプトエナジー,2027-03-31,非鉄金属,第１四半期,スタンダード
2026-08-14,584A,ＬｉＮＫＸ,2026-06-30,情報・通信業,本決算,グロース
2026-08-14,5868,ロココ,2026-12-31,サービス業,第２四半期,スタンダード
2026-08-14,593A,ティアフォー,2026-09-30,情報・通信業,第３四半期,グロース
2026-08-14,6033,エクストリーム,2027-03-31,サービス業,第１四半期,グロース
2026-08-14,6036,ＫｅｅＰｅｒ技研,2026-06-30,サービス業,本決算,プライム
2026-08-14,6038,イード,2026-06-30,サービス業,本決算,グロース
2026-08-14,6039,日本動物高度医療センター,2027-03-31,サービス業,第１四半期,グロース
2026-08-14,603A,アイ・グリッド・ソリューションズ,2026-06-30,電気・ガス業,本決算,グロース
2026-08-14,6045,レントラックス,2027-03-31,サービス業,第１四半期,グロース
2026-08-14,6046,リンクバル,2026-09-30,サービス業,第３四半期,スタンダード
2026-08-14,6054,リブセンス,2026-12-31,サービス業,第２四半期,スタンダード
2026-08-14,6061,ユニバーサル園芸社,2026-06-30,サービス業,本決算,スタンダード
2026-08-14,6069,トレンダーズ,2027-03-31,サービス業,第１四半期,グロース
2026-08-14,6070,キャリアリンク,2027-03-31,サービス業,第１四半期,プライム
2026-08-14,6071,ＩＢＪ,2026-12-31,サービス業,第２四半期,プライム
2026-08-14,6081,アライドアーキテクツ,2026-12-31,サービス業,第２四半期,グロース
2026-08-14,6082,ライドオンエクスプレスホールディングス,2027-03-31,サービス業,第１四半期,スタンダード
2026-08-14,6092,エンバイオ・ホールディングス,2027-03-31,サービス業,第１四半期,スタンダード
2026-08-14,6176,ブランジスタ,2026-09-30,サービス業,第３四半期,スタンダード
2026-08-14,6190,フェニックスバイオ,2027-03-31,サービス業,第１四半期,グロース
2026-08-14,6191,エアトリ,2026-09-30,サービス業,第３四半期,プライム
2026-08-14,6198,キャリア,2026-09-30,サービス業,第３四半期,グロース
2026-08-14,6229,オーケーエム,2027-03-31,機械,第１四半期,スタンダード
2026-08-14,6232,ＡＣＳＬ,2026-12-31,機械,第２四半期,グロース
2026-08-14,6276,シリウスビジョン,2026-12-31,電気機器,第２四半期,スタンダード
2026-08-14,6343,フリージア・マクロス,2027-03-31,機械,第１四半期,スタンダード
2026-08-14,6361,荏原製作所,2026-12-31,機械,第２四半期,プライム
2026-08-14,6376,日機装,2026-12-31,精密機器,第２四半期,プライム
2026-08-14,6494,ＮＦＫホールディングス,2027-03-31,機械,第１四半期,スタンダード
2026-08-14,6497,ハマイ,2026-12-31,機械,第２四半期,スタンダード
2026-08-14,6533,Ｏｒｃｈｅｓｔｒａ　Ｈｏｌｄｉｎｇｓ,2026-12-31,サービス業,第２四半期,プライム
2026-08-14,6538,ディスラプターズ,2027-03-31,サービス業,第１四半期,スタンダード
2026-08-14,6545,インターネットインフィニティー,2027-03-31,サービス業,第１四半期,グロース
2026-08-14,6561,ＨＡＮＡＴＯＵＲ　ＪＡＰＡＮ,2026-12-31,サービス業,第２四半期,グロース
2026-08-14,6562,ジーニー,2027-03-31,サービス業,第１四半期,グロース
2026-08-14,6563,みらいワークス,2026-09-30,サービス業,第３四半期,グロース
2026-08-14,6573,ＣＲＡＶＩＡ,2026-12-31,サービス業,第２四半期,グロース
2026-08-14,6592,マブチモーター,2026-12-31,電気機器,第２四半期,プライム
2026-08-14,6597,ＨＰＣシステムズ,2026-06-30,電気機器,本決算,グロース
2026-08-14,6627,テラプローブ,2026-12-31,電気機器,第２四半期,スタンダード
2026-08-14,6630,ヤーマン,2026-12-31,電気機器,第２四半期,プライム
2026-08-14,6721,ウインテスト,2026-12-31,電気機器,第２四半期,スタンダード
2026-08-14,6728,アルバック,2026-06-30,電気機器,本決算,プライム
2026-08-14,6731,ピクセラ,2026-09-30,電気機器,第３四半期,スタンダード
2026-08-14,6819,伊豆シャボテンリゾート,2027-03-31,サービス業,第１四半期,スタンダード
2026-08-14,6820,アイコム,2027-03-31,電気機器,第１四半期,プライム
2026-08-14,6835,アライドテレシスホールディングス,2026-12-31,電気機器,第２四半期,スタンダード
2026-08-14,6890,フェローテック,2026-12-31,電気機器,第１四半期,スタンダード
2026-08-14,6942,ソフィアホールディングス,2027-03-31,情報・通信業,第１四半期,スタンダード
2026-08-14,6951,日本電子,2027-03-31,電気機器,第１四半期,プライム
2026-08-14,6977,日本抵抗器製作所,2026-12-31,電気機器,第２四半期,スタンダード
2026-08-14,7031,インバウンドテック,2027-03-31,サービス業,第１四半期,グロース
2026-08-14,7033,マネジメントソリューションズ,2026-12-31,サービス業,第２四半期,プライム
2026-08-14,7038,フロンティア・マネジメント,2026-12-31,サービス業,第２四半期,プライム
2026-08-14,7039,ブリッジインターナショナルグループ,2026-12-31,サービス業,第２四半期,グロース
2026-08-14,7041,ＣＲＧホールディングス,2026-09-30,サービス業,第３四半期,グロース
2026-08-14,7042,アクセスグループ・ホールディングス,2027-03-31,サービス業,第１四半期,スタンダード
2026-08-14,7044,ピアラ,2026-12-31,サービス業,第２四半期,スタンダード
2026-08-14,7048,ベルトラ,2026-12-31,サービス業,第２四半期,グロース
2026-08-14,7057,エヌ・シー・エヌ,2027-03-31,サービス業,第１四半期,スタンダード
2026-08-14,7061,日本ホスピスホールディングス,2026-12-31,サービス業,第２四半期,グロース
2026-08-14,7062,フレアス,2027-03-31,サービス業,第１四半期,グロース
2026-08-14,7066,ピアズ,2026-09-30,サービス業,第３四半期,グロース
2026-08-14,7071,アンビスホールディングス,2026-09-30,サービス業,第３四半期,プライム
2026-08-14,7072,インティメート・マージャー,2026-09-30,サービス業,第３四半期,グロース
2026-08-14,7082,ジモティー,2026-12-31,サービス業,第２四半期,グロース
2026-08-14,7084,Ｓｍｉｌｅ　Ｈｏｌｄｉｎｇｓ,2027-03-31,サービス業,第１四半期,グロース
2026-08-14,7091,リビングプラットフォーム,2027-03-31,サービス業,第１四半期,グロース
2026-08-14,7093,アディッシュ,2026-12-31,サービス業,第２四半期,グロース
2026-08-14,7112,キューブ,2026-12-31,小売業,第２四半期,グロース
2026-08-14,7120,ＳＨＩＮＫＯ,2027-03-31,卸売業,第１四半期,スタンダード
2026-08-14,7256,河西工業,2027-03-31,輸送用機器,第１四半期,スタンダード
2026-08-14,7273,イクヨ,2027-03-31,輸送用機器,第１四半期,スタンダード
2026-08-14,7320,Ｓｏｌｖｖｙ,2026-06-30,その他金融業,本決算,グロース
2026-08-14,7325,アイリックコーポレーション,2026-06-30,保険業,本決算,グロース
2026-08-14,7345,アイ・パートナーズフィナンシャル,2027-03-31,その他金融業,第１四半期,グロース
2026-08-14,7350,おきなわフィナンシャルグループ,2027-03-31,銀行業,第１四半期,プライム
2026-08-14,7353,ＫＩＹＯラーニング,2026-12-31,サービス業,第２四半期,グロース
2026-08-14,7354,ダイレクトマーケティングミックス,2026-12-31,サービス業,第２四半期,スタンダード
2026-08-14,7362,Ｔ．Ｓ．Ｉ,2026-12-31,サービス業,第２四半期,グロース
2026-08-14,7363,ベビーカレンダー,2026-12-31,サービス業,第２四半期,グロース
2026-08-14,7371,Ｚｅｎｋｅｎ,2026-06-30,サービス業,本決算,グロース
2026-08-14,7375,リファインバースグループ,2026-06-30,サービス業,本決算,グロース
2026-08-14,7383,ネットプロテクションズホールディングス,2027-03-31,その他金融業,第１四半期,プライム
2026-08-14,7389,あいちフィナンシャルグループ,2027-03-31,銀行業,第１四半期,プライム
2026-08-14,7494,コナカ,2026-09-30,小売業,第３四半期,スタンダード
2026-08-14,7522,ワタミ,2027-03-31,小売業,第１四半期,プライム
2026-08-14,7524,マルシェ,2027-03-31,小売業,第１四半期,スタンダード
2026-08-14,7555,大田花き,2027-03-31,卸売業,第１四半期,スタンダード
2026-08-14,7571,ヤマノホールディングス,2027-03-31,小売業,第１四半期,スタンダード
2026-08-14,7578,ニチリョク,2027-03-31,小売業,第１四半期,スタンダード
2026-08-14,7596,魚力,2027-03-31,小売業,第１四半期,プライム
2026-08-14,7638,ＮＥＷ　ＡＲＴ　ＨＯＬＤＩＮＧＳ,2027-03-31,小売業,第１四半期,スタンダード
2026-08-14,7677,ヤシマキザイ,2027-03-31,卸売業,第１四半期,スタンダード
2026-08-14,7685,ＢｕｙＳｅｌｌ　Ｔｅｃｈｎｏｌｏｇｉｅｓ,2026-12-31,卸売業,第２四半期,グロース
2026-08-14,7686,ひとまいる,2027-03-31,小売業,第１四半期,スタンダード
2026-08-14,7694,いつも,2027-03-31,小売業,第１四半期,グロース
2026-08-14,7695,交換できるくん,2027-03-31,小売業,第１四半期,グロース
2026-08-14,7707,プレシジョン・システム・サイエンス,2026-06-30,精密機器,本決算,グロース
2026-08-14,7744,ノーリツ鋼機,2026-12-31,精密機器,第２四半期,プライム
2026-08-14,7747,朝日インテック,2026-06-30,精密機器,本決算,プライム
2026-08-14,7762,シチズン時計,2027-03-31,精密機器,第１四半期,プライム
2026-08-14,7781,平山ホールディングス,2026-06-30,精密機器,本決算,スタンダード
2026-08-14,7782,シンシア,2026-12-31,精密機器,第２四半期,スタンダード
2026-08-14,7793,イメージ・マジック,2026-12-31,その他製品,第２四半期,グロース
2026-08-14,7809,壽屋,2026-06-30,その他製品,本決算,スタンダード
2026-08-14,7812,クレステック,2026-06-30,その他製品,本決算,スタンダード
2026-08-14,7836,アビックス,2027-03-31,その他製品,第１四半期,スタンダード
2026-08-14,7936,アシックス,2026-12-31,その他製品,第２四半期,プライム
2026-08-14,8041,ＯＵＧホールディングス,2027-03-31,卸売業,第１四半期,スタンダード
2026-08-14,8070,東京産業,2027-03-31,卸売業,第１四半期,プライム
2026-08-14,8202,ラオックスホールディングス,2026-12-31,小売業,第２四半期,スタンダード
2026-08-14,8281,ゼビオホールディングス,2027-03-31,小売業,第１四半期,プライム
2026-08-14,8399,琉球銀行,2027-03-31,銀行業,第１四半期,プライム
2026-08-14,8518,日本アジア投資,2027-03-31,証券、商品先物取引業,第１四半期,スタンダード
2026-08-14,8630,ＳＯＭＰＯホールディングス,2027-03-31,保険業,第１四半期,プライム
2026-08-14,8725,ＭＳ＆ＡＤインシュアランスグループホールディングス,2027-03-31,保険業,第１四半期,プライム
2026-08-14,8746,ｕｎｂａｎｋｅｄ,2027-03-31,証券、商品先物取引業,第１四半期,スタンダード
2026-08-14,8769,アドバンテッジリスクマネジメント,2027-03-31,サービス業,第１四半期,スタンダード
2026-08-14,8798,アドバンスクリエイト,2026-09-30,保険業,第３四半期,プライム
2026-08-14,8836,ＲＩＳＥ,2027-03-31,不動産業,第１四半期,スタンダード
2026-08-14,8938,グローム・ホールディングス,2027-03-31,不動産業,第１四半期,グロース
2026-08-14,9087,タカセ,2027-03-31,陸運業,第１四半期,スタンダード
2026-08-14,9145,ビーイングホールディングス,2026-12-31,陸運業,第２四半期,スタンダード
2026-08-14,9159,Ｗ　ＴＯＫＹＯ,2026-06-30,サービス業,本決算,グロース
2026-08-14,9160,オンザページ,2026-12-31,サービス業,第２四半期,スタンダード
2026-08-14,9211,エフ・コード,2026-12-31,サービス業,第２四半期,グロース
2026-08-14,9212,Ｇｒｅｅｎ　Ｅａｒｔｈ　Ｉｎｓｔｉｔｕｔｅ,2026-09-30,サービス業,第３四半期,グロース
2026-08-14,9213,セイファート,2026-12-31,サービス業,第２四半期,スタンダード
2026-08-14,9218,メンタルヘルステクノロジーズ,2026-12-31,サービス業,第２四半期,グロース
2026-08-14,9219,ギックス,2026-06-30,サービス業,本決算,グロース
2026-08-14,9244,デジタリフト,2026-09-30,サービス業,第３四半期,グロース
2026-08-14,9246,プロジェクトホールディングス,2026-12-31,サービス業,第２四半期,グロース
2026-08-14,9254,ラバブルマーケティンググループ,2027-03-31,サービス業,第１四半期,グロース
2026-08-14,9282,いちごグリーンインフラ投資法人,2026-06-30,インフラファンド,-,インフラファンド
2026-08-14,9327,イー・ロジット,2027-03-31,倉庫・運輸関連業,第１四半期,スタンダード
2026-08-14,9344,アクシスコンサルティング,2026-06-30,サービス業,本決算,グロース
2026-08-14,9345,ビズメイツ,2026-12-31,サービス業,第２四半期,グロース
2026-08-14,9417,スマートバリュー,2026-06-30,情報・通信業,本決算,スタンダード
2026-08-14,9449,ＧＭＯインターネットグループ,2026-12-31,情報・通信業,第２四半期,プライム
2026-08-14,9450,ファイバーゲート,2026-06-30,情報・通信業,本決算,スタンダード
2026-08-14,9467,アルファポリス,2027-03-31,情報・通信業,第１四半期,グロース
2026-08-14,9552,クオンツ総研ホールディングス,2026-09-30,サービス業,第３四半期,プライム
2026-08-14,9553,マイクロアド,2026-09-30,サービス業,第３四半期,グロース
2026-08-14,9554,ＡＶｉＣ,2026-09-30,サービス業,第３四半期,グロース
2026-08-14,9557,エアークローゼット,2026-06-30,サービス業,本決算,グロース
2026-08-14,9561,グラッドキューブ,2026-12-31,サービス業,第２四半期,グロース
2026-08-14,9563,Ａｔｌａｓ　Ｔｅｃｈｎｏｌｏｇｉｅｓ,2026-12-31,サービス業,第２四半期,グロース
2026-08-14,9565,ＧＬＯＥ,2026-06-30,サービス業,本決算,グロース
2026-08-14,9610,ウィルソン・ラーニング　ワールドワイド,2027-03-31,サービス業,第１四半期,スタンダード
2026-08-14,9612,ラックランド,2026-12-31,サービス業,第２四半期,プライム
2026-08-14,9628,燦ホールディングス,2026-08-31,サービス業,第５四半期,プライム
2026-08-14,9760,進学会ホールディングス,2027-03-31,サービス業,第１四半期,スタンダード
2026-08-14,9887,松屋フーズホールディングス,2027-03-31,小売業,第１四半期,プライム
2026-08-14,9989,サンドラッグ,2027-03-31,小売業,第１四半期,プライム
2026-08-17,4651,サニックスホールディングス,2027-03-31,サービス業,第１四半期,スタンダード
2026-08-17,8951,日本ビルファンド投資法人,2026-06-30,REIT,-,REIT
2026-08-17,8955,日本プライムリアルティ投資法人,2026-06-30,REIT,-,REIT
2026-08-17,8964,三井不動産商業ファンド投資法人,2026-06-30,REIT,-,REIT
2026-08-17,9284,カナディアン・ソーラー・インフラ投資法人,2026-06-30,インフラファンド,-,インフラファンド
2026-08-17,9439,エム・エイチ・グループ,2026-06-30,サービス業,本決算,スタンダード
2026-08-18,3487,ＣＲＥロジスティクスファンド投資法人,2026-06-30,REIT,-,REIT
2026-08-18,6327,北川精機,2026-06-30,機械,本決算,スタンダード
2026-08-18,7532,パン・パシフィック・インターナショナルホールディングス,2026-06-30,小売業,本決算,プライム
2026-08-19,3076,あい　ホールディングス,2026-06-30,卸売業,本決算,プライム
2026-08-19,3470,マリモ地方創生リート投資法人,2026-06-30,REIT,-,REIT
2026-08-20,3296,日本リート投資法人,2026-06-30,REIT,-,REIT
2026-08-21,8987,ジャパンエクセレント投資法人,2026-06-30,REIT,-,REIT
2026-08-21,9285,東京インフラ・エネルギー投資法人,2026-06-30,インフラファンド,-,インフラファンド
2026-08-25,7590,タカショー,2027-01-20,卸売業,第２四半期,スタンダード
2026-08-25,8963,インヴィンシブル投資法人,2026-06-30,REIT,-,REIT
2026-08-26,8985,ジャパン・ホテル・リート投資法人,2026-12-31,REIT,-,REIT
2026-08-27,2590,ダイドーグループホールディングス,2027-01-20,食料品,第２四半期,プライム
2026-08-28,4707,キタック,2026-10-20,サービス業,第３四半期,スタンダード
2026-08-31,3031,ラクーンホールディングス,2027-04-30,情報・通信業,第１四半期,プライム
2026-08-31,3329,東和フードサービス,2027-04-30,小売業,第１四半期,スタンダード
2026-08-31,4369,トリケミカル研究所,2027-01-31,化学,第２四半期,プライム
2026-08-31,436A,サイバーソリューションズ,2027-04-30,情報・通信業,第１四半期,グロース
2026-08-31,4666,パーク２４,2026-10-31,不動産業,第３四半期,プライム
2026-09-01,2593,伊藤園,2027-04-30,食料品,第１四半期,プライム
2026-09-01,4750,ダイサン,2027-04-20,サービス業,第１四半期,スタンダード
2026-09-01,7865,ピープル,2027-01-20,その他製品,第２四半期,スタンダード
2026-09-02,8057,内田洋行,2026-07-20,卸売業,本決算,プライム
2026-09-03,6654,不二電機工業,2027-01-31,電気機器,第２四半期,スタンダード
2026-09-04,1873,日本ハウスホールディングス,2027-04-30,建設業,第１四半期,プライム
2026-09-04,2910,ロック・フィールド,2027-04-30,食料品,第１四半期,プライム
2026-09-04,3172,ティーライフ,2026-07-31,小売業,本決算,スタンダード
2026-09-04,3662,エイチームホールディングス,2026-07-31,情報・通信業,本決算,プライム
2026-09-04,3816,大和コンピューター,2026-07-31,情報・通信業,本決算,スタンダード
2026-09-04,4627,ナトコ,2026-10-31,化学,第３四半期,スタンダード
2026-09-04,7265,エイケン工業,2026-10-31,輸送用機器,第３四半期,スタンダード
2026-09-04,7279,ハイレックスコーポレーション,2026-10-31,輸送用機器,第３四半期,スタンダード
2026-09-04,8917,ファースト住建,2026-10-31,不動産業,第３四半期,スタンダード
2026-09-04,9678,カナモト,2026-10-31,サービス業,第３四半期,プライム
2026-09-04,9824,泉州電業,2026-10-31,卸売業,第３四半期,プライム
2026-09-07,3854,アイル,2026-07-31,情報・通信業,本決算,プライム
2026-09-07,7856,萩原工業,2026-10-31,その他製品,第３四半期,プライム
2026-09-08,1436,グリーンエナジー＆カンパニー,2027-04-30,建設業,第１四半期,グロース
2026-09-08,2438,アスカネット,2027-04-30,サービス業,第１四半期,グロース
2026-09-08,3071,ストリーム,2027-01-31,小売業,第２四半期,スタンダード
2026-09-08,4238,ミライアル,2027-01-31,化学,第２四半期,スタンダード
2026-09-08,4880,セルソース,2026-10-31,医薬品,第３四半期,スタンダード
2026-09-08,9632,スバル興業,2027-01-31,サービス業,第２四半期,スタンダード
2026-09-08,9636,きんえい,2027-01-31,サービス業,第２四半期,スタンダード
2026-09-09,1433,ベステラ,2027-01-31,建設業,第２四半期,プライム
2026-09-09,2294,柿安本店,2027-04-30,食料品,第１四半期,プライム
2026-09-09,2751,テンポスホールディングス,2027-04-30,卸売業,第１四半期,スタンダード
2026-09-09,3180,ビューティガレージ,2027-04-30,卸売業,第１四半期,プライム
2026-09-09,4599,ステムリム,2026-07-31,医薬品,本決算,グロース
2026-09-09,5032,ＡＮＹＣＯＬＯＲ,2027-04-30,情報・通信業,第１四半期,プライム
2026-09-09,5132,ｐｌｕｓｚｅｒｏ,2026-10-31,情報・通信業,第３四半期,グロース
2026-09-09,6966,三井ハイテック,2027-01-31,電気機器,第２四半期,プライム
2026-09-09,7064,ハウテレビジョン,2027-01-31,サービス業,第２四半期,スタンダード
2026-09-09,7678,あさくま,2027-01-31,小売業,第２四半期,スタンダード
2026-09-09,7804,ビーアンドピー,2026-10-31,その他製品,第３四半期,スタンダード
2026-09-10,1758,太洋基礎工業,2027-01-31,建設業,第２四半期,スタンダード
2026-09-10,1928,積水ハウス,2027-01-31,建設業,第２四半期,プライム
2026-09-10,215A,タイミー,2027-04-30,サービス業,第１四半期,グロース
2026-09-10,2163,アルトナー,2027-01-31,サービス業,第２四半期,プライム
2026-09-10,2198,アイ・ケイ・ケイホールディングス,2026-10-31,サービス業,第３四半期,プライム
2026-09-10,2375,ギグワークス,2026-10-31,サービス業,第３四半期,スタンダード
2026-09-10,2776,新都ホールディングス,2027-01-31,卸売業,第２四半期,スタンダード
2026-09-10,2923,サトウ食品,2027-04-30,食料品,第１四半期,スタンダード
2026-09-10,2983,アールプランナー,2027-01-31,不動産業,第２四半期,グロース
2026-09-10,3070,ジェリービーンズグループ,2027-01-31,卸売業,第２四半期,グロース
2026-09-10,3246,コーセーアールイー,2027-01-31,不動産業,第２四半期,スタンダード
2026-09-10,3248,アールエイジ,2026-10-31,不動産業,第３四半期,スタンダード
2026-09-10,350A,デジタルグリッド,2026-07-31,電気・ガス業,本決算,グロース
2026-09-10,4014,カラダノート,2026-07-31,情報・通信業,本決算,グロース
2026-09-10,4026,神島化学工業,2027-04-30,ガラス・土石製品,第１四半期,スタンダード
2026-09-10,4194,ビジョナル,2026-07-31,情報・通信業,本決算,プライム
2026-09-10,4334,ユークス,2027-01-31,情報・通信業,第２四半期,スタンダード
2026-09-10,4422,ＶＡＬＵＥＮＥＸ,2026-07-31,情報・通信業,本決算,グロース
2026-09-10,4441,トビラシステムズ,2026-10-31,情報・通信業,第３四半期,スタンダード
2026-09-10,5031,モイ,2027-01-31,情報・通信業,第２四半期,グロース
2026-09-10,5971,共和工業所,2027-04-30,金属製品,第１四半期,スタンダード
2026-09-10,6184,鎌倉新書,2027-01-31,サービス業,第２四半期,プライム
2026-09-10,6535,アイモバイル,2026-07-31,サービス業,本決算,プライム
2026-09-10,6577,ベストワンドットコム,2026-07-31,サービス業,本決算,グロース
2026-09-10,6619,ダブル・スコープ,2027-01-31,電気機器,第２四半期,プライム
2026-09-10,6696,トラース・オン・プロダクト,2027-01-31,電気機器,第２四半期,グロース
2026-09-10,6778,アルチザネットワークス,2026-07-31,電気機器,本決算,スタンダード
2026-09-10,7095,Ｍａｃｂｅｅ　Ｐｌａｎｅｔ,2027-04-30,サービス業,第１四半期,プライム
2026-09-10,7196,Ｃａｓａ,2027-01-31,その他金融業,第２四半期,スタンダード
2026-09-10,7640,トップカルチャー,2026-10-31,小売業,第３四半期,スタンダード
2026-09-10,7682,浜木綿,2026-07-31,小売業,本決算,スタンダード
2026-09-10,9692,シーイーシー,2027-01-31,情報・通信業,第２四半期,プライム
2026-09-11,1844,大盛工業,2026-07-31,建設業,本決算,スタンダード
2026-09-11,186A,アストロスケールホールディングス,2027-04-30,サービス業,第１四半期,グロース
2026-09-11,211A,カドス・コーポレーション,2026-07-31,建設業,本決算,スタンダード
2026-09-11,218A,Ｌｉｂｅｒａｗａｒｅ,2026-07-31,精密機器,本決算,グロース
2026-09-11,2217,モロゾフ,2027-01-31,食料品,第２四半期,プライム
2026-09-11,2353,日本駐車場開発,2026-07-31,不動産業,本決算,プライム
2026-09-11,2373,ケア２１,2026-10-31,サービス業,第３四半期,スタンダード
2026-09-11,2695,くら寿司,2026-10-31,小売業,第３四半期,プライム
2026-09-11,2929,ファーマフーズ,2026-07-31,食料品,本決算,プライム
2026-09-11,2991,ランドネット,2026-07-31,不動産業,本決算,スタンダード
2026-09-11,3038,神戸物産,2026-10-31,卸売業,第３四半期,プライム
2026-09-11,3159,丸善ＣＨＩホールディングス,2027-01-31,小売業,第２四半期,スタンダード
2026-09-11,3161,アゼアス,2027-04-30,卸売業,第１四半期,スタンダード
2026-09-11,3193,エターナルホスピタリティグループ,2026-07-31,小売業,本決算,プライム
2026-09-11,3320,クロスプラス,2027-01-31,卸売業,第２四半期,スタンダード
2026-09-11,3361,トーエル,2027-04-30,小売業,第１四半期,スタンダード
2026-09-11,3399,丸千代山岡家,2027-01-31,小売業,第２四半期,スタンダード
2026-09-11,3421,稲葉製作所,2026-07-31,金属製品,本決算,スタンダード
2026-09-11,3444,菊池製作所,2027-04-30,金属製品,第１四半期,スタンダード
2026-09-11,3480,ジェイ・エス・ビー,2026-10-31,不動産業,第３四半期,プライム
2026-09-11,3524,日東製網,2027-04-30,繊維製品,第１四半期,スタンダード
2026-09-11,3539,ＪＭホールディングス,2026-07-31,小売業,本決算,プライム
2026-09-11,3653,モルフォ,2026-10-31,情報・通信業,第３四半期,グロース
2026-09-11,3733,ソフトウェア・サービス,2026-10-31,情報・通信業,第３四半期,スタンダード
2026-09-11,3903,ｇｕｍｉ,2027-04-30,情報・通信業,第１四半期,プライム
2026-09-11,3921,ネオジャパン,2027-01-31,情報・通信業,第２四半期,プライム
2026-09-11,3930,はてな,2026-07-31,情報・通信業,本決算,グロース
2026-09-11,3974,ＳＣＡＴ,2026-10-31,情報・通信業,第３四半期,スタンダード
2026-09-11,4075,ブレインズテクノロジー,2026-07-31,情報・通信業,本決算,グロース
2026-09-11,4175,ｃｏｌｙ,2027-01-31,情報・通信業,第２四半期,グロース
2026-09-11,4287,ジャストプランニング,2027-01-31,情報・通信業,第２四半期,スタンダード
2026-09-11,4378,ＣＩＮＣ,2026-10-31,情報・通信業,第３四半期,グロース
2026-09-11,4382,ＨＥＲＯＺ,2027-04-30,情報・通信業,第１四半期,スタンダード
2026-09-11,446A,ノースサンド,2027-01-31,サービス業,第２四半期,グロース
2026-09-11,456A,ＨＵＭＡＮ　ＭＡＤＥ,2027-01-31,小売業,第２四半期,グロース
2026-09-11,460A,ＢＲＡＮＵ,2026-10-31,情報・通信業,第３四半期,グロース
2026-09-11,4813,ＡＣＣＥＳＳ,2027-01-31,情報・通信業,第２四半期,プライム
2026-09-11,4996,クミアイ化学工業,2026-10-31,化学,第３四半期,プライム
2026-09-11,5131,リンカーズ,2026-07-31,情報・通信業,本決算,グロース
2026-09-11,5134,ＰＯＰＥＲ,2026-10-31,情報・通信業,第３四半期,グロース
2026-09-11,5218,オハラ,2026-10-31,ガラス・土石製品,第３四半期,スタンダード
2026-09-11,5572,Ｒｉｄｇｅ－ｉ,2026-07-31,情報・通信業,本決算,グロース
2026-09-11,5889,Ｊａｐａｎ　Ｅｙｅｗｅａｒ　Ｈｏｌｄｉｎｇｓ,2027-01-31,小売業,第２四半期,プライム
2026-09-11,6040,日本スキー場開発,2026-07-31,サービス業,本決算,グロース
2026-09-11,6049,イトクロ,2026-10-31,サービス業,第３四半期,グロース
2026-09-11,6091,ウエスコホールディングス,2026-07-31,サービス業,本決算,スタンダード
2026-09-11,6267,ゼネラルパッカー,2026-07-31,機械,本決算,スタンダード
2026-09-11,6336,石井表記,2027-01-31,機械,第２四半期,スタンダード
2026-09-11,6656,インスペック,2027-04-30,電気機器,第１四半期,スタンダード
2026-09-11,6757,ＯＳＧコーポレーション,2027-01-31,電気機器,第２四半期,スタンダード
2026-09-11,6898,トミタ電機,2027-01-31,電気機器,第２四半期,スタンダード
2026-09-11,7058,共栄セキュリティーサービス,2026-07-31,サービス業,本決算,スタンダード
2026-09-11,7097,さくらさくプラス,2026-07-31,サービス業,本決算,グロース
2026-09-11,7126,グローバルスタイル,2026-07-31,小売業,本決算,スタンダード
2026-09-11,7131,のむら産業,2026-10-31,卸売業,第３四半期,スタンダード
2026-09-11,7378,アシロ,2026-10-31,サービス業,第３四半期,グロース
2026-09-11,7674,ＮＡＴＴＹ　ＳＷＡＮＫＹホールディングス,2027-01-31,小売業,第２四半期,グロース
2026-09-11,7692,アースインフィニティ,2026-07-31,電気・ガス業,本決算,スタンダード
2026-09-11,7831,ウイルコホールディングス,2026-10-31,その他製品,第３四半期,スタンダード
2026-09-11,7850,総合商研,2026-07-31,その他製品,本決算,スタンダード
2026-09-11,7878,光・彩,2027-01-31,その他製品,第２四半期,スタンダード
2026-09-11,7983,ミロク,2026-10-31,その他製品,第３四半期,スタンダード
2026-09-11,8013,ナイガイ,2027-01-31,繊維製品,第２四半期,スタンダード
2026-09-11,8077,トルク,2026-10-31,卸売業,第３四半期,スタンダード
2026-09-11,8079,正栄食品工業,2026-10-31,卸売業,第３四半期,プライム
2026-09-11,8142,トーホー,2027-01-31,卸売業,第２四半期,プライム
2026-09-11,9163,ナレルグループ,2026-10-31,サービス業,第３四半期,グロース
2026-09-11,9166,ＧＥＮＤＡ,2027-01-31,サービス業,第２四半期,グロース
2026-09-11,9236,ジャパンＭ＆Ａソリューション,2026-10-31,サービス業,第３四半期,グロース
2026-09-11,9242,メディア総研,2026-07-31,サービス業,本決算,グロース
2026-09-11,9262,シルバーライフ,2026-07-31,小売業,本決算,スタンダード
2026-09-11,9556,ＩＮＴＬＯＯＰ,2026-07-31,サービス業,本決算,グロース
2026-09-11,9603,エイチ・アイ・エス,2026-10-31,サービス業,第３四半期,プライム
2026-09-11,9743,丹青社,2027-01-31,サービス業,第２四半期,プライム
2026-09-14,1444,ニッソウ,2026-07-31,建設業,本決算,グロース
2026-09-14,168A,イタミアート,2027-01-31,その他製品,第２四半期,グロース
2026-09-14,1840,土屋ホールディングス,2026-10-31,建設業,第３四半期,スタンダード
2026-09-14,184A,学びエイド,2027-04-30,情報・通信業,第１四半期,グロース
2026-09-14,212A,フィットイージー,2026-10-31,サービス業,第３四半期,プライム
2026-09-14,2301,学情,2026-10-31,サービス業,第３四半期,プライム
2026-09-14,2315,ＣＡＩＣＡ　ＤＩＧＩＴＡＬ,2026-10-31,情報・通信業,第３四半期,スタンダード
2026-09-14,2391,プラネット,2026-07-31,サービス業,本決算,スタンダード
2026-09-14,2424,ブラス,2026-07-31,サービス業,本決算,スタンダード
2026-09-14,278A,Ｔｅｒｒａ　Ｄｒｏｎｅ,2027-01-31,精密機器,第２四半期,グロース
2026-09-14,2971,エスコンジャパンリート投資法人,2026-07-31,REIT,-,REIT
2026-09-14,2978,ツクルバ,2026-07-31,不動産業,本決算,グロース
2026-09-14,2997,ストレージ王,2027-01-31,不動産業,第２四半期,グロース
2026-09-14,3134,Ｈａｍｅｅ,2027-04-30,小売業,第１四半期,スタンダード
2026-09-14,3169,ミサワ,2027-01-31,小売業,第２四半期,スタンダード
2026-09-14,3195,ジェネレーションパス,2026-10-31,小売業,第３四半期,スタンダード
2026-09-14,3234,森ヒルズリート投資法人,2026-07-31,REIT,-,REIT
2026-09-14,3282,コンフォリア・レジデンシャル投資法人,2026-07-31,REIT,-,REIT
2026-09-14,3292,イオンリート投資法人,2026-07-31,REIT,-,REIT
2026-09-14,3415,ＴＯＫＹＯ　ＢＡＳＥ,2027-01-31,小売業,第２四半期,プライム
2026-09-14,3418,バルニバービ,2026-07-31,小売業,本決算,グロース
2026-09-14,3441,山王,2026-07-31,金属製品,本決算,スタンダード
2026-09-14,3455,ヘルスケア＆メディカル投資法人,2026-07-31,REIT,-,REIT
2026-09-14,3459,サムティ・レジデンシャル投資法人,2026-07-31,REIT,-,REIT
2026-09-14,3468,スターアジア不動産投資法人,2026-07-31,REIT,-,REIT
2026-09-14,3475,グッドコムアセット,2026-10-31,不動産業,第３四半期,プライム
2026-09-14,3491,ＧＡ　ｔｅｃｈｎｏｌｏｇｉｅｓ,2026-10-31,不動産業,第３四半期,グロース
2026-09-14,3565,アセンテック,2027-01-31,卸売業,第２四半期,スタンダード
2026-09-14,3657,ポールトゥウィンホールディングス,2027-01-31,情報・通信業,第２四半期,プライム
2026-09-14,3665,エニグモ,2027-01-31,情報・通信業,第２四半期,プライム
2026-09-14,3823,ＴＨＥ　ＷＨＹ　ＨＯＷ　ＤＯ　ＣＯＭＰＡＮＹ,2027-04-30,情報・通信業,第１四半期,スタンダード
2026-09-14,3931,バリューゴルフ,2027-01-31,情報・通信業,第２四半期,グロース
2026-09-14,3955,イムラ,2027-01-31,パルプ・紙,第２四半期,スタンダード
2026-09-14,3988,ＳＹＳホールディングス,2026-07-31,情報・通信業,本決算,スタンダード
2026-09-14,4174,アピリッツ,2027-01-31,情報・通信業,第２四半期,スタンダード
2026-09-14,4380,Ｍマート,2027-01-31,情報・通信業,第２四半期,グロース
2026-09-14,441A,ＮＥ,2027-04-30,情報・通信業,第１四半期,グロース
2026-09-14,442A,クラシコ,2026-10-31,繊維製品,第３四半期,グロース
2026-09-14,4431,スマレジ,2027-04-30,情報・通信業,第１四半期,グロース
2026-09-14,4446,Ｌｉｎｋ－Ｕグループ,2026-07-31,情報・通信業,本決算,スタンダード
2026-09-14,4592,サンバイオ,2027-01-31,医薬品,第２四半期,グロース
2026-09-14,4934,プレミアアンチエイジング,2026-07-31,化学,本決算,グロース
2026-09-14,4936,アクシージア,2026-07-31,化学,本決算,スタンダード
2026-09-14,500A,ＴＯブックス,2027-04-30,情報・通信業,第１四半期,スタンダード
2026-09-14,5136,ｔｒｉｐｌａ,2026-10-31,情報・通信業,第３四半期,グロース
2026-09-14,5248,テクノロジーズ,2027-01-31,情報・通信業,第２四半期,グロース
2026-09-14,556A,犬猫生活,2027-04-30,小売業,第１四半期,グロース
2026-09-14,5888,ＤＡＩＷＡ　ＣＹＣＬＥ,2027-01-31,小売業,第２四半期,グロース
2026-09-14,6309,巴工業,2026-10-31,機械,第３四半期,プライム
2026-09-14,6387,サムコ,2026-07-31,機械,本決算,プライム
2026-09-14,7034,プロレド・パートナーズ,2026-10-31,サービス業,第３四半期,プライム
2026-09-14,7073,ジェイック,2027-01-31,サービス業,第２四半期,グロース
2026-09-14,7110,クラシコム,2026-07-31,小売業,本決算,グロース
2026-09-14,7604,梅の花グループ,2027-04-30,小売業,第１四半期,スタンダード
2026-09-14,7614,オーエムツーネットワーク,2027-01-31,小売業,第２四半期,スタンダード
2026-09-14,7683,ダブルエー,2027-01-31,小売業,第２四半期,プライム
2026-09-14,7810,クロスフォー,2026-07-31,その他製品,本決算,スタンダード
2026-09-14,7827,オービス,2026-10-31,その他製品,第３四半期,スタンダード
2026-09-14,7901,マツモト,2027-04-30,その他製品,第１四半期,スタンダード
2026-09-14,8894,ＲＥＶＯＬＵＴＩＯＮ,2026-10-31,不動産業,第３四半期,スタンダード
2026-09-14,8927,明豊エンタープライズ,2026-07-31,不動産業,本決算,スタンダード
2026-09-14,8957,東急リアル・エステート投資法人,2026-07-31,REIT,-,REIT
2026-09-14,8967,日本ロジスティクスファンド投資法人,2026-07-31,REIT,-,REIT
2026-09-14,9235,売れるネット広告社グループ,2026-07-31,サービス業,本決算,グロース
2026-09-14,9237,笑美面,2026-10-31,サービス業,第３四半期,グロース
2026-09-14,9240,デリバリーコンサルティング,2026-07-31,サービス業,本決算,グロース
2026-09-14,9279,ギフトホールディングス,2026-10-31,小売業,第３四半期,プライム
2026-09-14,9425,ＲｅＹｕｕ　Ｊａｐａｎ,2026-10-31,情報・通信業,第３四半期,スタンダード
2026-09-14,9627,アインホールディングス,2027-04-30,小売業,第１四半期,プライム
2026-09-15,1383,ベルグアース,2026-10-31,水産・農林業,第３四半期,スタンダード
2026-09-15,2345,ＨＯＤＬ１,2026-10-31,情報・通信業,第３四半期,スタンダード
2026-09-15,7050,フロンティアインターナショナル,2027-04-30,サービス業,第１四半期,グロース
2026-09-16,401A,霞ヶ関ホテルリート投資法人,2026-07-31,REIT,-,REIT
2026-09-17,2989,東海道リート投資法人,2026-07-31,REIT,-,REIT
2026-09-17,3249,産業ファンド投資法人,2026-07-31,REIT,-,REIT
2026-09-17,3269,アドバンス・レジデンス投資法人,2026-07-31,REIT,-,REIT
2026-09-17,3463,いちごホテルリート投資法人,2026-07-31,REIT,-,REIT
2026-09-17,3471,三井不動産ロジスティクスパーク投資法人,2026-07-31,REIT,-,REIT
