code,name,market,sector33,sector17,size,edinet_code,edinet_name,fiscal_end,has_consolidated
1301,極洋,プライム（内国株式）,水産・農林業,食品,TOPIX Small 1,E00012,株式会社　極洋,3月31日,有
1332,ニッスイ,プライム（内国株式）,水産・農林業,食品,TOPIX Mid400,E00014,株式会社ニッスイ,3月31日,有
1333,Ｕｍｉｏｓ,プライム（内国株式）,水産・農林業,食品,TOPIX Mid400,E00015,Ｕｍｉｏｓ株式会社,3月31日,有
1375,ユキグニファクトリー,プライム（内国株式）,水産・農林業,食品,TOPIX Small 2,E00007,ユキグニファクトリー株式会社,3月31日,有
1376,カネコ種苗,スタンダード（内国株式）,水産・農林業,食品,TOPIX Small 2,E00004,カネコ種苗株式会社,5月31日,有
1377,サカタのタネ,プライム（内国株式）,水産・農林業,食品,TOPIX Small 1,E00006,株式会社　サカタのタネ,5月31日,有
1379,ホクト,プライム（内国株式）,水産・農林業,食品,TOPIX Small 2,E00008,ホクト株式会社,3月31日,有
1380,秋川牧園,スタンダード（内国株式）,水産・農林業,食品,-,E00344,株式会社秋川牧園,3月31日,有
1381,アクシーズ,スタンダード（内国株式）,水産・農林業,食品,-,E00009,株式会社アクシーズ,6月30日,有
1382,ホーブ,スタンダード（内国株式）,水産・農林業,食品,-,E00010,株式会社ホーブ,6月30日,有
1383,ベルグアース,スタンダード（内国株式）,水産・農林業,食品,-,E25969,ベルグアース株式会社,10月31日,無
1384,ホクリヨウ,スタンダード（内国株式）,水産・農林業,食品,-,E31220,株式会社　ホクリヨウ,3月31日,有
1407,ウエストホールディングス,スタンダード（内国株式）,建設業,建設・資材,-,E00327,株式会社ウエストホールディングス,8月31日,有
1414,ショーボンドホールディングス,プライム（内国株式）,建設業,建設・資材,TOPIX Mid400,E00329,ショーボンドホールディングス株式会社,6月30日,有
1417,ミライト・ワン,プライム（内国株式）,建設業,建設・資材,TOPIX Mid400,E24558,株式会社ミライト・ワン,3月31日,有
1418,インターライフホールディングス,スタンダード（内国株式）,建設業,建設・資材,-,E24512,インターライフホールディングス株式会社,2月末日,有
1419,タマホーム,プライム（内国株式）,建設業,建設・資材,TOPIX Small 1,E27305,タマホーム株式会社,5月31日,有
1420,サンヨーホームズ,スタンダード（内国株式）,建設業,建設・資材,-,E27273,サンヨーホームズ株式会社,3月31日,有
1429,日本アクア,プライム（内国株式）,建設業,建設・資材,-,E30126,株式会社日本アクア,12月31日,無
1430,ファーストコーポレーション,スタンダード（内国株式）,建設業,建設・資材,-,E31306,ファーストコーポレーション株式会社,5月31日,無
1433,ベステラ,プライム（内国株式）,建設業,建設・資材,-,E31731,ベステラ株式会社,1月31日,有
1434,ＪＥＳＣＯホールディングス,スタンダード（内国株式）,建設業,建設・資材,-,E31741,ＪＥＳＣＯホールディングス株式会社,8月31日,有
1435,ｒｏｂｏｔ　ｈｏｍｅ,スタンダード（内国株式）,不動産業,不動産,TOPIX Small 2,E31925,株式会社ｒｏｂｏｔ　ｈｏｍｅ,12月末日,有
1438,岐阜造園,スタンダード（内国株式）,建設業,建設・資材,-,E32682,株式会社岐阜造園,9月末日,有
1443,技研ホールディングス,スタンダード（内国株式）,建設業,建設・資材,-,E33535,技研ホールディングス株式会社,3月31日,有
1446,キャンディル,スタンダード（内国株式）,建設業,建設・資材,-,E34095,株式会社キャンディル,9月末日,有
1450,ＴＡＮＡＫＥＮ,スタンダード（内国株式）,建設業,建設・資材,-,E34486,ＴＡＮＡＫＥＮ株式会社,3月31日,無
146A,コロンビア・ワークス,スタンダード（内国株式）,不動産業,不動産,-,E39407,コロンビア・ワークス株式会社,12月31日,有
1491,中外鉱業,スタンダード（内国株式）,非鉄金属,鉄鋼・非鉄,-,E00027,中外鉱業株式会社,3月31日,有
1514,住石ホールディングス,スタンダード（内国株式）,鉱業,エネルギー資源,TOPIX Small 2,E21342,住石ホールディングス株式会社,3月31日,有
1515,日鉄鉱業,プライム（内国株式）,鉱業,エネルギー資源,TOPIX Small 1,E00036,日鉄鉱業株式会社,3月31日,有
1518,三井松島ホールディングス,プライム（内国株式）,その他製品,情報通信・サービスその他,TOPIX Small 1,E00037,三井松島ホールディングス株式会社,3月31日,有
1605,ＩＮＰＥＸ,プライム（内国株式）,鉱業,エネルギー資源,TOPIX Mid400,E00043,株式会社ＩＮＰＥＸ,12月31日,有
160A,アズパートナーズ,スタンダード（内国株式）,サービス業,情報通信・サービスその他,-,E39448,株式会社アズパートナーズ,3月31日,無
1662,石油資源開発,プライム（内国株式）,鉱業,エネルギー資源,TOPIX Small 1,E00041,石油資源開発株式会社,3月31日,有
1663,Ｋ＆Ｏエナジーグループ,プライム（内国株式）,鉱業,エネルギー資源,TOPIX Small 1,E30048,Ｋ＆Ｏエナジーグループ株式会社,12月末日,有
166A,タスキホールディングス,プライム（内国株式）,不動産業,不動産,-,E39259,株式会社タスキホールディングス,9月30日,有
167A,リョーサン菱洋ホールディングス,プライム（内国株式）,卸売業,商社・卸売,TOPIX Small 1,E39254,リョーサン菱洋ホールディングス株式会社,3月31日,有
1711,ＳＤＳホールディングス,スタンダード（内国株式）,建設業,建設・資材,-,E05452,株式会社ＳＤＳホールディングス,3月31日,有
1716,第一カッター興業,スタンダード（内国株式）,建設業,建設・資材,TOPIX Small 2,E00320,第一カッター興業株式会社,6月30日,有
1717,明豊ファシリティワークス,スタンダード（内国株式）,サービス業,情報通信・サービスその他,-,E05377,明豊ファシリティワークス株式会社,3月31日,無
1718,美樹工業,スタンダード（内国株式）,建設業,建設・資材,-,E00315,美樹工業株式会社,12月31日,有
1719,安藤・間,プライム（内国株式）,建設業,建設・資材,TOPIX Mid400,E00317,株式会社安藤・間,3月31日,有
1720,東急建設,プライム（内国株式）,建設業,建設・資材,TOPIX Small 1,E00316,東急建設株式会社,3月31日,有
1721,コムシスホールディングス,プライム（内国株式）,建設業,建設・資材,TOPIX Mid400,E00322,コムシスホールディングス株式会社,3月31日,有
1723,日本電技,スタンダード（内国株式）,建設業,建設・資材,-,E00313,日本電技株式会社,3月31日,有
1724,シンクレイヤ,スタンダード（内国株式）,建設業,建設・資材,-,E05326,シンクレイヤ株式会社,12月31日,有
1736,オーテック,スタンダード（内国株式）,建設業,建設・資材,-,E00304,株式会社　オーテック,3月31日,有
1758,太洋基礎工業,スタンダード（内国株式）,建設業,建設・資材,-,E00287,太洋基礎工業株式会社,1月31日,無
1762,高松コンストラクショングループ,プライム（内国株式）,建設業,建設・資材,TOPIX Small 2,E00285,株式会社髙松コンストラクショングループ,3月31日,有
1764,工藤建設,スタンダード（内国株式）,建設業,建設・資材,-,E00282,工藤建設株式会社,6月30日,有
1766,東建コーポレーション,プライム（内国株式）,建設業,建設・資材,TOPIX Small 1,E00281,東建コーポレーション株式会社,4月30日,有
1768,ソネック,スタンダード（内国株式）,建設業,建設・資材,-,E00279,株式会社ソネック,3月31日,有
1770,藤田エンジニアリング,スタンダード（内国株式）,建設業,建設・資材,-,E00277,藤田エンジニアリング株式会社,3月31日,有
1780,ヤマウラ,プライム（内国株式）,建設業,建設・資材,TOPIX Small 2,E00268,株式会社　ヤマウラ,3月31日,有
1783,ｆａｎｔａｓｉｓｔａ,スタンダード（内国株式）,不動産業,不動産,-,E00263,株式会社ｆａｎｔａｓｉｓｔａ,9月30日,有
1786,オリエンタル白石,プライム（内国株式）,建設業,建設・資材,TOPIX Small 2,E36102,オリエンタル白石株式会社,3月31日,有
1787,ナカボーテック,スタンダード（内国株式）,建設業,建設・資材,-,E00260,株式会社ナカボーテック,3月31日,無
1788,三東工業社,スタンダード（内国株式）,建設業,建設・資材,-,E00259,株式会社三東工業社,6月30日,有
1793,大本組,スタンダード（内国株式）,建設業,建設・資材,-,E00255,株式会社大本組,3月31日,有
1795,マサル,スタンダード（内国株式）,建設業,建設・資材,-,E00254,株式会社マサル,9月30日,有
1798,守谷商会,スタンダード（内国株式）,建設業,建設・資材,-,E00251,株式会社守谷商会,3月31日,有
1799,第一建設工業,スタンダード（内国株式）,建設業,建設・資材,-,E00250,第一建設工業株式会社,3月31日,無
1801,大成建設,プライム（内国株式）,建設業,建設・資材,TOPIX Mid400,E00052,大成建設株式会社,3月31日,有
1802,大林組,プライム（内国株式）,建設業,建設・資材,TOPIX Mid400,E00055,株式会社大林組,3月31日,有
1803,清水建設,プライム（内国株式）,建設業,建設・資材,TOPIX Mid400,E00053,清水建設株式会社,3月31日,有
1807,佐藤渡辺,スタンダード（内国株式）,建設業,建設・資材,-,E00167,株式会社佐藤渡辺,3月31日,有
1808,長谷工コーポレーション,プライム（内国株式）,建設業,建設・資材,TOPIX Mid400,E00090,株式会社　長谷工コーポレーション,3月31日,有
1810,松井建設,スタンダード（内国株式）,建設業,建設・資材,TOPIX Small 2,E00064,松井建設株式会社,3月31日,有
1811,錢高組,スタンダード（内国株式）,建設業,建設・資材,-,E00069,株式会社錢高組,3月31日,有
1812,鹿島建設,プライム（内国株式）,建設業,建設・資材,TOPIX Mid400,E00058,鹿島建設株式会社,3月31日,有
1813,不動テトラ,プライム（内国株式）,建設業,建設・資材,TOPIX Small 2,E00097,株式会社不動テトラ,3月31日,有
1814,大末建設,プライム（内国株式）,建設業,建設・資材,-,E00093,大末建設株式会社,3月31日,有
1815,鉄建建設,プライム（内国株式）,建設業,建設・資材,TOPIX Small 2,E00065,鉄建建設株式会社,3月31日,有
1820,西松建設,プライム（内国株式）,建設業,建設・資材,TOPIX Mid400,E00060,西松建設株式会社,3月31日,有
1822,大豊建設,スタンダード（内国株式）,建設業,建設・資材,TOPIX Small 2,E00095,大豊建設株式会社,3月31日,有
1826,佐田建設,スタンダード（内国株式）,建設業,建設・資材,-,E00121,佐田建設株式会社,3月31日,有
1827,ナカノフドー建設,スタンダード（内国株式）,建設業,建設・資材,-,E00105,株式会社ナカノフドー建設,3月31日,有
1828,田辺工業,スタンダード（内国株式）,建設業,建設・資材,-,E00242,田辺工業株式会社,3月31日,有
1833,奥村組,プライム（内国株式）,建設業,建設・資材,TOPIX Small 1,E00083,株式会社奥村組,3月31日,有
1835,東鉄工業,プライム（内国株式）,建設業,建設・資材,TOPIX Small 1,E00112,東鉄工業株式会社,3月31日,有
1840,土屋ホールディングス,スタンダード（内国株式）,建設業,建設・資材,-,E00240,株式会社土屋ホールディングス,10月31日,有
1844,大盛工業,スタンダード（内国株式）,建設業,建設・資材,-,E00239,株式会社大盛工業,7月31日,有
1847,イチケン,スタンダード（内国株式）,建設業,建設・資材,-,E00117,株式会社イチケン,3月31日,無
1848,富士ピー・エス,スタンダード（内国株式）,建設業,建設・資材,-,E00238,株式会社富士ピー・エス,3月31日,有
1850,南海辰村建設,スタンダード（内国株式）,建設業,建設・資材,-,E00118,南海辰村建設株式会社,3月31日,有
1852,淺沼組,プライム（内国株式）,建設業,建設・資材,TOPIX Small 1,E00120,株式会社淺沼組,3月31日,有
1853,森組,スタンダード（内国株式）,建設業,建設・資材,-,E00130,株式会社　森組,3月31日,無
1860,戸田建設,プライム（内国株式）,建設業,建設・資材,TOPIX Mid400,E00147,戸田建設株式会社,3月31日,有
1861,熊谷組,プライム（内国株式）,建設業,建設・資材,TOPIX Small 1,E00056,株式会社　熊谷組,3月31日,有
1866,北野建設,スタンダード（内国株式）,建設業,建設・資材,-,E00175,北野建設株式会社,3月31日,有
1867,植木組,スタンダード（内国株式）,建設業,建設・資材,-,E00179,株式会社植木組,3月31日,有
1870,矢作建設工業,プライム（内国株式）,建設業,建設・資材,TOPIX Small 1,E00148,矢作建設工業株式会社,3月31日,有
1871,ピーエス・コンストラクション,プライム（内国株式）,建設業,建設・資材,TOPIX Small 2,E01161,ピーエス・コンストラクション株式会社,3月31日,有
1873,日本ハウスホールディングス,プライム（内国株式）,建設業,建設・資材,TOPIX Small 2,E00197,株式会社日本ハウスホールディングス,4月30日,有
1878,大東建託,プライム（内国株式）,不動産業,不動産,TOPIX Mid400,E00218,大東建託株式会社,3月31日,有
1879,新日本建設,プライム（内国株式）,建設業,建設・資材,TOPIX Small 2,E00221,新日本建設株式会社,3月31日,有
1882,東亜道路工業,プライム（内国株式）,建設業,建設・資材,TOPIX Small 1,E00066,東亜道路工業株式会社,3月31日,有
1885,東亜建設工業,プライム（内国株式）,建設業,建設・資材,TOPIX Small 1,E00080,東亜建設工業株式会社,3月31日,有
1887,日本国土開発,プライム（内国株式）,建設業,建設・資材,TOPIX Small 2,E00059,日本国土開発株式会社,5月31日,有
1888,若築建設,プライム（内国株式）,建設業,建設・資材,TOPIX Small 2,E00081,若築建設株式会社,3月31日,有
1893,五洋建設,プライム（内国株式）,建設業,建設・資材,TOPIX Mid400,E00086,五洋建設株式会社,3月31日,有
1897,金下建設,スタンダード（内国株式）,建設業,建設・資材,-,E00133,金下建設株式会社,12月31日,有
1898,世紀東急工業,プライム（内国株式）,建設業,建設・資材,TOPIX Small 1,E00176,世紀東急工業株式会社,3月31日,有
1899,福田組,プライム（内国株式）,建設業,建設・資材,TOPIX Small 2,E00196,株式会社福田組,12月31日,有
1904,大成温調,スタンダード（内国株式）,建設業,建設・資材,-,E00233,大成温調株式会社,3月31日,有
1905,テノックス,スタンダード（内国株式）,建設業,建設・資材,-,E00232,株式会社テノックス,3月31日,有
1909,日本ドライケミカル,スタンダード（内国株式）,機械,機械,-,E25282,日本ドライケミカル株式会社,3月31日,有
1911,住友林業,プライム（内国株式）,建設業,建設・資材,TOPIX Mid400,E00011,住友林業株式会社,12月31日,有
1914,日本基礎技術,スタンダード（内国株式）,建設業,建設・資材,-,E00204,日本基礎技術株式会社,3月31日,有
1921,巴コーポレーション,スタンダード（内国株式）,建設業,建設・資材,-,E01394,株式会社　巴コーポレーション,3月31日,有
1925,大和ハウス工業,プライム（内国株式）,建設業,建設・資材,TOPIX Large70,E00048,大和ハウス工業株式会社,3月31日,有
1926,ライト工業,プライム（内国株式）,建設業,建設・資材,TOPIX Small 1,E00098,ライト工業株式会社,3月31日,有
1928,積水ハウス,プライム（内国株式）,建設業,建設・資材,TOPIX Large70,E00143,積水ハウス株式会社,1月31日,有
1929,日特建設,プライム（内国株式）,建設業,建設・資材,TOPIX Small 2,E00142,日特建設株式会社,3月31日,有
1930,北陸電気工事,プライム（内国株式）,建設業,建設・資材,TOPIX Small 2,E00207,北陸電気工事株式会社,3月31日,有
1934,ユアテック,プライム（内国株式）,建設業,建設・資材,TOPIX Small 1,E00137,株式会社ユアテック,3月31日,有
1938,日本リーテック,プライム（内国株式）,建設業,建設・資材,TOPIX Small 2,E00185,日本リーテック株式会社,3月31日,有
1939,四電工,プライム（内国株式）,建設業,建設・資材,TOPIX Small 2,E00181,株式会社四電工,3月31日,有
1941,中電工,プライム（内国株式）,建設業,建設・資材,TOPIX Small 1,E00073,株式会社中電工,3月31日,有
1942,関電工,プライム（内国株式）,建設業,建設・資材,TOPIX Mid400,E00074,株式会社関電工,3月31日,有
1944,きんでん,プライム（内国株式）,建設業,建設・資材,TOPIX Mid400,E00075,株式会社きんでん,3月31日,有
1945,東京エネシス,プライム（内国株式）,建設業,建設・資材,TOPIX Small 2,E00092,株式会社東京エネシス,3月31日,有
1946,トーエネック,プライム（内国株式）,建設業,建設・資材,TOPIX Small 2,E00076,株式会社トーエネック,3月31日,有
1948,弘電社,スタンダード（内国株式）,建設業,建設・資材,-,E02569,株式会社弘電社,3月31日,有
1950,日本電設工業,プライム（内国株式）,建設業,建設・資材,TOPIX Small 1,E00115,日本電設工業株式会社,3月31日,有
1951,エクシオグループ,プライム（内国株式）,建設業,建設・資材,TOPIX Mid400,E00094,エクシオグループ株式会社,3月31日,有
1952,新日本空調,プライム（内国株式）,建設業,建設・資材,TOPIX Small 1,E00227,新日本空調株式会社,3月31日,有
1959,クラフティア,プライム（内国株式）,建設業,建設・資材,TOPIX Mid400,E00146,株式会社クラフティア,3月31日,有
1960,サンテック,スタンダード（内国株式）,建設業,建設・資材,-,E00173,株式会社サンテック,3月31日,有
1961,三機工業,プライム（内国株式）,建設業,建設・資材,TOPIX Small 1,E00107,三機工業株式会社,3月31日,有
1963,日揮ホールディングス,プライム（内国株式）,建設業,建設・資材,TOPIX Mid400,E01575,日揮ホールディングス株式会社,3月31日,有
1964,中外炉工業,プライム（内国株式）,建設業,建設・資材,TOPIX Small 2,E00119,中外炉工業株式会社,3月31日,有
1965,テクノ菱和,スタンダード（内国株式）,建設業,建設・資材,-,E00225,株式会社テクノ菱和,3月31日,有
1966,高田工業所,スタンダード（内国株式）,建設業,建設・資材,-,E00209,株式会社　高田工業所,3月31日,有
1967,ヤマト,スタンダード（内国株式）,建設業,建設・資材,-,E00138,株式会社ヤマト,3月20日,有
1968,太平電業,プライム（内国株式）,建設業,建設・資材,TOPIX Small 1,E00113,太平電業株式会社,3月31日,有
1969,高砂熱学工業,プライム（内国株式）,建設業,建設・資材,TOPIX Mid400,E00149,高砂熱学工業株式会社,3月31日,有
1972,三晃金属工業,スタンダード（内国株式）,建設業,建設・資材,-,E00109,三晃金属工業株式会社,3月31日,無
1975,朝日工業社,プライム（内国株式）,建設業,建設・資材,TOPIX Small 1,E00153,株式会社朝日工業社,3月31日,有
1976,明星工業,プライム（内国株式）,建設業,建設・資材,TOPIX Small 2,E00161,明星工業株式会社,3月31日,有
1979,大氣社,プライム（内国株式）,建設業,建設・資材,TOPIX Small 1,E00183,株式会社大気社,3月31日,有
197A,タウンズ,スタンダード（内国株式）,医薬品,医薬品,-,E39645,株式会社タウンズ,6月30日,無
1980,ダイダン,プライム（内国株式）,建設業,建設・資材,TOPIX Small 1,E00194,ダイダン株式会社,3月31日,有
1981,協和日成,スタンダード（内国株式）,建設業,建設・資材,-,E00189,株式会社協和日成,3月31日,無
1982,日比谷総合設備,プライム（内国株式）,建設業,建設・資材,TOPIX Small 2,E00168,日比谷総合設備株式会社,3月31日,有
1992,神田通信機,スタンダード（内国株式）,建設業,建設・資材,-,E00182,神田通信機株式会社,3月31日,無
1994,高橋カーテンウォール工業,スタンダード（内国株式）,建設業,建設・資材,-,E00222,高橋カーテンウォール工業株式会社,12月31日,有
1997,暁飯島工業,スタンダード（内国株式）,建設業,建設・資材,-,E00246,暁飯島工業株式会社,8月31日,有
2001,ニップン,プライム（内国株式）,食料品,食品,TOPIX Small 1,E00345,株式会社ニップン,3月31日,有
2002,日清製粉グループ本社,プライム（内国株式）,食料品,食品,TOPIX Mid400,E00346,株式会社日清製粉グループ本社,3月31日,有
2003,日東富士製粉,スタンダード（内国株式）,食料品,食品,TOPIX Small 2,E00347,日東富士製粉株式会社,3月31日,有
2004,昭和産業,プライム（内国株式）,食料品,食品,TOPIX Small 2,E00348,昭和産業株式会社,3月31日,有
2009,鳥越製粉,スタンダード（内国株式）,食料品,食品,-,E00351,鳥越製粉株式会社,12月31日,有
2053,中部飼料,プライム（内国株式）,食料品,食品,TOPIX Small 2,E00439,中部飼料株式会社,3月31日,有
2055,日和産業,スタンダード（内国株式）,食料品,食品,-,E00454,日和産業株式会社,3月31日,有
2060,フィード・ワン,プライム（内国株式）,食料品,食品,TOPIX Small 2,E30728,フィード・ワン株式会社,3月31日,有
208A,構造計画研究所ホールディングス,スタンダード（内国株式）,情報・通信業,情報通信・サービスその他,-,E39505,株式会社構造計画研究所ホールディングス,6月末日,有
2108,日本甜菜製糖,プライム（内国株式）,食料品,食品,TOPIX Small 2,E00355,日本甜菜製糖株式会社,3月31日,有
2109,ＤＭ三井製糖,プライム（内国株式）,食料品,食品,TOPIX Small 1,E00356,ＤＭ三井製糖株式会社,3月31日,有
2112,塩水港精糖,スタンダード（内国株式）,食料品,食品,-,E00361,塩水港精糖株式会社,3月31日,有
2114,フジ日本,スタンダード（内国株式）,食料品,食品,-,E00360,フジ日本株式会社,3月31日,有
2117,ウェルネオシュガー,プライム（内国株式）,食料品,食品,TOPIX Small 2,E25648,ウェルネオシュガー株式会社,3月31日,有
211A,カドス・コーポレーション,スタンダード（内国株式）,建設業,建設・資材,-,E39729,株式会社カドス・コーポレーション,7月31日,無
2120,ＬＩＦＵＬＬ,プライム（内国株式）,サービス業,情報通信・サービスその他,TOPIX Small 2,E05624,株式会社ＬＩＦＵＬＬ,9月30日,有
2121,ＭＩＸＩ,プライム（内国株式）,情報・通信業,情報通信・サービスその他,TOPIX Small 1,E05617,株式会社ＭＩＸＩ,3月31日,有
2122,インタースペース,スタンダード（内国株式）,サービス業,情報通信・サービスその他,-,E05623,株式会社インタースペース,9月30日,有
2124,ジェイエイシーリクルートメント,プライム（内国株式）,サービス業,情報通信・サービスその他,TOPIX Small 1,E05625,株式会社ジェイエイシーリクルートメント,12月31日,無
2127,日本Ｍ＆Ａセンターホールディングス,プライム（内国株式）,サービス業,情報通信・サービスその他,TOPIX Mid400,E05629,株式会社日本Ｍ＆Ａセンターホールディングス,3月31日,有
212A,フィットイージー,プライム（内国株式）,サービス業,情報通信・サービスその他,TOPIX Small 2,E39732,フィットイージー株式会社,10月31日,無
2130,メンバーズ,プライム（内国株式）,サービス業,情報通信・サービスその他,TOPIX Small 2,E05153,株式会社メンバーズ,3月31日,無
2134,北浜キャピタルパートナーズ,スタンダード（内国株式）,サービス業,情報通信・サービスその他,-,E03745,北浜キャピタルパートナーズ株式会社,3月31日,有
2136,ヒップ,スタンダード（内国株式）,サービス業,情報通信・サービスその他,-,E05657,株式会社ヒップ,3月31日,無
2138,クルーズ,スタンダード（内国株式）,情報・通信業,情報通信・サービスその他,-,E05621,クルーズ株式会社,3月31日,無
2139,中広,スタンダード（内国株式）,サービス業,情報通信・サービスその他,-,E05668,株式会社中広,3月31日,無
2146,ＵＴグループ,プライム（内国株式）,サービス業,情報通信・サービスその他,TOPIX Small 1,E05698,ＵＴグループ株式会社,3月31日,有
2148,アイティメディア,プライム（内国株式）,サービス業,情報通信・サービスその他,TOPIX Small 2,E05686,アイティメディア株式会社,3月31日,有
2152,幼児活動研究会,スタンダード（内国株式）,サービス業,情報通信・サービスその他,-,E05691,幼児活動研究会株式会社,3月31日,無
2153,Ｅ・Ｊホールディングス,プライム（内国株式）,サービス業,情報通信・サービスその他,TOPIX Small 2,E05706,Ｅ・Ｊホールディングス株式会社,5月31日,有
2154,オープンアップグループ,プライム（内国株式）,サービス業,情報通信・サービスその他,TOPIX Small 1,E05695,株式会社オープンアップグループ,6月30日,有
2156,セーラー広告,スタンダード（内国株式）,サービス業,情報通信・サービスその他,-,E05701,セーラー広告株式会社,3月31日,有
2157,コシダカホールディングス,プライム（内国株式）,サービス業,情報通信・サービスその他,TOPIX Small 1,E04751,株式会社コシダカホールディングス,8月31日,有
2162,ｎｍｓ　ホールディングス,スタンダード（内国株式）,サービス業,情報通信・サービスその他,-,E05676,ｎｍｓホールディングス株式会社,3月31日,有
2163,アルトナー,プライム（内国株式）,サービス業,情報通信・サービスその他,-,E05717,株式会社アルトナー,1月末日,無
2164,地域新聞社,スタンダード（内国株式）,サービス業,情報通信・サービスその他,-,E05716,株式会社地域新聞社,8月31日,有
2168,パソナグループ,プライム（内国株式）,サービス業,情報通信・サービスその他,TOPIX Small 1,E05729,株式会社パソナグループ,5月31日,有
2169,ＣＤＳ,スタンダード（内国株式）,サービス業,情報通信・サービスその他,-,E05726,ＣＤＳ株式会社,12月31日,有
2170,リンクアンドモチベーション,プライム（内国株式）,サービス業,情報通信・サービスその他,TOPIX Small 2,E05727,株式会社リンクアンドモチベーション,12月31日,有
2175,エス・エム・エス,プライム（内国株式）,サービス業,情報通信・サービスその他,TOPIX Small 1,E05697,株式会社エス・エム・エス,3月末日,有
2179,成学社,スタンダード（内国株式）,サービス業,情報通信・サービスその他,-,E21514,株式会社成学社,3月31日,有
2180,サニーサイドアップグループ,スタンダード（内国株式）,サービス業,情報通信・サービスその他,-,E21381,株式会社サニーサイドアップグループ,6月末日,有
2181,パーソルホールディングス,プライム（内国株式）,サービス業,情報通信・サービスその他,TOPIX Mid400,E21261,パーソルホールディングス株式会社,3月31日,有
2183,リニカル,スタンダード（内国株式）,サービス業,情報通信・サービスその他,-,E21706,株式会社リニカル,3月31日,有
2185,シイエム・シイ,スタンダード（内国株式）,サービス業,情報通信・サービスその他,-,E22042,株式会社シイエム・シイ,9月30日,有
2186,ソーバル,スタンダード（内国株式）,サービス業,情報通信・サービスその他,-,E22049,ソーバル株式会社,2月末日,有
2193,クックパッド,スタンダード（内国株式）,サービス業,情報通信・サービスその他,TOPIX Small 2,E22663,クックパッド株式会社,12月末日,有
2198,アイ・ケイ・ケイホールディングス,プライム（内国株式）,サービス業,情報通信・サービスその他,-,E24550,アイ・ケイ・ケイホールディングス株式会社,10月31日,有
2201,森永製菓,プライム（内国株式）,食料品,食品,TOPIX Mid400,E00369,森永製菓株式会社,3月31日,有
2204,中村屋,スタンダード（内国株式）,食料品,食品,TOPIX Small 2,E00372,株式会社中村屋,3月31日,無
2206,江崎グリコ,プライム（内国株式）,食料品,食品,TOPIX Mid400,E00373,江崎グリコ株式会社,12月31日,有
2207,ｍｅｉｔｏ,プライム（内国株式）,食料品,食品,TOPIX Small 2,E00376,株式会社ｍｅｉｔｏ,3月31日,有
2208,ブルボン,スタンダード（内国株式）,食料品,食品,-,E00380,株式会社ブルボン,3月31日,有
2209,井村屋グループ,プライム（内国株式）,食料品,食品,TOPIX Small 2,E00371,井村屋グループ株式会社,3月31日,有
220A,Ｆａｂｅｒ　Ｃｏｍｐａｎｙ,スタンダード（内国株式）,情報・通信業,情報通信・サービスその他,-,E39778,株式会社Ｆａｂｅｒ　Ｃｏｍｐａｎｙ,9月末日,有
2211,不二家,プライム（内国株式）,食料品,食品,TOPIX Small 2,E00374,株式会社不二家,12月31日,有
2212,山崎製パン,プライム（内国株式）,食料品,食品,TOPIX Mid400,E00375,山崎製パン株式会社,12月31日,有
2215,第一屋製パン,スタンダード（内国株式）,食料品,食品,-,E00377,第一屋製パン株式会社,12月31日,有
2216,カンロ,スタンダード（内国株式）,食料品,食品,-,E00378,カンロ株式会社,12月31日,無
2217,モロゾフ,プライム（内国株式）,食料品,食品,TOPIX Small 2,E00381,モロゾフ株式会社,1月31日,無
2220,亀田製菓,プライム（内国株式）,食料品,食品,TOPIX Small 1,E00385,亀田製菓株式会社,3月31日,有
2221,岩塚製菓,スタンダード（内国株式）,食料品,食品,-,E00386,岩塚製菓株式会社,3月31日,有
2222,寿スピリッツ,プライム（内国株式）,食料品,食品,TOPIX Mid400,E00387,寿スピリッツ株式会社,3月31日,有
2224,コモ,スタンダード（内国株式）,食料品,食品,-,E00388,株式会社コモ,3月31日,有
2226,湖池屋,スタンダード（内国株式）,食料品,食品,-,E00389,株式会社湖池屋,3月31日,有
2229,カルビー,プライム（内国株式）,食料品,食品,TOPIX Mid400,E25303,カルビー株式会社,3月31日,有
2264,森永乳業,プライム（内国株式）,食料品,食品,TOPIX Mid400,E00331,森永乳業株式会社,3月31日,有
2266,六甲バター,プライム（内国株式）,食料品,食品,TOPIX Small 2,E00337,六甲バター株式会社,12月31日,無
2267,ヤクルト本社,プライム（内国株式）,食料品,食品,TOPIX Mid400,E00406,株式会社ヤクルト本社,3月31日,有
2268,Ｂ－Ｒ　サーティワン　アイスクリーム,スタンダード（内国株式）,食料品,食品,-,E00474,Ｂ－Ｒ　サーティワン　アイスクリーム株式会社,12月31日,無
2269,明治ホールディングス,プライム（内国株式）,食料品,食品,TOPIX Mid400,E21902,明治ホールディングス株式会社,3月31日,有
2270,雪印メグミルク,プライム（内国株式）,食料品,食品,TOPIX Small 1,E23202,雪印メグミルク株式会社,3月31日,有
2281,プリマハム,プライム（内国株式）,食料品,食品,TOPIX Small 1,E00335,プリマハム株式会社,3月31日,有
2282,日本ハム,プライム（内国株式）,食料品,食品,TOPIX Mid400,E00334,日本ハム株式会社,3月31日,有
2286,林兼産業,スタンダード（内国株式）,食料品,食品,-,E00443,林兼産業株式会社,3月31日,有
2288,丸大食品,プライム（内国株式）,食料品,食品,TOPIX Small 2,E00458,丸大食品株式会社,3月31日,有
2291,福留ハム,スタンダード（内国株式）,食料品,食品,-,E00341,福留ハム株式会社,3月31日,有
2292,Ｓ　Ｆｏｏｄｓ,プライム（内国株式）,食料品,食品,TOPIX Small 1,E00342,エスフーズ株式会社,2月末日,有
2293,滝沢ハム,スタンダード（内国株式）,食料品,食品,-,E00343,滝沢ハム株式会社,3月31日,有
2294,柿安本店,プライム（内国株式）,食料品,食品,TOPIX Small 2,E03283,株式会社柿安本店,4月末日,有
2296,伊藤ハム米久ホールディングス,プライム（内国株式）,食料品,食品,TOPIX Small 1,E32069,伊藤ハム米久ホールディングス株式会社,3月31日,有
2300,きょくとう,スタンダード（内国株式）,サービス業,情報通信・サービスその他,-,E05278,株式会社きょくとう,2月末日,無
2301,学情,プライム（内国株式）,サービス業,情報通信・サービスその他,TOPIX Small 2,E05286,株式会社学情,10月31日,無
2303,ドーン,スタンダード（内国株式）,情報・通信業,情報通信・サービスその他,-,E05289,株式会社ドーン,5月31日,無
2304,ＣＳＳホールディングス,スタンダード（内国株式）,サービス業,情報通信・サービスその他,-,E05288,株式会社ＣＳＳホールディングス,9月30日,有
2305,スタジオアリス,スタンダード（内国株式）,サービス業,情報通信・サービスその他,TOPIX Small 2,E03393,株式会社スタジオアリス,2月末日,有
2307,クロスキャット,プライム（内国株式）,情報・通信業,情報通信・サービスその他,TOPIX Small 2,E05291,株式会社クロスキャット,3月31日,有
2311,エプコ,スタンダード（内国株式）,サービス業,情報通信・サービスその他,-,E05293,株式会社エプコ,12月31日,有
2315,ＣＡＩＣＡ　ＤＩＧＩＴＡＬ,スタンダード（内国株式）,情報・通信業,情報通信・サービスその他,-,E05331,株式会社ＣＡＩＣＡ　ＤＩＧＩＴＡＬ,10月31日,有
2317,システナ,プライム（内国株式）,情報・通信業,情報通信・サービスその他,TOPIX Small 1,E05283,株式会社システナ,3月31日,有
2323,ｆｏｎｆｕｎ,スタンダード（内国株式）,情報・通信業,情報通信・サービスその他,-,E05302,株式会社ｆｏｎｆｕｎ,3月31日,無
2325,ＮＪＳ,プライム（内国株式）,サービス業,情報通信・サービスその他,TOPIX Small 2,E05299,株式会社ＮＪＳ,12月31日,有
2326,デジタルアーツ,プライム（内国株式）,情報・通信業,情報通信・サービスその他,TOPIX Small 1,E05303,デジタルアーツ株式会社,3月31日,有
2327,日鉄ソリューションズ,プライム（内国株式）,情報・通信業,情報通信・サービスその他,TOPIX Mid400,E05304,日鉄ソリューションズ株式会社,3月31日,有
2329,東北新社,スタンダード（内国株式）,情報・通信業,情報通信・サービスその他,-,E05307,株式会社東北新社,3月31日,有
2330,フォーサイド,スタンダード（内国株式）,情報・通信業,情報通信・サービスその他,-,E05308,株式会社フォーサイド,12月31日,有
2331,ＡＬＳＯＫ,プライム（内国株式）,サービス業,情報通信・サービスその他,TOPIX Mid400,E05309,ＡＬＳＯＫ株式会社,3月31日,有
2332,クエスト,スタンダード（内国株式）,情報・通信業,情報通信・サービスその他,-,E05310,株式会社クエスト,3月31日,有
2335,キューブシステム,プライム（内国株式）,情報・通信業,情報通信・サービスその他,TOPIX Small 2,E05312,株式会社キューブシステム,3月31日,有
2337,いちご,プライム（内国株式）,不動産業,不動産,TOPIX Small 1,E05314,いちご株式会社,2月末日,有
2338,クオンタムソリューションズ,スタンダード（内国株式）,情報・通信業,情報通信・サービスその他,-,E05315,クオンタムソリューションズ株式会社,2月末日,有
2340,極楽湯ホールディングス,スタンダード（内国株式）,サービス業,情報通信・サービスその他,-,E04727,株式会社　極楽湯ホールディングス,3月31日,有
2341,アルバイトタイムス,スタンダード（内国株式）,サービス業,情報通信・サービスその他,-,E05316,株式会社アルバイトタイムス,2月末日,有
2342,トランスジェニックグループ,スタンダード（内国株式）,サービス業,情報通信・サービスその他,-,E05317,株式会社トランスジェニックグループ,3月31日,有
2345,ＨＯＤＬ１,スタンダード（内国株式）,情報・通信業,情報通信・サービスその他,-,E05320,株式会社ＨＯＤＬ１,10月31日,有
2349,エヌアイデイ,スタンダード（内国株式）,情報・通信業,情報通信・サービスその他,-,E05322,株式会社エヌアイデイ,3月31日,有
2351,ＡＳＪ,スタンダード（内国株式）,情報・通信業,情報通信・サービスその他,-,E05324,株式会社ＡＳＪ,3月31日,有
2353,日本駐車場開発,プライム（内国株式）,不動産業,不動産,TOPIX Small 1,E05327,日本駐車場開発株式会社,7月31日,有
2354,ＹＥ　ＤＩＧＩＴＡＬ,スタンダード（内国株式）,情報・通信業,情報通信・サービスその他,-,E05328,株式会社ＹＥ　ＤＩＧＩＴＡＬ,2月末日,有
2359,コア,プライム（内国株式）,情報・通信業,情報通信・サービスその他,TOPIX Small 2,E05332,株式会社コア,3月31日,有
2371,カカクコム,プライム（内国株式）,サービス業,情報通信・サービスその他,TOPIX Mid400,E05350,株式会社カカクコム,3月31日,有
2373,ケア２１,スタンダード（内国株式）,サービス業,情報通信・サービスその他,-,E05353,株式会社ケア２１,10月31日,有
2375,ギグワークス,スタンダード（内国株式）,サービス業,情報通信・サービスその他,-,E05356,ギグワークス株式会社,10月31日,有
2376,サイネックス,スタンダード（内国株式）,サービス業,情報通信・サービスその他,-,E00744,株式会社　サイネックス,3月31日,有
2378,ルネサンス,プライム（内国株式）,サービス業,情報通信・サービスその他,TOPIX Small 2,E05361,株式会社ルネサンス,3月31日,有
2379,ディップ,プライム（内国株式）,サービス業,情報通信・サービスその他,TOPIX Small 1,E05368,ディップ株式会社,2月末日,有
2384,ＳＢＳホールディングス,プライム（内国株式）,陸運業,運輸・物流,TOPIX Small 1,E04224,ＳＢＳホールディングス株式会社,12月31日,有
2391,プラネット,スタンダード（内国株式）,サービス業,情報通信・サービスその他,-,E05378,株式会社プラネット,7月31日,無
2393,日本ケアサプライ,スタンダード（内国株式）,サービス業,情報通信・サービスその他,-,E05381,株式会社日本ケアサプライ,3月31日,有
2395,新日本科学,プライム（内国株式）,サービス業,情報通信・サービスその他,TOPIX Small 2,E05385,株式会社新日本科学,3月31日,有
2404,鉄人化ホールディングス,スタンダード（内国株式）,サービス業,情報通信・サービスその他,-,E05409,株式会社鉄人化ホールディングス,8月31日,有
2408,ＫＧ情報,スタンダード（内国株式）,サービス業,情報通信・サービスその他,-,E05416,株式会社ＫＧ情報,12月20日,有
2410,キャリアデザインセンター,プライム（内国株式）,サービス業,情報通信・サービスその他,-,E05419,株式会社キャリアデザインセンター,9月30日,無
2411,ゲンダイエージェンシー,スタンダード（内国株式）,情報・通信業,情報通信・サービスその他,-,E05417,ゲンダイエージェンシー株式会社,3月31日,有
2413,エムスリー,プライム（内国株式）,サービス業,情報通信・サービスその他,TOPIX Mid400,E05425,エムスリー株式会社,3月31日,有
2415,ヒューマンホールディングス,スタンダード（内国株式）,サービス業,情報通信・サービスその他,-,E05428,ヒューマンホールディングス株式会社,3月31日,有
2418,ツカダ・グローバルホールディング,スタンダード（内国株式）,サービス業,情報通信・サービスその他,-,E05411,株式会社ツカダ・グローバルホールディング,12月31日,有
2424,ブラス,スタンダード（内国株式）,サービス業,情報通信・サービスその他,-,E32119,株式会社ブラス,7月末日,無
2425,ケアサービス,スタンダード（内国株式）,サービス業,情報通信・サービスその他,-,E05440,株式会社ケアサービス,3月31日,無
2428,ウェルネット,スタンダード（内国株式）,サービス業,情報通信・サービスその他,-,E05458,ウェルネット株式会社,6月30日,有
2429,ワールドホールディングス,プライム（内国株式）,サービス業,情報通信・サービスその他,TOPIX Small 2,E05467,株式会社ワールドホールディングス,12月31日,有
2432,ディー・エヌ・エー,プライム（内国株式）,情報・通信業,情報通信・サービスその他,TOPIX Mid400,E05460,株式会社ディー・エヌ・エー,3月31日,有
2433,博報堂ＤＹホールディングス,プライム（内国株式）,サービス業,情報通信・サービスその他,TOPIX Mid400,E05410,株式会社博報堂ＤＹホールディングス,3月31日,有
2435,シダー,スタンダード（内国株式）,サービス業,情報通信・サービスその他,-,E05478,株式会社シダー,3月31日,無
2436,共同ピーアール,スタンダード（内国株式）,サービス業,情報通信・サービスその他,-,E05477,共同ピーアール株式会社,12月31日,有
2437,Ｓｈｉｎｗａ　Ｗｉｓｅ　Ｈｏｌｄｉｎｇｓ,スタンダード（内国株式）,サービス業,情報通信・サービスその他,-,E05450,Ｓｈｉｎｗａ　Ｗｉｓｅ　Ｈｏｌｄｉｎｇｓ株式会社,5月31日,有
2440,ぐるなび,スタンダード（内国株式）,サービス業,情報通信・サービスその他,TOPIX Small 2,E05456,株式会社ぐるなび,3月31日,有
2445,タカミヤ,スタンダード（内国株式）,サービス業,情報通信・サービスその他,TOPIX Small 2,E05493,株式会社タカミヤ,3月31日,有
2449,プラップジャパン,スタンダード（内国株式）,サービス業,情報通信・サービスその他,-,E05498,株式会社プラップジャパン,8月31日,有
2454,オールアバウト,スタンダード（内国株式）,サービス業,情報通信・サービスその他,-,E05514,株式会社オールアバウト,3月31日,有
2459,アウンコンサルティング,スタンダード（内国株式）,サービス業,情報通信・サービスその他,-,E05527,アウンコンサルティング株式会社,5月31日,有
2461,ファンコミュニケーションズ,プライム（内国株式）,サービス業,情報通信・サービスその他,TOPIX Small 2,E05533,株式会社ファンコミュニケーションズ,12月31日,有
2462,ライク,プライム（内国株式）,サービス業,情報通信・サービスその他,TOPIX Small 2,E05536,ライク株式会社,5月31日,有
2464,Ａｏｂａ‐ＢＢＴ,スタンダード（内国株式）,サービス業,情報通信・サービスその他,-,E05524,株式会社ＡｏｂａーＢＢＴ,3月31日,有
2469,ヒビノ,スタンダード（内国株式）,サービス業,情報通信・サービスその他,-,E05550,ヒビノ株式会社,3月31日,有
2471,エスプール,プライム（内国株式）,サービス業,情報通信・サービスその他,TOPIX Small 2,E05555,株式会社エスプール,11月30日,有
2475,ＷＤＢホールディングス,プライム（内国株式）,サービス業,情報通信・サービスその他,TOPIX Small 2,E05560,ＷＤＢホールディングス株式会社,3月31日,有
2477,手間いらず,スタンダード（内国株式）,情報・通信業,情報通信・サービスその他,TOPIX Small 2,E05564,手間いらず株式会社,6月30日,有
2479,ジェイテック,スタンダード（内国株式）,サービス業,情報通信・サービスその他,-,E05569,株式会社ジェイテック,3月31日,有
2480,システム・ロケーション,スタンダード（内国株式）,情報・通信業,情報通信・サービスその他,-,E05575,システム・ロケーション株式会社,3月31日,有
2481,タウンニュース社,スタンダード（内国株式）,サービス業,情報通信・サービスその他,-,E05576,株式会社タウンニュース社,6月30日,無
2483,翻訳センター,スタンダード（内国株式）,サービス業,情報通信・サービスその他,-,E05579,株式会社翻訳センター,3月31日,有
2484,出前館,スタンダード（内国株式）,情報・通信業,情報通信・サービスその他,-,E05584,株式会社出前館,8月31日,有
2485,ティア,スタンダード（内国株式）,サービス業,情報通信・サービスその他,-,E05585,株式会社ティア,9月30日,無
2488,ＪＴＰ,スタンダード（内国株式）,サービス業,情報通信・サービスその他,-,E05593,ＪＴＰ株式会社,3月31日,有
2489,アドウェイズ,スタンダード（内国株式）,サービス業,情報通信・サービスその他,TOPIX Small 2,E05599,株式会社アドウェイズ,12月31日,有
2491,バリューコマース,プライム（内国株式）,サービス業,情報通信・サービスその他,TOPIX Small 2,E05149,バリューコマース株式会社,12月31日,有
2492,インフォマート,プライム（内国株式）,サービス業,情報通信・サービスその他,TOPIX Small 1,E05609,株式会社インフォマート,12月31日,有
2493,イーサポートリンク,スタンダード（内国株式）,サービス業,情報通信・サービスその他,-,E05611,イーサポートリンク株式会社,11月30日,有
2498,オリエンタルコンサルタンツホールディングス,スタンダード（内国株式）,サービス業,情報通信・サービスその他,-,E05646,株式会社オリエンタルコンサルタンツホールディングス,9月30日,有
2499,日本和装ホールディングス,スタンダード（内国株式）,サービス業,情報通信・サービスその他,-,E05631,日本和装ホールディングス株式会社,12月31日,有
2501,サッポロホールディングス,プライム（内国株式）,食料品,食品,TOPIX Mid400,E00393,サッポロビール株式会社,12月31日,有
2502,アサヒグループホールディングス,プライム（内国株式）,食料品,食品,TOPIX Large70,E00394,アサヒグループホールディングス株式会社,12月31日,有
2503,キリンホールディングス,プライム（内国株式）,食料品,食品,TOPIX Large70,E00395,キリンホールディングス株式会社,12月31日,有
250A,シマダヤ,スタンダード（内国株式）,食料品,食品,TOPIX Small 2,E00467,シマダヤ株式会社,3月31日,有
2531,宝ホールディングス,プライム（内国株式）,食料品,食品,TOPIX Mid400,E00396,宝ホールディングス株式会社,3月31日,有
2533,オエノンホールディングス,プライム（内国株式）,食料品,食品,TOPIX Small 2,E00397,オエノンホールディングス株式会社,12月31日,有
253A,ＥＴＳグループ,スタンダード（内国株式）,建設業,建設・資材,-,E39677,株式会社ＥＴＳグループ,9月30日,有
254A,ＡＩフュージョンキャピタルグループ,スタンダード（内国株式）,証券、商品先物取引業,金融（除く銀行）,-,E39737,ＡＩフュージョンキャピタルグループ株式会社,3月31日,有
255A,ジーエルテクノホールディングス,スタンダード（内国株式）,精密機器,電機・精密,-,E39741,ジーエルテクノホールディングス株式会社,3月31日,有
256A,飛島ホールディングス,プライム（内国株式）,建設業,建設・資材,TOPIX Small 2,E39785,飛島ホールディングス株式会社,3月31日,有
2573,北海道コカ・コーラボトリング,スタンダード（内国株式）,食料品,食品,-,E00408,北海道コカ・コーラボトリング株式会社,12月31日,有
2579,コカ・コーラ　ボトラーズジャパンホールディングス,プライム（内国株式）,食料品,食品,TOPIX Mid400,E00417,コカ・コーラ　ボトラーズジャパンホールディングス株式会社,12月31日,有
2585,ライフドリンク　カンパニー,プライム（内国株式）,食料品,食品,TOPIX Small 1,E37165,株式会社ライフドリンク　カンパニー,3月31日,無
2587,サントリービバレッジ＆フード,プライム（内国株式）,食料品,食品,TOPIX Mid400,E27622,サントリービバレッジ＆フード株式会社,12月31日,有
2588,プレミアムウォーターホールディングス,スタンダード（内国株式）,食料品,食品,-,E27294,株式会社プレミアムウォーターホールディングス,3月31日,有
2590,ダイドーグループホールディングス,プライム（内国株式）,食料品,食品,TOPIX Small 1,E00424,ダイドーグループホールディングス株式会社,1月20日,有
2593,伊藤園,プライム（内国株式）,食料品,食品,TOPIX Mid400,E00414,株式会社伊藤園,4月30日,有
2594,キーコーヒー,プライム（内国株式）,食料品,食品,TOPIX Small 2,E00491,キーコーヒー株式会社,3月31日,有
2597,ユニカフェ,スタンダード（内国株式）,食料品,食品,-,E00505,株式会社ユニカフェ,12月31日,有
2602,日清オイリオグループ,プライム（内国株式）,食料品,食品,TOPIX Small 1,E00428,日清オイリオグループ株式会社,3月31日,有
2607,不二製油,プライム（内国株式）,食料品,食品,TOPIX Mid400,E00431,不二製油株式会社,3月31日,有
2612,かどや製油,スタンダード（内国株式）,食料品,食品,-,E00433,かどや製油株式会社,3月31日,有
2613,Ｊ－オイルミルズ,プライム（内国株式）,食料品,食品,TOPIX Small 2,E00434,株式会社Ｊ－オイルミルズ,3月31日,有
261A,日水コン,スタンダード（内国株式）,サービス業,情報通信・サービスその他,-,E40019,株式会社日水コン,12月末日,有
262A,インターメスティック,プライム（内国株式）,小売業,小売,TOPIX Small 2,E03492,株式会社インターメスティック,12月31日,有
2652,まんだらけ,スタンダード（内国株式）,小売業,小売,-,E03347,株式会社まんだらけ,9月30日,無
2653,イオン九州,スタンダード（内国株式）,小売業,小売,-,E03349,イオン九州株式会社,2月末日,無
2654,アスモ,スタンダード（内国株式）,小売業,小売,-,E02917,株式会社アスモ,3月31日,有
2656,ベクターホールディングス,スタンダード（内国株式）,小売業,小売,-,E05112,株式会社ベクターホールディングス,3月31日,無
2659,サンエー,プライム（内国株式）,小売業,小売,TOPIX Small 1,E03352,株式会社サンエー,2月末日,無
2664,カワチ薬品,プライム（内国株式）,小売業,小売,TOPIX Small 1,E03356,株式会社カワチ薬品,3月15日,有
2666,オートウェーブ,スタンダード（内国株式）,小売業,小売,-,E03355,株式会社　オートウェーブ,3月31日,無
2667,イメージ　ワン,スタンダード（内国株式）,卸売業,商社・卸売,-,E02922,株式会社イメージワン,9月30日,有
2668,タビオ,スタンダード（内国株式）,卸売業,商社・卸売,-,E02923,タビオ株式会社,2月末日,有
2669,カネ美食品,スタンダード（内国株式）,小売業,小売,-,E03358,カネ美食品株式会社,2月末日,有
2670,エービーシー・マート,プライム（内国株式）,小売業,小売,TOPIX Mid400,E02925,株式会社エービーシー・マート,2月末日,有
2673,夢みつけ隊,スタンダード（内国株式）,小売業,小売,-,E03360,夢みつけ隊株式会社,3月31日,有
2674,ハードオフコーポレーション,プライム（内国株式）,小売業,小売,TOPIX Small 2,E03361,株式会社ハードオフコーポレーション,3月31日,有
2676,高千穂交易,プライム（内国株式）,卸売業,商社・卸売,TOPIX Small 2,E02927,高千穂交易株式会社,3月31日,有
2678,アスクル,プライム（内国株式）,小売業,小売,TOPIX Small 1,E03363,アスクル株式会社,5月20日,有
2681,ゲオホールディングス,プライム（内国株式）,小売業,小売,TOPIX Small 1,E03367,株式会社ゲオホールディングス,3月31日,有
2683,魚喜,スタンダード（内国株式）,小売業,小売,-,E03365,株式会社魚喜,2月末日,有
2685,アンドエスティＨＤ,プライム（内国株式）,小売業,小売,TOPIX Small 1,E03368,株式会社アンドエスティＨＤ,2月末日,有
2687,シー・ヴイ・エス・ベイエリア,スタンダード（内国株式）,サービス業,情報通信・サービスその他,-,E03372,株式会社シー・ヴイ・エス・ベイエリア,2月末日,有
2689,オルバヘルスケアホールディングス,スタンダード（内国株式）,卸売業,商社・卸売,-,E02928,オルバヘルスケアホールディングス株式会社,6月30日,有
268A,リガク・ホールディングス,プライム（内国株式）,精密機器,電機・精密,TOPIX Small 1,E39892,リガク・ホールディングス株式会社,12月31日,有
2693,ＹＫＴ,スタンダード（内国株式）,卸売業,商社・卸売,-,E02932,ＹＫＴ株式会社,12月31日,有
2694,焼肉坂井ホールディングス,スタンダード（内国株式）,小売業,小売,-,E03374,株式会社焼肉坂井ホールディングス,3月31日,有
2695,くら寿司,プライム（内国株式）,小売業,小売,TOPIX Small 1,E03375,くら寿司株式会社,10月31日,有
2698,キャンドゥ,スタンダード（内国株式）,小売業,小売,TOPIX Small 2,E03377,株式会社キャンドゥ,2月末日,有
2700,木徳神糧,スタンダード（内国株式）,卸売業,商社・卸売,-,E02934,木徳神糧株式会社,12月31日,有
2702,日本マクドナルドホールディングス,スタンダード（内国株式）,小売業,小売,-,E03366,日本マクドナルドホールディングス株式会社,12月31日,有
2705,大戸屋ホールディングス,スタンダード（内国株式）,小売業,小売,-,E03380,株式会社大戸屋ホールディングス,3月31日,有
2708,久世,スタンダード（内国株式）,卸売業,商社・卸売,-,E02938,株式会社久世,3月31日,有
2721,ジェイホールディングス,スタンダード（内国株式）,卸売業,商社・卸売,-,E05241,株式会社ジェイホールディングス,12月31日,有
2722,ＩＫホールディングス,スタンダード（内国株式）,小売業,小売,-,E03386,株式会社ＩＫホールディングス,5月31日,有
2726,パルグループホールディングス,プライム（内国株式）,小売業,小売,TOPIX Small 1,E03387,株式会社パルグループホールディングス,2月末日,有
2730,エディオン,プライム（内国株式）,小売業,小売,TOPIX Small 1,E03399,株式会社エディオン,3月31日,有
2733,あらた,プライム（内国株式）,卸売業,商社・卸売,TOPIX Small 1,E02947,株式会社あらた,3月31日,有
2734,サーラコーポレーション,プライム（内国株式）,小売業,小売,TOPIX Small 2,E03408,株式会社サーラコーポレーション,11月30日,有
2735,ワッツ,スタンダード（内国株式）,小売業,小売,-,E03391,株式会社ワッツ,8月31日,有
2736,フェスタリアホールディングス,スタンダード（内国株式）,小売業,小売,-,E03392,フェスタリアホールディングス株式会社,8月31日,有
2737,トーメンデバイス,プライム（内国株式）,卸売業,商社・卸売,TOPIX Small 2,E02946,株式会社トーメンデバイス,3月31日,有
2742,ハローズ,プライム（内国株式）,小売業,小売,TOPIX Small 2,E03395,株式会社ハローズ,2月末日,無
2747,北雄ラッキー,スタンダード（内国株式）,小売業,小売,-,E03397,北雄ラッキー株式会社,2月末日,無
2749,ＪＰホールディングス,プライム（内国株式）,サービス業,情報通信・サービスその他,TOPIX Small 1,E05306,株式会社ＪＰホールディングス,3月31日,有
274A,ガーデン,スタンダード（内国株式）,小売業,小売,-,E40066,株式会社ガーデン,2月末日,無
2750,石光商事,スタンダード（内国株式）,卸売業,商社・卸売,-,E02952,石光商事株式会社,3月31日,有
2751,テンポスホールディングス,スタンダード（内国株式）,卸売業,商社・卸売,-,E02953,株式会社テンポスホールディングス,4月30日,有
2752,フジオフードグループ本社,プライム（内国株式）,小売業,小売,TOPIX Small 1,E03400,株式会社フジオフードグループ本社,12月31日,有
2753,あみやき亭,プライム（内国株式）,小売業,小売,TOPIX Small 2,E03398,株式会社　あみやき亭,3月31日,無
2760,東京エレクトロン　デバイス,プライム（内国株式）,卸売業,商社・卸売,TOPIX Small 1,E02955,東京エレクトロンデバイス株式会社,3月31日,有
2762,ＳＡＮＫＯ　ＭＡＲＫＥＴＩＮＧ　ＦＯＯＤＳ,スタンダード（内国株式）,小売業,小売,-,E03404,株式会社ＳＡＮＫＯ　ＭＡＲＫＥＴＩＮＧ　ＦＯＯＤＳ,6月30日,無
2763,エフティグループ,スタンダード（内国株式）,卸売業,商社・卸売,-,E03405,株式会社エフティグループ,3月31日,有
2764,ひらまつ,スタンダード（内国株式）,小売業,小売,-,E03406,株式会社ひらまつ,3月31日,有
2767,円谷フィールズホールディングス,プライム（内国株式）,卸売業,商社・卸売,TOPIX Small 1,E03407,円谷フィールズホールディングス株式会社,3月31日,有
2768,双日,プライム（内国株式）,卸売業,商社・卸売,TOPIX Mid400,E02958,双日株式会社,3月31日,有
2769,ヴィレッジヴァンガードコーポレーション,スタンダード（内国株式）,小売業,小売,-,E03409,株式会社ヴィレッジヴァンガードコーポレーション,5月31日,有
2776,新都ホールディングス,スタンダード（内国株式）,卸売業,商社・卸売,-,E02960,新都ホールディングス株式会社,1月31日,無
2778,パレモ・ホールディングス,スタンダード（内国株式）,小売業,小売,-,E03415,パレモ・ホールディングス株式会社,2月20日,有
277A,グロービング,プライム（内国株式）,サービス業,情報通信・サービスその他,TOPIX Small 2,E40147,グロービング株式会社,5月31日,有
2780,コメ兵ホールディングス,スタンダード（内国株式）,小売業,小売,-,E03416,株式会社コメ兵ホールディングス,3月31日,有
2782,セリア,スタンダード（内国株式）,小売業,小売,-,E03418,株式会社セリア,3月31日,無
2784,アルフレッサ　ホールディングス,プライム（内国株式）,卸売業,商社・卸売,TOPIX Mid400,E02962,アルフレッサホールディングス株式会社,3月31日,有
2788,アップルインターナショナル,スタンダード（内国株式）,卸売業,商社・卸売,-,E02963,アップルインターナショナル株式会社,12月31日,有
2789,カルラ,スタンダード（内国株式）,小売業,小売,-,E03422,株式会社カルラ,2月末日,有
2790,ナフコ,スタンダード（内国株式）,小売業,小売,-,E03421,株式会社ナフコ,3月31日,無
2791,大黒天物産,プライム（内国株式）,小売業,小売,TOPIX Small 1,E03423,大黒天物産株式会社,5月31日,有
2792,ハニーズホールディングス,プライム（内国株式）,小売業,小売,TOPIX Small 2,E03424,株式会社ハニーズホールディングス,5月31日,有
2795,日本プリメックス,スタンダード（内国株式）,卸売業,商社・卸売,-,E02964,日本プリメックス株式会社,3月31日,有
2796,ファーマライズホールディングス,スタンダード（内国株式）,小売業,小売,-,E05379,ファーマライズホールディングス株式会社,5月31日,有
2798,ワイズテーブルコーポレーション,スタンダード（内国株式）,小売業,小売,-,E03428,株式会社ワイズテーブルコーポレーション,2月末日,有
2801,キッコーマン,プライム（内国株式）,食料品,食品,TOPIX Mid400,E00435,キッコーマン株式会社,3月31日,有
2802,味の素,プライム（内国株式）,食料品,食品,TOPIX Large70,E00436,味の素株式会社,3月31日,有
2804,ブルドックソース,プライム（内国株式）,食料品,食品,TOPIX Small 2,E00466,ブルドックソース株式会社,3月31日,有
2805,ヱスビー食品,スタンダード（内国株式）,食料品,食品,-,E00452,ヱスビー食品株式会社,3月31日,有
2806,ユタカフーズ,スタンダード（内国株式）,食料品,食品,-,E00465,ユタカフーズ株式会社,3月31日,無
2809,キユーピー,プライム（内国株式）,食料品,食品,TOPIX Mid400,E00464,キユーピー株式会社,11月30日,有
2810,ハウス食品グループ本社,プライム（内国株式）,食料品,食品,TOPIX Mid400,E00462,ハウス食品グループ本社株式会社,3月31日,有
2811,カゴメ,プライム（内国株式）,食料品,食品,TOPIX Mid400,E00444,カゴメ株式会社,12月31日,有
2813,和弘食品,スタンダード（内国株式）,食料品,食品,-,E00478,和弘食品株式会社,3月31日,無
2814,佐藤食品工業,スタンダード（内国株式）,食料品,食品,-,E00484,佐藤食品工業株式会社,3月31日,無
2815,アリアケジャパン,プライム（内国株式）,食料品,食品,TOPIX Small 1,E00486,アリアケジャパン株式会社,3月31日,有
2816,ダイショー,スタンダード（内国株式）,食料品,食品,-,E00501,株式会社ダイショー,3月31日,有
2818,ピエトロ,スタンダード（内国株式）,食料品,食品,-,E00513,株式会社ピエトロ,3月31日,有
2819,エバラ食品工業,スタンダード（内国株式）,食料品,食品,TOPIX Small 2,E00514,エバラ食品工業株式会社,3月31日,有
2820,やまみ,スタンダード（内国株式）,食料品,食品,-,E32364,株式会社やまみ,6月30日,無
2831,はごろもフーズ,スタンダード（内国株式）,食料品,食品,-,E00508,はごろもフーズ株式会社,3月31日,有
285A,キオクシアホールディングス,プライム（内国株式）,電気機器,電機・精密,TOPIX Mid400,E35948,キオクシアホールディングス株式会社,3月末日,有
2871,ニチレイ,プライム（内国株式）,食料品,食品,TOPIX Mid400,E00446,株式会社ニチレイ,3月31日,有
2872,セイヒョー,スタンダード（内国株式）,食料品,食品,-,E00447,株式会社セイヒョー,2月末日,無
2874,横浜冷凍,プライム（内国株式）,卸売業,商社・卸売,TOPIX Small 1,E02576,横浜冷凍株式会社,9月30日,有
2875,東洋水産,プライム（内国株式）,食料品,食品,TOPIX Mid400,E00461,東洋水産株式会社,3月31日,有
2876,デルソーレ,スタンダード（内国株式）,食料品,食品,-,E00488,株式会社デルソーレ,3月31日,無
2877,日東ベスト,スタンダード（内国株式）,食料品,食品,-,E00498,日東ベスト株式会社,3月31日,有
287A,黒田グループ,スタンダード（内国株式）,卸売業,商社・卸売,-,E40213,黒田グループ株式会社,3月31日,有
2882,イートアンドホールディングス,プライム（内国株式）,食料品,食品,TOPIX Small 2,E25551,株式会社イートアンドホールディングス,2月末日,有
2883,大冷,スタンダード（内国株式）,食料品,食品,-,E31012,株式会社大冷,3月末日,無
2884,ヨシムラ・フード・ホールディングス,プライム（内国株式）,食料品,食品,TOPIX Small 2,E32138,株式会社ヨシムラ・フード・ホールディングス,2月末日,有
2892,日本食品化工,スタンダード（内国株式）,食料品,食品,-,E00442,日本食品化工株式会社,3月31日,無
2894,石井食品,スタンダード（内国株式）,食料品,食品,-,E00453,石井食品株式会社,3月31日,有
2897,日清食品ホールディングス,プライム（内国株式）,食料品,食品,TOPIX Mid400,E00457,日清食品ホールディングス株式会社,3月31日,有
2901,ウェルディッシュ,スタンダード（内国株式）,食料品,食品,-,E00471,株式会社ウェルディッシュ,8月31日,有
2903,シノブフーズ,スタンダード（内国株式）,食料品,食品,-,E00473,シノブフーズ株式会社,3月31日,有
2904,一正蒲鉾,スタンダード（内国株式）,食料品,食品,-,E00476,一正蒲鉾株式会社,6月30日,有
2907,あじかん,スタンダード（内国株式）,食料品,食品,-,E00480,株式会社あじかん,3月31日,有
2908,フジッコ,プライム（内国株式）,食料品,食品,TOPIX Small 2,E00481,フジッコ株式会社,3月31日,有
2910,ロック・フィールド,プライム（内国株式）,食料品,食品,TOPIX Small 2,E00482,株式会社ロック・フィールド,4月30日,有
2911,旭松食品,スタンダード（内国株式）,食料品,食品,-,E00487,旭松食品株式会社,3月31日,有
2914,日本たばこ産業,プライム（内国株式）,食料品,食品,TOPIX Core30,E00492,日本たばこ産業株式会社,12月31日,有
2915,ケンコーマヨネーズ,プライム（内国株式）,食料品,食品,TOPIX Small 2,E00493,ケンコーマヨネーズ株式会社,3月31日,有
2916,仙波糖化工業,スタンダード（内国株式）,食料品,食品,-,E00494,仙波糖化工業株式会社,3月31日,有
2917,大森屋,スタンダード（内国株式）,食料品,食品,-,E00495,株式会社大森屋,9月30日,無
2918,わらべや日洋ホールディングス,プライム（内国株式）,食料品,食品,TOPIX Small 1,E00496,わらべや日洋ホールディングス株式会社,2月末日,有
2922,なとり,プライム（内国株式）,食料品,食品,TOPIX Small 2,E00506,株式会社なとり,3月31日,有
2923,サトウ食品,スタンダード（内国株式）,食料品,食品,-,E00510,サトウ食品株式会社,4月30日,有
2924,イフジ産業,スタンダード（内国株式）,食料品,食品,-,E00511,イフジ産業株式会社,3月31日,有
2926,篠崎屋,スタンダード（内国株式）,食料品,食品,-,E00515,株式会社　篠崎屋,9月30日,無
2927,ＡＦＣ－ＨＤアムスライフサイエンス,スタンダード（内国株式）,食料品,食品,-,E01064,株式会社ＡＦＣ－ＨＤアムスライフサイエンス,8月31日,有
2929,ファーマフーズ,プライム（内国株式）,食料品,食品,TOPIX Small 2,E02484,株式会社ファーマフーズ,7月31日,有
2930,北の達人コーポレーション,プライム（内国株式）,化学,素材・化学,TOPIX Small 2,E26549,株式会社北の達人コーポレーション,2月末日,無
2931,ユーグレナ,プライム（内国株式）,食料品,食品,TOPIX Small 1,E27054,株式会社ユーグレナ,12月31日,有
2932,ＳＴＩフードホールディングス,スタンダード（内国株式）,食料品,食品,-,E35947,株式会社ＳＴＩフードホールディングス,12月末日,有
2933,紀文食品,プライム（内国株式）,食料品,食品,TOPIX Small 2,E36466,株式会社紀文食品,3月末日,有
2935,ピックルスホールディングス,プライム（内国株式）,食料品,食品,TOPIX Small 2,E37741,株式会社ピックルスホールディングス,2月末日,有
2938,オカムラ食品工業,スタンダード（内国株式）,食料品,食品,-,E38979,株式会社オカムラ食品工業,6月30日,有
2961,日本調理機,スタンダード（内国株式）,金属製品,建設・資材,-,E36991,日本調理機株式会社,9月30日,無
2962,テクニスコ,スタンダード（内国株式）,金属製品,建設・資材,-,E38523,株式会社テクニスコ,6月30日,有
2970,ＧＬＣ　ＧＲＯＵＰ,スタンダード（内国株式）,不動産業,不動産,-,E34522,ＧＬＣ　ＧＲＯＵＰ株式会社,12月31日,有
2975,スター・マイカ・ホールディングス,プライム（内国株式）,不動産業,不動産,TOPIX Small 2,E34707,スター・マイカ・ホールディングス株式会社,11月末日,有
297A,アルピコホールディングス,スタンダード（内国株式）,小売業,小売,-,E15690,アルピコホールディングス株式会社,3月31日,有
2980,ＳＲＥホールディングス,プライム（内国株式）,不動産業,不動産,TOPIX Small 2,E35153,ＳＲＥホールディングス株式会社,3月31日,有
2982,ＡＤワークスグループ,プライム（内国株式）,不動産業,不動産,-,E35340,株式会社ＡＤワークスグループ,12月31日,有
2984,ヤマイチエステート,スタンダード（内国株式）,不動産業,不動産,-,E35597,ヤマイチエステート株式会社,3月31日,有
2991,ランドネット,スタンダード（内国株式）,不動産業,不動産,-,E35614,株式会社ランドネット,7月末日,有
2993,長栄,スタンダード（内国株式）,不動産業,不動産,-,E37141,株式会社長栄,3月31日,無
2999,ホームポジション,スタンダード（内国株式）,不動産業,不動産,-,E35234,ホームポジション株式会社,8月31日,無
3001,片倉工業,スタンダード（内国株式）,繊維製品,素材・化学,TOPIX Small 2,E00524,片倉工業株式会社,12月31日,有
3002,グンゼ,プライム（内国株式）,繊維製品,素材・化学,TOPIX Small 1,E00520,グンゼ株式会社,3月31日,有
3003,ヒューリック,プライム（内国株式）,不動産業,不動産,TOPIX Mid400,E00523,ヒューリック株式会社,12月31日,有
3004,神栄,スタンダード（内国株式）,卸売業,商社・卸売,-,E02542,神栄株式会社,3月31日,有
300A,ＭＩＣ,スタンダード（内国株式）,サービス業,情報通信・サービスその他,-,E40154,ＭＩＣ株式会社,3月31日,無
3010,ポラリス・ホールディングス,スタンダード（内国株式）,サービス業,情報通信・サービスその他,-,E00521,ポラリス・ホールディングス株式会社,3月31日,有
3011,バナーズ,スタンダード（内国株式）,小売業,小売,-,E00585,株式会社バナーズ,3月31日,有
3020,アプライド,スタンダード（内国株式）,小売業,小売,-,E03472,アプライド株式会社,3月31日,有
3021,パシフィックネット,スタンダード（内国株式）,サービス業,情報通信・サービスその他,-,E03465,株式会社パシフィックネット,5月31日,有
3023,ラサ商事,スタンダード（内国株式）,卸売業,商社・卸売,TOPIX Small 2,E02547,ラサ商事株式会社,3月31日,有
3024,クリエイト,スタンダード（内国株式）,卸売業,商社・卸売,-,E02997,クリエイト株式会社,3月31日,有
3028,アルペン,プライム（内国株式）,小売業,小売,TOPIX Small 1,E03475,株式会社アルペン,6月30日,有
3030,ハブ,スタンダード（内国株式）,小売業,小売,-,E03473,株式会社ハブ,2月末日,無
3031,ラクーンホールディングス,プライム（内国株式）,情報・通信業,情報通信・サービスその他,TOPIX Small 2,E05563,株式会社ラクーンホールディングス,4月30日,有
3034,クオールホールディングス,プライム（内国株式）,小売業,小売,TOPIX Small 1,E03476,クオールホールディングス株式会社,3月31日,有
3035,ケイティケイ,スタンダード（内国株式）,卸売業,商社・卸売,-,E02995,ケイティケイ株式会社,8月20日,有
3036,アルコニックス,プライム（内国株式）,卸売業,商社・卸売,TOPIX Small 1,E02998,アルコニックス株式会社,3月31日,有
3038,神戸物産,プライム（内国株式）,卸売業,商社・卸売,TOPIX Mid400,E02999,株式会社神戸物産,10月31日,有
3040,ソリトンシステムズ,プライム（内国株式）,情報・通信業,情報通信・サービスその他,TOPIX Small 2,E05592,株式会社ソリトンシステムズ,12月31日,有
3041,ビューティカダンホールディングス,スタンダード（内国株式）,卸売業,商社・卸売,-,E05597,株式会社ビューティカダンホールディングス,6月30日,有
3042,セキュアヴェイル,スタンダード（内国株式）,情報・通信業,情報通信・サービスその他,-,E05606,株式会社セキュアヴェイル,3月31日,有
3045,カワサキ,スタンダード（内国株式）,卸売業,商社・卸売,-,E03000,株式会社カワサキ,8月31日,無
3046,ジンズホールディングス,プライム（内国株式）,小売業,小売,TOPIX Small 1,E03471,株式会社ジンズホールディングス,8月31日,有
3048,ビックカメラ,プライム（内国株式）,小売業,小売,TOPIX Mid400,E03481,株式会社ビックカメラ,8月31日,有
3050,ＤＣＭホールディングス,プライム（内国株式）,小売業,小売,TOPIX Small 1,E03489,ＤＣＭホールディングス株式会社,2月末日,有
3053,ペッパーフードサービス,スタンダード（内国株式）,小売業,小売,TOPIX Small 2,E03478,株式会社ペッパーフードサービス,12月31日,無
3054,ハイパー,スタンダード（内国株式）,卸売業,商社・卸売,-,E05627,株式会社ハイパー,12月31日,有
3058,三洋堂ホールディングス,スタンダード（内国株式）,小売業,小売,-,E03487,株式会社三洋堂ホールディングス,3月31日,有
3059,ヒラキ,スタンダード（内国株式）,小売業,小売,-,E03494,ヒラキ株式会社,3月31日,有
3064,ＭｏｎｏｔａＲＯ,プライム（内国株式）,小売業,小売,TOPIX Mid400,E03497,株式会社ＭｏｎｏｔａＲＯ,12月31日,有
3065,ライフフーズ,スタンダード（内国株式）,小売業,小売,-,E03490,株式会社ライフフーズ,2月末日,無
3067,東京一番フーズ,スタンダード（内国株式）,小売業,小売,-,E03485,株式会社東京一番フーズ,9月30日,有
3068,ＷＤＩ,スタンダード（内国株式）,小売業,小売,-,E03496,株式会社ＷＤＩ,3月31日,有
3069,ＪＦＬＡホールディングス,スタンダード（内国株式）,食料品,食品,-,E03508,株式会社　ＪＦＬＡホールディングス,3月31日,有
3071,ストリーム,スタンダード（内国株式）,小売業,小売,-,E03506,株式会社ストリーム,1月31日,有
3075,銚子丸,スタンダード（内国株式）,小売業,小売,-,E03507,株式会社銚子丸,2月末日,無
3076,あい　ホールディングス,プライム（内国株式）,卸売業,商社・卸売,TOPIX Small 1,E03006,あいホールディングス株式会社,6月30日,有
3077,ホリイフードサービス,スタンダード（内国株式）,小売業,小売,-,E03505,ホリイフードサービス株式会社,11月30日,無
3079,ディーブイエックス,スタンダード（内国株式）,卸売業,商社・卸売,-,E03005,ディーブイエックス株式会社,3月31日,無
3080,ジェーソン,スタンダード（内国株式）,小売業,小売,-,E03509,株式会社ジェーソン,2月末日,有
3082,きちりホールディングス,スタンダード（内国株式）,小売業,小売,-,E03512,株式会社きちりホールディングス,6月30日,有
3083,スターシーズ,スタンダード（内国株式）,小売業,小売,-,E03498,スターシーズ株式会社,2月末日,有
3086,Ｊ．フロント　リテイリング,プライム（内国株式）,小売業,小売,TOPIX Mid400,E03516,Ｊ．フロント　リテイリング株式会社,2月末日,有
3087,ドトール・日レスホールディングス,プライム（内国株式）,小売業,小売,TOPIX Small 1,E03518,株式会社ドトール・日レスホールディングス,2月末日,有
3088,マツキヨココカラ＆カンパニー,プライム（内国株式）,小売業,小売,TOPIX Mid400,E03519,株式会社マツキヨココカラ＆カンパニー,3月31日,有
3089,テクノアルファ,スタンダード（内国株式）,卸売業,商社・卸売,-,E03007,テクノアルファ株式会社,11月30日,有
3091,ブロンコビリー,プライム（内国株式）,小売業,小売,TOPIX Small 1,E03517,株式会社ブロンコビリー,12月31日,有
3092,ＺＯＺＯ,プライム（内国株式）,小売業,小売,TOPIX Mid400,E05725,株式会社ＺＯＺＯ,3月末日,有
3093,トレジャー・ファクトリー,プライム（内国株式）,小売業,小売,TOPIX Small 2,E03520,株式会社トレジャー・ファクトリー,2月末日,有
3096,オーシャンシステム,スタンダード（内国株式）,小売業,小売,-,E03524,株式会社オーシャンシステム,3月31日,有
3097,物語コーポレーション,プライム（内国株式）,小売業,小売,TOPIX Small 1,E03528,株式会社物語コーポレーション,6月30日,有
3099,三越伊勢丹ホールディングス,プライム（内国株式）,小売業,小売,TOPIX Mid400,E03521,株式会社三越伊勢丹ホールディングス,3月31日,有
3101,東洋紡,プライム（内国株式）,化学,素材・化学,TOPIX Small 1,E00525,東洋紡株式会社,3月31日,有
3103,ユニチカ,スタンダード（内国株式）,繊維製品,素材・化学,TOPIX Small 2,E00527,ユニチカ株式会社,3月31日,有
3104,富士紡ホールディングス,プライム（内国株式）,繊維製品,素材・化学,TOPIX Small 2,E00543,富士紡ホールディングス株式会社,3月31日,有
3105,日清紡ホールディングス,プライム（内国株式）,電気機器,電機・精密,TOPIX Mid400,E00544,日清紡ホールディングス株式会社,12月31日,有
3106,倉敷紡績,プライム（内国株式）,繊維製品,素材・化学,TOPIX Small 1,E00528,倉敷紡績株式会社,3月31日,有
3107,ダイワボウホールディングス,プライム（内国株式）,卸売業,商社・卸売,TOPIX Mid400,E00529,ダイワボウホールディングス株式会社,3月31日,有
3109,シキボウ,プライム（内国株式）,繊維製品,素材・化学,TOPIX Small 2,E00530,シキボウ株式会社,3月31日,有
3110,日東紡績,プライム（内国株式）,ガラス・土石製品,建設・資材,TOPIX Small 1,E00542,日東紡績株式会社,3月31日,有
3111,オーミケンシ,スタンダード（内国株式）,繊維製品,素材・化学,-,E00531,オーミケンシ株式会社,3月31日,有
3113,ＵＮＩＶＡ・Ｏａｋホールディングス,スタンダード（内国株式）,証券、商品先物取引業,金融（除く銀行）,-,E00541,株式会社ＵＮＩＶＡ・Ｏａｋホールディングス,3月31日,有
3116,トヨタ紡織,プライム（内国株式）,輸送用機器,自動車・輸送機,TOPIX Mid400,E00540,トヨタ紡織株式会社,3月31日,有
3121,マーチャント・バンカーズ,スタンダード（内国株式）,サービス業,情報通信・サービスその他,-,E00545,マーチャント・バンカーズ株式会社,10月31日,有
3123,サイボー,スタンダード（内国株式）,繊維製品,素材・化学,-,E00534,サイボー株式会社,3月31日,有
3131,シンデン・ハイテックス,スタンダード（内国株式）,卸売業,商社・卸売,-,E23741,シンデン・ハイテックス株式会社,3月末日,有
3132,マクニカホールディングス,プライム（内国株式）,卸売業,商社・卸売,TOPIX Mid400,E31167,マクニカホールディングス株式会社,3月31日,有
3134,Ｈａｍｅｅ,スタンダード（内国株式）,小売業,小売,TOPIX Small 2,E31386,Ｈａｍｅｅ株式会社,4月30日,有
3135,マーケットエンタープライズ,スタンダード（内国株式）,小売業,小売,-,E31551,株式会社マーケットエンタープライズ,6月30日,有
3137,ファンデリー,スタンダード（内国株式）,小売業,小売,-,E31574,株式会社ファンデリー,3月末日,無
3138,富士山マガジンサービス,スタンダード（内国株式）,小売業,小売,-,E31625,株式会社富士山マガジンサービス,12月末日,無
3139,ラクト・ジャパン,プライム（内国株式）,卸売業,商社・卸売,TOPIX Small 2,E31729,株式会社ラクト・ジャパン,11月30日,有
3143,オーウイル,スタンダード（内国株式）,卸売業,商社・卸売,-,E21832,オーウイル株式会社,3月31日,有
3148,クリエイトＳＤホールディングス,プライム（内国株式）,小売業,小売,TOPIX Small 1,E21606,株式会社クリエイトＳＤホールディングス,5月31日,有
3150,グリムス,プライム（内国株式）,電気・ガス業,電力・ガス,TOPIX Small 2,E22547,株式会社グリムス,3月31日,有
3151,バイタルケーエスケー・ホールディングス,プライム（内国株式）,卸売業,商社・卸売,TOPIX Small 2,E22440,株式会社バイタルケーエスケー・ホールディングス,3月31日,有
3153,八洲電機,プライム（内国株式）,卸売業,商社・卸売,TOPIX Small 2,E02812,八洲電機株式会社,3月31日,有
3154,メディアスホールディングス,プライム（内国株式）,卸売業,商社・卸売,TOPIX Small 2,E22995,メディアスホールディングス株式会社,6月30日,有
3156,レスター,プライム（内国株式）,卸売業,商社・卸売,TOPIX Small 2,E23245,株式会社レスター,3月31日,有
3157,ジオリーブグループ,スタンダード（内国株式）,卸売業,商社・卸売,-,E23288,ジオリーブグループ株式会社,3月31日,有
3159,丸善ＣＨＩホールディングス,スタンダード（内国株式）,小売業,小売,-,E23841,丸善ＣＨＩホールディングス株式会社,1月31日,有
3160,大光,スタンダード（内国株式）,卸売業,商社・卸売,-,E24129,株式会社大光,5月31日,有
3161,アゼアス,スタンダード（内国株式）,卸売業,商社・卸売,-,E24248,アゼアス株式会社,4月30日,有
3166,ＯＣＨＩホールディングス,スタンダード（内国株式）,卸売業,商社・卸売,-,E24536,ＯＣＨＩホールディングス株式会社,3月31日,有
3167,ＴＯＫＡＩホールディングス,プライム（内国株式）,卸売業,商社・卸売,TOPIX Small 1,E25165,株式会社ＴＯＫＡＩホールディングス,3月31日,有
3168,ＭＥＲＦ,スタンダード（内国株式）,卸売業,商社・卸売,-,E25443,株式会社ＭＥＲＦ,8月末日,有
3169,ミサワ,スタンダード（内国株式）,小売業,小売,-,E26095,株式会社ミサワ,1月31日,無
3172,ティーライフ,スタンダード（内国株式）,小売業,小売,-,E26322,ティーライフ株式会社,7月31日,有
3173,Ｃｏｍｉｎｉｘ,スタンダード（内国株式）,卸売業,商社・卸売,-,E26290,株式会社Ｃｏｍｉｎｉｘ,3月31日,有
3174,ハピネス・アンド・ディ,スタンダード（内国株式）,小売業,小売,-,E26579,株式会社ハピネス・アンド・ディ,8月末日,有
3175,エー・ピーホールディングス,スタンダード（内国株式）,小売業,小売,-,E26842,株式会社エー・ピーホールディングス,3月31日,有
3176,三洋貿易,プライム（内国株式）,卸売業,商社・卸売,TOPIX Small 2,E02548,三洋貿易株式会社,9月30日,有
3177,ありがとうサービス,スタンダード（内国株式）,小売業,小売,-,E26821,株式会社ありがとうサービス,2月末日,無
3178,チムニー,スタンダード（内国株式）,小売業,小売,-,E23818,チムニー株式会社,3月31日,有
3179,シュッピン,プライム（内国株式）,小売業,小売,TOPIX Small 2,E27051,シュッピン株式会社,3月31日,無
3180,ビューティガレージ,プライム（内国株式）,卸売業,商社・卸売,TOPIX Small 2,E27215,株式会社ビューティガレージ,4月末日,有
3181,買取王国,スタンダード（内国株式）,小売業,小売,-,E27202,株式会社買取王国,2月末日,無
3182,オイシックス・ラ・大地,プライム（内国株式）,小売業,小売,TOPIX Small 1,E27260,オイシックス・ラ・大地株式会社,3月末日,有
3183,ウイン・パートナーズ,プライム（内国株式）,卸売業,商社・卸売,TOPIX Small 2,E27210,ウイン・パートナーズ株式会社,3月31日,有
3184,ＩＣＤＡホールディングス,スタンダード（内国株式）,小売業,小売,-,E27572,ＩＣＤＡホールディングス株式会社,3月末日,有
3186,ネクステージ,プライム（内国株式）,小売業,小売,TOPIX Small 1,E27693,株式会社ネクステージ,11月30日,有
3189,ＡＮＡＰホールディングス,スタンダード（内国株式）,小売業,小売,-,E30020,株式会社ＡＮＡＰホールディングス,8月末日,有
3190,ホットマン,スタンダード（内国株式）,小売業,小売,-,E30451,株式会社ホットマン,3月31日,有
3191,ジョイフル本田,プライム（内国株式）,小売業,小売,TOPIX Small 1,E30501,株式会社ジョイフル本田,6月20日,有
3192,白鳩,スタンダード（内国株式）,小売業,小売,-,E30504,株式会社白鳩,11月末日,無
3193,エターナルホスピタリティグループ,プライム（内国株式）,小売業,小売,TOPIX Small 2,E30699,株式会社エターナルホスピタリティグループ,7月31日,無
3195,ジェネレーションパス,スタンダード（内国株式）,小売業,小売,-,E30881,株式会社ジェネレーションパス,10月31日,有
3196,ホットランドホールディングス,プライム（内国株式）,小売業,小売,TOPIX Small 2,E30898,株式会社ホットランドホールディングス,12月31日,有
3197,すかいらーくホールディングス,プライム（内国株式）,小売業,小売,TOPIX Mid400,E03515,株式会社すかいらーくホールディングス,12月31日,有
3199,綿半ホールディングス,プライム（内国株式）,小売業,小売,TOPIX Small 2,E31104,綿半ホールディングス株式会社,3月末日,有
3201,日本毛織,プライム（内国株式）,繊維製品,素材・化学,TOPIX Small 1,E00552,日本毛織株式会社,11月30日,有
3202,ダイトウボウ,スタンダード（内国株式）,繊維製品,素材・化学,-,E00547,ダイトウボウ株式会社,3月31日,有
3204,トーア紡コーポレーション,スタンダード（内国株式）,繊維製品,素材・化学,-,E00556,株式会社トーア紡コーポレーション,12月31日,有
3205,ダイドーリミテッド,スタンダード（内国株式）,繊維製品,素材・化学,-,E00550,株式会社ダイドーリミテッド,3月31日,有
3221,ヨシックスホールディングス,プライム（内国株式）,小売業,小売,TOPIX Small 2,E30656,株式会社ヨシックスホールディングス,3月31日,有
3222,ユナイテッド・スーパーマーケット・ホールディングス,スタンダード（内国株式）,小売業,小売,TOPIX Small 1,E31159,ユナイテッド・スーパーマーケット・ホールディングス株式会社,2月末日,有
3223,エスエルディー,スタンダード（内国株式）,小売業,小売,-,E31291,株式会社エスエルディー,2月28日,無
3231,野村不動産ホールディングス,プライム（内国株式）,不動産業,不動産,TOPIX Mid400,E04060,野村不動産ホールディングス株式会社,3月31日,有
3232,三重交通グループホールディングス,プライム（内国株式）,不動産業,不動産,TOPIX Small 2,E04233,三重交通グループホールディングス株式会社,3月31日,有
3236,プロパスト,スタンダード（内国株式）,不動産業,不動産,-,E04064,株式会社プロパスト,5月31日,無
3238,セントラル総合開発,スタンダード（内国株式）,不動産業,不動産,-,E04065,セントラル総合開発株式会社,3月31日,有
3241,ウィル,スタンダード（内国株式）,不動産業,不動産,-,E04068,株式会社ウィル,12月31日,有
3242,アーバネットコーポレーション,スタンダード（内国株式）,不動産業,不動産,-,E04069,株式会社アーバネットコーポレーション,6月30日,無
3245,ディア・ライフ,プライム（内国株式）,不動産業,不動産,TOPIX Small 2,E04072,株式会社ディア・ライフ,9月30日,無
3246,コーセーアールイー,スタンダード（内国株式）,不動産業,不動産,-,E04075,株式会社コーセーアールイー,1月31日,有
3248,アールエイジ,スタンダード（内国株式）,不動産業,不動産,-,E04077,株式会社アールエイジ,10月31日,有
3252,地主,プライム（内国株式）,不動産業,不動産,TOPIX Small 2,E05692,地主株式会社,12月31日,有
3266,ファンドクリエーショングループ,スタンダード（内国株式）,不動産業,不動産,-,E22612,株式会社ファンドクリエーショングループ,11月末日,有
3267,フィル・カンパニー,スタンダード（内国株式）,建設業,建設・資材,TOPIX Small 2,E32571,株式会社フィル・カンパニー,11月30日,有
3271,ＴＨＥグローバル社,スタンダード（内国株式）,不動産業,不動産,-,E24340,株式会社　ＴＨＥグローバル社,6月30日,有
3276,ＪＰＭＣ,プライム（内国株式）,不動産業,不動産,TOPIX Small 2,E25870,株式会社ＪＰＭＣ,12月31日,有
3277,サンセイランディック,スタンダード（内国株式）,不動産業,不動産,-,E26086,株式会社サンセイランディック,12月末日,有
3280,エストラスト,スタンダード（内国株式）,不動産業,不動産,-,E26966,株式会社エストラスト,2月末日,有
3284,フージャースホールディングス,プライム（内国株式）,不動産業,不動産,TOPIX Small 2,E27281,株式会社フージャースホールディングス,3月31日,有
3286,トラストホールディングス,スタンダード（内国株式）,不動産業,不動産,-,E27464,トラストホールディングス株式会社,6月30日,有
3288,オープンハウスグループ,プライム（内国株式）,不動産業,不動産,TOPIX Mid400,E27842,株式会社オープンハウスグループ,9月30日,有
3289,東急不動産ホールディングス,プライム（内国株式）,不動産業,不動産,TOPIX Mid400,E27633,東急不動産ホールディングス株式会社,3月末日,有
3291,飯田グループホールディングス,プライム（内国株式）,不動産業,不動産,TOPIX Mid400,E27759,飯田グループホールディングス株式会社,3月末日,有
3293,アズマハウス,スタンダード（内国株式）,不動産業,不動産,-,E30066,アズマハウス株式会社,3月末日,有
3297,東武住販,スタンダード（内国株式）,不動産業,不動産,-,E30598,株式会社東武住販,5月31日,無
3299,ムゲンエステート,スタンダード（内国株式）,不動産業,不動産,-,E30649,株式会社ムゲンエステート,12月末日,有
3302,帝国繊維,プライム（内国株式）,繊維製品,素材・化学,TOPIX Small 2,E00559,帝国繊維株式会社,12月31日,有
3306,日本製麻,スタンダード（内国株式）,卸売業,商社・卸売,-,E00558,日本製麻株式会社,3月31日,無
3315,日本コークス工業,プライム（内国株式）,石油・石炭製品,エネルギー資源,TOPIX Small 2,E00030,日本コークス工業株式会社,3月31日,有
3317,フライングガーデン,スタンダード（内国株式）,小売業,小売,-,E03432,株式会社フライングガーデン,3月31日,無
331A,メディックス,スタンダード（内国株式）,サービス業,情報通信・サービスその他,-,E40420,株式会社メディックス,3月末日,有
3320,クロスプラス,スタンダード（内国株式）,卸売業,商社・卸売,-,E02967,クロスプラス株式会社,1月31日,有
3321,ミタチ産業,スタンダード（内国株式）,卸売業,商社・卸売,-,E02968,ミタチ産業株式会社,5月31日,有
3323,レカム,スタンダード（内国株式）,卸売業,商社・卸売,-,E02971,レカム株式会社,9月30日,有
3326,ランシステム,スタンダード（内国株式）,サービス業,情報通信・サービスその他,-,E03434,株式会社ランシステム,6月30日,有
3329,東和フードサービス,スタンダード（内国株式）,小売業,小売,-,E03436,東和フードサービス株式会社,4月30日,無
3333,あさひ,プライム（内国株式）,小売業,小売,TOPIX Small 2,E03439,株式会社あさひ,2月20日,無
3349,コスモス薬品,プライム（内国株式）,小売業,小売,TOPIX Mid400,E03446,株式会社コスモス薬品,5月31日,有
3350,メタプラネット,スタンダード（内国株式）,卸売業,商社・卸売,-,E02978,株式会社メタプラネット,12月31日,有
3352,バッファロー,スタンダード（内国株式）,小売業,小売,-,E03447,株式会社バッファロー,3月31日,有
3353,メディカル一光グループ,スタンダード（内国株式）,小売業,小売,-,E03443,株式会社メディカル一光グループ,2月末日,有
3355,クリヤマホールディングス,スタンダード（内国株式）,卸売業,商社・卸売,-,E02979,クリヤマホールディングス株式会社,12月31日,有
3358,Ｔｒａｉｌｈｅａｄ　Ｇｌｏｂａｌ　Ｈｏｌｄｉｎｇｓ,スタンダード（内国株式）,小売業,小売,-,E03451,Ｔｒａｉｌｈｅａｄ　Ｇｌｏｂａｌ　Ｈｏｌｄｉｎｇｓ株式会社,3月31日,有
3360,シップヘルスケアホールディングス,プライム（内国株式）,卸売業,商社・卸売,TOPIX Mid400,E03450,シップヘルスケアホールディングス株式会社,3月31日,有
3361,トーエル,スタンダード（内国株式）,小売業,小売,-,E03454,株式会社トーエル,4月30日,有
3370,フジタコーポレーション,スタンダード（内国株式）,小売業,小売,-,E03456,株式会社フジタコーポレーション,3月31日,無
3371,ソフトクリエイトホールディングス,プライム（内国株式）,情報・通信業,情報通信・サービスその他,TOPIX Small 2,E05485,株式会社ソフトクリエイトホールディングス,3月31日,有
3372,関門海,スタンダード（内国株式）,小売業,小売,-,E03457,株式会社関門海,3月31日,有
3374,内外テック,スタンダード（内国株式）,卸売業,商社・卸売,-,E02986,内外テック株式会社,3月31日,有
3375,ＺＯＡ,スタンダード（内国株式）,小売業,小売,-,E03460,株式会社ＺＯＡ,3月31日,無
3377,バイク王＆カンパニー,スタンダード（内国株式）,卸売業,商社・卸売,-,E02988,株式会社バイク王＆カンパニー,11月30日,無
3382,セブン＆アイ・ホールディングス,プライム（内国株式）,小売業,小売,TOPIX Core30,E03462,株式会社セブン＆アイ・ホールディングス,2月末日,有
3386,コスモ・バイオ,スタンダード（内国株式）,卸売業,商社・卸売,-,E02991,コスモ・バイオ株式会社,12月31日,有
3387,クリエイト・レストランツ・ホールディングス,プライム（内国株式）,小売業,小売,TOPIX Small 1,E05517,株式会社クリエイト・レストランツ・ホールディングス,2月末日,有
3388,明治電機工業,プライム（内国株式）,卸売業,商社・卸売,TOPIX Small 2,E02992,明治電機工業株式会社,3月31日,有
3391,ツルハホールディングス,プライム（内国株式）,小売業,小売,TOPIX Mid400,E03464,株式会社ツルハホールディングス,2月末日,有
3392,デリカフーズホールディングス,スタンダード（内国株式）,卸売業,商社・卸売,-,E02994,デリカフーズホールディングス株式会社,3月31日,有
3393,スターティアホールディングス,プライム（内国株式）,卸売業,商社・卸売,-,E05539,スターティアホールディングス株式会社,3月31日,有
3395,サンマルクホールディングス,プライム（内国株式）,小売業,小売,TOPIX Small 1,E05556,株式会社サンマルクホールディングス,3月31日,有
3396,フェリシモ,スタンダード（内国株式）,小売業,小売,-,E03467,株式会社フェリシモ,2月末日,有
3397,トリドールホールディングス,プライム（内国株式）,小売業,小売,TOPIX Mid400,E03468,株式会社トリドールホールディングス,3月31日,有
3399,丸千代山岡家,スタンダード（内国株式）,小売業,小売,-,E03470,株式会社丸千代山岡家,1月31日,無
3401,帝人,プライム（内国株式）,繊維製品,素材・化学,TOPIX Mid400,E00872,帝人株式会社,3月31日,有
3402,東レ,プライム（内国株式）,繊維製品,素材・化学,TOPIX Mid400,E00873,東レ株式会社,3月31日,有
3405,クラレ,プライム（内国株式）,化学,素材・化学,TOPIX Mid400,E00876,株式会社クラレ,12月31日,有
3407,旭化成,プライム（内国株式）,化学,素材・化学,TOPIX Large70,E00877,旭化成株式会社,3月31日,有
3409,北紡,スタンダード（内国株式）,繊維製品,素材・化学,-,E00566,株式会社北紡,3月31日,有
3415,ＴＯＫＹＯ　ＢＡＳＥ,プライム（内国株式）,小売業,小売,TOPIX Small 2,E31742,株式会社ＴＯＫＹＯ　ＢＡＳＥ,1月31日,有
3416,ピクスタ,スタンダード（内国株式）,小売業,小売,-,E31749,ピクスタ株式会社,12月末日,有
3417,大木ヘルスケアホールディングス,スタンダード（内国株式）,卸売業,商社・卸売,-,E31624,大木ヘルスケアホールディングス株式会社,3月31日,有
3420,ケー・エフ・シー,スタンダード（内国株式）,金属製品,建設・資材,-,E02876,株式会社ケー・エフ・シー,3月31日,有
3421,稲葉製作所,スタンダード（内国株式）,金属製品,建設・資材,TOPIX Small 2,E01451,株式会社稲葉製作所,7月31日,有
3422,Ｊ－ＭＡＸ,スタンダード（内国株式）,金属製品,建設・資材,-,E01452,株式会社　Ｊ－ＭＡＸ,3月31日,有
3423,エスイー,スタンダード（内国株式）,金属製品,建設・資材,-,E01298,株式会社エスイー,3月31日,有
3426,アトムリビンテック,スタンダード（内国株式）,金属製品,建設・資材,-,E02920,アトムリビンテック株式会社,6月30日,無
3431,宮地エンジニアリンググループ,プライム（内国株式）,金属製品,建設・資材,TOPIX Small 1,E01461,宮地エンジニアリンググループ株式会社,3月31日,有
3433,トーカロ,プライム（内国株式）,金属製品,建設・資材,TOPIX Small 1,E01443,トーカロ株式会社,3月31日,有
3434,アルファＣｏ,スタンダード（内国株式）,金属製品,建設・資材,-,E02245,株式会社アルファ,3月31日,有
3435,サンコーテクノ,スタンダード（内国株式）,金属製品,建設・資材,-,E01462,サンコーテクノ株式会社,3月31日,有
3436,ＳＵＭＣＯ,プライム（内国株式）,金属製品,建設・資材,TOPIX Mid400,E02103,株式会社ＳＵＭＣＯ,12月31日,有
3437,特殊電極,スタンダード（内国株式）,金属製品,建設・資材,-,E01464,特殊電極株式会社,3月31日,有
3439,三ツ知,スタンダード（内国株式）,金属製品,建設・資材,-,E02491,株式会社三ツ知,6月30日,有
343A,ＩＡＣＥトラベル,スタンダード（内国株式）,サービス業,情報通信・サービスその他,-,E40408,株式会社ＩＡＣＥトラベル,3月31日,有
3440,日創グループ,スタンダード（内国株式）,金属製品,建設・資材,-,E02493,日創グループ株式会社,8月31日,有
3441,山王,スタンダード（内国株式）,金属製品,建設・資材,-,E02121,株式会社山王,7月31日,有
3443,川田テクノロジーズ,プライム（内国株式）,金属製品,建設・資材,TOPIX Small 2,E21955,川田テクノロジーズ株式会社,3月31日,有
3444,菊池製作所,スタンダード（内国株式）,金属製品,建設・資材,-,E22016,株式会社菊池製作所,4月30日,有
3445,ＲＳ　Ｔｅｃｈｎｏｌｏｇｉｅｓ,プライム（内国株式）,金属製品,建設・資材,TOPIX Small 1,E31042,株式会社ＲＳ　Ｔｅｃｈｎｏｌｏｇｉｅｓ,12月末日,有
3446,ジェイテックコーポレーション,スタンダード（内国株式）,金属製品,建設・資材,-,E33777,株式会社ジェイテックコーポレーション,6月末日,無
3447,信和,スタンダード（内国株式）,金属製品,建設・資材,-,E33834,信和株式会社,3月末日,有
3449,テクノフレックス,スタンダード（内国株式）,金属製品,建設・資材,-,E35294,株式会社テクノフレックス,12月末日,有
3452,ビーロット,スタンダード（内国株式）,不動産業,不動産,-,E31024,株式会社ビーロット,12月31日,有
3454,ファーストブラザーズ,スタンダード（内国株式）,不動産業,不動産,-,E05607,ファーストブラザーズ株式会社,11月30日,有
3457,Ａｎｄ　Ｄｏホールディングス,プライム（内国株式）,不動産業,不動産,TOPIX Small 2,E31284,株式会社Ａｎｄ　Ｄｏホールディングス,6月30日,有
3461,パルマ,スタンダード（内国株式）,不動産業,不動産,-,E31681,株式会社パルマ,9月30日,無
3465,ケイアイスター不動産,プライム（内国株式）,不動産業,不動産,TOPIX Small 1,E31979,ケイアイスター不動産株式会社,3月31日,有
3467,アグレ都市デザイン,スタンダード（内国株式）,不動産業,不動産,-,E32158,アグレ都市デザイン株式会社,3月31日,無
3469,デュアルタップ,スタンダード（内国株式）,不動産業,不動産,-,E32468,株式会社デュアルタップ,6月末日,有
3475,グッドコムアセット,プライム（内国株式）,不動産業,不動産,TOPIX Small 2,E30726,株式会社グッドコムアセット,10月31日,有
3480,ジェイ・エス・ビー,プライム（内国株式）,不動産業,不動産,TOPIX Small 2,E25148,株式会社ジェイ・エス・ビー,10月31日,有
3482,ロードスターキャピタル,プライム（内国株式）,不動産業,不動産,TOPIX Small 2,E32779,ロードスターキャピタル株式会社,12月31日,有
3484,イノベーションホールディングス,スタンダード（内国株式）,不動産業,不動産,-,E33435,株式会社イノベーションホールディングス,3月末日,有
3486,グローバル・リンク・マネジメント,プライム（内国株式）,不動産業,不動産,-,E33579,株式会社グローバル・リンク・マネジメント,12月31日,有
3489,フェイスネットワーク,スタンダード（内国株式）,不動産業,不動産,-,E33819,株式会社フェイスネットワーク,3月末日,無
3490,アズ企画設計,スタンダード（内国株式）,不動産業,不動産,-,E33863,株式会社アズ企画設計,2月末日,無
3494,マリオン,スタンダード（内国株式）,不動産業,不動産,-,E34271,株式会社マリオン,9月30日,無
3495,香陵住販,スタンダード（内国株式）,不動産業,不動産,-,E34256,香陵住販株式会社,9月30日,有
3496,アズーム,プライム（内国株式）,不動産業,不動産,TOPIX Small 2,E34285,株式会社アズーム,9月30日,有
3498,霞ヶ関キャピタル,プライム（内国株式）,不動産業,不動産,TOPIX Small 1,E34289,霞ヶ関キャピタル株式会社,8月31日,有
3501,ＳＵＭＩＮＯＥ,プライム（内国株式）,繊維製品,素材・化学,-,E00574,ＳＵＭＩＮＯＥ株式会社,5月31日,有
3512,日本フエルト,スタンダード（内国株式）,繊維製品,素材・化学,-,E00573,日本フエルト株式会社,3月31日,有
3513,イチカワ,スタンダード（内国株式）,繊維製品,素材・化学,-,E00572,イチカワ株式会社,3月31日,有
3521,テルマー湯ホールディングス,スタンダード（内国株式）,サービス業,情報通信・サービスその他,-,E00576,テルマー湯ホールディングス株式会社,3月31日,有
3524,日東製網,スタンダード（内国株式）,繊維製品,素材・化学,-,E00578,日東製網株式会社,4月30日,有
3529,アツギ,スタンダード（内国株式）,繊維製品,素材・化学,-,E00567,アツギ株式会社,3月31日,有
3536,アクサスホールディングス,スタンダード（内国株式）,小売業,小売,-,E31968,アクサスホールディングス株式会社,8月末日,有
3537,昭栄薬品,スタンダード（内国株式）,卸売業,商社・卸売,-,E32146,昭栄薬品株式会社,3月31日,有
3538,ウイルプラスホールディングス,スタンダード（内国株式）,小売業,小売,-,E32181,株式会社ウイルプラスホールディングス,6月30日,有
3539,ＪＭホールディングス,プライム（内国株式）,小売業,小売,TOPIX Small 2,E32254,株式会社ＪＭホールディングス,7月31日,有
3543,コメダホールディングス,プライム（内国株式）,卸売業,商社・卸売,TOPIX Small 1,E32427,株式会社コメダホールディングス,2月末日,有
3544,サツドラホールディングス,スタンダード（内国株式）,小売業,小売,-,E32381,サツドラホールディングス株式会社,5月15日,有
3547,ユニシアホールディングス,スタンダード（内国株式）,小売業,小売,TOPIX Small 2,E32592,株式会社ユニシアホールディングス,11月30日,有
3548,バロックジャパンリミテッド,プライム（内国株式）,小売業,小売,TOPIX Small 2,E32697,株式会社バロックジャパンリミテッド,2月末日,有
3549,クスリのアオキホールディングス,スタンダード（内国株式）,小売業,小売,TOPIX Mid400,E10737,株式会社クスリのアオキホールディングス,5月20日,無
3551,ダイニック,スタンダード（内国株式）,繊維製品,素材・化学,-,E00996,ダイニック株式会社,3月31日,有
3553,共和レザー,スタンダード（内国株式）,化学,素材・化学,-,E00994,共和レザー株式会社,3月31日,有
3559,ピーバンドットコム,スタンダード（内国株式）,卸売業,商社・卸売,-,E33016,株式会社ピーバンドットコム,3月末日,無
3560,ほぼ日,スタンダード（内国株式）,小売業,小売,-,E32991,株式会社ほぼ日,8月31日,無
3561,力の源ホールディングス,プライム（内国株式）,小売業,小売,TOPIX Small 2,E33011,株式会社力の源ホールディングス,3月31日,有
3562,Ｎｏ．１,スタンダード（内国株式）,卸売業,商社・卸売,-,E33037,株式会社Ｎｏ．１,2月末日,有
3563,ＦＯＯＤ　＆　ＬＩＦＥ　ＣＯＭＰＡＮＩＥＳ,プライム（内国株式）,小売業,小売,TOPIX Mid400,E33000,株式会社ＦＯＯＤ　＆　ＬＩＦＥ　ＣＯＭＰＡＮＩＥＳ,9月30日,有
3565,アセンテック,スタンダード（内国株式）,卸売業,商社・卸売,TOPIX Small 2,E33109,アセンテック株式会社,1月31日,無
3569,セーレン,プライム（内国株式）,繊維製品,素材・化学,TOPIX Small 1,E00562,セーレン株式会社,3月31日,有
3571,ソトー,スタンダード（内国株式）,繊維製品,素材・化学,-,E00569,株式会社ソトー,3月31日,有
3577,東海染工,スタンダード（内国株式）,繊維製品,素材・化学,-,E00563,東海染工株式会社,3月31日,有
3580,小松マテーレ,プライム（内国株式）,繊維製品,素材・化学,TOPIX Small 2,E00591,小松マテーレ株式会社,3月31日,有
3583,オーベクス,スタンダード（内国株式）,繊維製品,素材・化学,-,E00584,オーベクス株式会社,3月31日,有
3591,ワコールホールディングス,プライム（内国株式）,繊維製品,素材・化学,TOPIX Mid400,E00590,株式会社ワコールホールディングス,3月31日,有
3597,自重堂,スタンダード（内国株式）,繊維製品,素材・化学,-,E00607,株式会社自重堂,6月30日,有
3598,山喜,スタンダード（内国株式）,繊維製品,素材・化学,-,E02773,山喜株式会社,3月31日,有
3600,フジックス,スタンダード（内国株式）,繊維製品,素材・化学,-,E00610,株式会社フジックス,3月31日,有
3607,クラウディアホールディングス,スタンダード（内国株式）,繊維製品,素材・化学,-,E00617,株式会社クラウディアホールディングス,8月31日,有
3608,ＴＳＩホールディングス,プライム（内国株式）,繊維製品,素材・化学,TOPIX Small 1,E25234,株式会社ＴＳＩホールディングス,2月末日,有
3611,マツオカコーポレーション,スタンダード（内国株式）,繊維製品,素材・化学,-,E33574,株式会社マツオカコーポレーション,3月31日,有
3612,ワールド,プライム（内国株式）,繊維製品,素材・化学,TOPIX Small 1,E02767,株式会社ワールド,2月末日,有
3622,ネットイヤーグループ,スタンダード（内国株式）,情報・通信業,情報通信・サービスその他,-,E05736,ネットイヤーグループ株式会社,3月31日,無
3626,ＴＩＳ,プライム（内国株式）,情報・通信業,情報通信・サービスその他,TOPIX Mid400,E05739,ＴＩＳＩ株式会社,3月31日,有
3627,テクミラホールディングス,スタンダード（内国株式）,情報・通信業,情報通信・サービスその他,-,E20385,テクミラホールディングス株式会社,2月末日,有
3632,グリーホールディングス,プライム（内国株式）,情報・通信業,情報通信・サービスその他,TOPIX Small 2,E22012,グリーホールディングス株式会社,6月30日,有
3633,ＧＭＯペパボ,スタンダード（内国株式）,情報・通信業,情報通信・サービスその他,TOPIX Small 2,E22101,ＧＭＯペパボ株式会社,12月31日,有
3634,ソケッツ,スタンダード（内国株式）,情報・通信業,情報通信・サービスその他,-,E22461,株式会社ソケッツ,3月末日,無
3635,コーエーテクモホールディングス,プライム（内国株式）,情報・通信業,情報通信・サービスその他,TOPIX Mid400,E22460,株式会社コーエーテクモホールディングス,3月31日,有
3636,三菱総合研究所,プライム（内国株式）,情報・通信業,情報通信・サービスその他,TOPIX Small 1,E23492,株式会社三菱総合研究所,9月末日,有
3639,ボルテージ,スタンダード（内国株式）,情報・通信業,情報通信・サービスその他,-,E24392,株式会社ボルテージ,6月30日,有
3640,電算,スタンダード（内国株式）,情報・通信業,情報通信・サービスその他,-,E24457,株式会社電算,3月31日,有
3641,パピレス,スタンダード（内国株式）,情報・通信業,情報通信・サービスその他,-,E24453,株式会社パピレス,3月31日,有
3646,駅探,スタンダード（内国株式）,情報・通信業,情報通信・サービスその他,-,E25206,株式会社駅探,3月末日,有
3647,アスリナ,スタンダード（内国株式）,情報・通信業,情報通信・サービスその他,-,E24998,株式会社アスリナ,8月31日,有
3648,ＡＧＳ,スタンダード（内国株式）,情報・通信業,情報通信・サービスその他,-,E25263,ＡＧＳ株式会社,3月末日,有
3649,ファインデックス,プライム（内国株式）,情報・通信業,情報通信・サービスその他,TOPIX Small 2,E25283,株式会社ファインデックス,12月31日,有
3656,ＫＬａｂ,プライム（内国株式）,情報・通信業,情報通信・サービスその他,TOPIX Small 2,E25867,ＫＬａｂ株式会社,12月31日,有
3657,ポールトゥウィンホールディングス,プライム（内国株式）,情報・通信業,情報通信・サービスその他,TOPIX Small 2,E25898,ポールトゥウィンホールディングス株式会社,1月末日,有
3659,ネクソン,プライム（内国株式）,情報・通信業,情報通信・サービスその他,TOPIX Mid400,E25850,株式会社ネクソン,12月末日,有
365A,伊澤タオル,スタンダード（内国株式）,繊維製品,素材・化学,-,E40674,伊澤タオル株式会社,2月末日,無
3660,アイスタイル,プライム（内国株式）,情報・通信業,情報通信・サービスその他,TOPIX Small 1,E26301,株式会社アイスタイル,6月30日,有
3661,エムアップホールディングス,プライム（内国株式）,情報・通信業,情報通信・サービスその他,TOPIX Small 1,E26332,株式会社エムアップホールディングス,3月31日,有
3662,エイチームホールディングス,プライム（内国株式）,情報・通信業,情報通信・サービスその他,TOPIX Small 2,E26369,株式会社エイチームホールディングス,7月31日,有
3663,セルシス,プライム（内国株式）,情報・通信業,情報通信・サービスその他,TOPIX Small 2,E26231,株式会社セルシス,12月31日,有
3665,エニグモ,プライム（内国株式）,情報・通信業,情報通信・サービスその他,TOPIX Small 2,E26703,株式会社エニグモ,1月31日,有
3667,ｅｎｉｓｈ,スタンダード（内国株式）,情報・通信業,情報通信・サービスその他,-,E27047,株式会社ｅｎｉｓｈ,12月31日,無
3668,コロプラ,プライム（内国株式）,情報・通信業,情報通信・サービスその他,TOPIX Small 1,E27062,株式会社コロプラ,9月30日,有
3670,協立情報通信,スタンダード（内国株式）,情報・通信業,情報通信・サービスその他,-,E27235,協立情報通信株式会社,3月31日,有
3671,ソフトマックス,スタンダード（内国株式）,情報・通信業,情報通信・サービスその他,-,E27276,ソフトマックス株式会社,12月31日,無
3672,オルトプラス,スタンダード（内国株式）,情報・通信業,情報通信・サービスその他,-,E27280,株式会社オルトプラス,9月30日,有
3673,ブロードリーフ,プライム（内国株式）,情報・通信業,情報通信・サービスその他,TOPIX Small 1,E27361,株式会社ブロードリーフ,12月末日,有
3675,クロス・マーケティンググループ,スタンダード（内国株式）,情報・通信業,情報通信・サービスその他,-,E27421,株式会社クロス・マーケティンググループ,6月30日,有
3676,デジタルハーツホールディングス,プライム（内国株式）,情報・通信業,情報通信・サービスその他,TOPIX Small 2,E27655,株式会社デジタルハーツホールディングス,3月31日,有
3678,メディアドゥ,プライム（内国株式）,情報・通信業,情報通信・サービスその他,TOPIX Small 2,E30002,株式会社メディアドゥ,2月末日,有
3679,じげん,プライム（内国株式）,情報・通信業,情報通信・サービスその他,TOPIX Small 2,E30047,株式会社じげん,3月31日,有
367A,プリモグローバルホールディングス,スタンダード（内国株式）,小売業,小売,-,E40648,プリモグローバルホールディングス株式会社,8月31日,有
3681,ブイキューブ,プライム（内国株式）,情報・通信業,情報通信・サービスその他,-,E30114,株式会社ブイキューブ,12月31日,有
3682,エンカレッジ・テクノロジ,スタンダード（内国株式）,情報・通信業,情報通信・サービスその他,-,E30085,エンカレッジ・テクノロジ株式会社,3月末日,有
3683,サイバーリンクス,スタンダード（内国株式）,情報・通信業,情報通信・サービスその他,-,E30398,株式会社サイバーリンクス,12月末日,有
3686,ディー・エル・イー,スタンダード（内国株式）,情報・通信業,情報通信・サービスその他,-,E30466,株式会社ディー・エル・イー,3月31日,無
3687,フィックスターズ,プライム（内国株式）,情報・通信業,情報通信・サービスその他,TOPIX Small 2,E30537,株式会社フィックスターズ,9月30日,有
368A,北里コーポレーション,プライム（内国株式）,精密機器,電機・精密,TOPIX Small 2,E40668,株式会社北里,3月31日,有
3690,イルグルム,スタンダード（内国株式）,情報・通信業,情報通信・サービスその他,-,E30836,株式会社イルグルム,9月末日,有
3694,オプティム,プライム（内国株式）,情報・通信業,情報通信・サービスその他,TOPIX Small 2,E30918,株式会社オプティム,3月31日,無
3696,セレス,プライム（内国株式）,情報・通信業,情報通信・サービスその他,TOPIX Small 2,E30919,株式会社セレス,12月末日,無
3697,ＳＨＩＦＴ,プライム（内国株式）,情報・通信業,情報通信・サービスその他,TOPIX Mid400,E30969,株式会社ＳＨＩＦＴ,8月末日,有
3698,ＣＲＩ・ミドルウェア,スタンダード（内国株式）,情報・通信業,情報通信・サービスその他,-,E30996,株式会社ＣＲＩ・ミドルウェア,9月末日,有
3708,特種東海製紙,プライム（内国株式）,パルプ・紙,素材・化学,TOPIX Small 2,E00691,特種東海製紙株式会社,3月31日,有
3710,ジョルダン,スタンダード（内国株式）,情報・通信業,情報通信・サービスその他,-,E05336,ジョルダン株式会社,9月30日,有
3712,情報企画,スタンダード（内国株式）,情報・通信業,情報通信・サービスその他,-,E05340,株式会社情報企画,9月30日,無
3719,ＡＩストーム,スタンダード（内国株式）,情報・通信業,情報通信・サービスその他,-,E05348,ＡＩストーム株式会社,12月31日,無
3726,フォーシーズＨＤ,スタンダード（内国株式）,小売業,小売,-,E05395,株式会社フォーシーズＨＤ,9月30日,有
372A,レント,スタンダード（内国株式）,サービス業,情報通信・サービスその他,-,E40662,株式会社レント,5月31日,有
3733,ソフトウェア・サービス,スタンダード（内国株式）,情報・通信業,情報通信・サービスその他,-,E05376,株式会社ソフトウェア・サービス,10月31日,無
3741,セック,プライム（内国株式）,情報・通信業,情報通信・サービスその他,TOPIX Small 2,E05400,株式会社セック,3月31日,無
3744,サイオス,スタンダード（内国株式）,情報・通信業,情報通信・サービスその他,-,E05413,サイオス株式会社,12月31日,有
3747,インタートレード,スタンダード（内国株式）,情報・通信業,情報通信・サービスその他,-,E05424,株式会社インタートレード,9月30日,有
3750,ＡＤＲ１２０Ｓ,スタンダード（内国株式）,情報・通信業,情報通信・サービスその他,-,E05443,株式会社ＡＤＲ１２０Ｓ,3月31日,有
3753,フライトソリューションズ,スタンダード（内国株式）,情報・通信業,情報通信・サービスその他,-,E05432,株式会社フライトソリューションズ,3月31日,有
3758,アエリア,スタンダード（内国株式）,情報・通信業,情報通信・サービスその他,-,E05453,株式会社アエリア,12月31日,有
3760,ケイブ,スタンダード（内国株式）,情報・通信業,情報通信・サービスその他,-,E05449,株式会社ケイブ,5月31日,有
3762,テクマトリックス,プライム（内国株式）,情報・通信業,情報通信・サービスその他,TOPIX Small 1,E05463,テクマトリックス株式会社,3月31日,有
3763,プロシップ,プライム（内国株式）,情報・通信業,情報通信・サービスその他,TOPIX Small 2,E05466,株式会社プロシップ,3月31日,無
3765,ガンホー・オンライン・エンターテイメント,プライム（内国株式）,情報・通信業,情報通信・サービスその他,TOPIX Small 1,E05474,ガンホー・オンライン・エンターテイメント株式会社,12月31日,有
3766,システムズ・デザイン,スタンダード（内国株式）,情報・通信業,情報通信・サービスその他,-,E05469,システムズ・デザイン株式会社,3月31日,有
3768,リスクモンスター,スタンダード（内国株式）,情報・通信業,情報通信・サービスその他,-,E05471,リスクモンスター株式会社,3月31日,有
3769,ＧＭＯペイメントゲートウェイ,プライム（内国株式）,情報・通信業,情報通信・サービスその他,TOPIX Mid400,E05476,ＧＭＯペイメントゲートウェイ株式会社,9月30日,有
3771,システムリサーチ,プライム（内国株式）,情報・通信業,情報通信・サービスその他,TOPIX Small 2,E05487,株式会社システムリサーチ,3月31日,有
3772,ウェルス・マネジメント,スタンダード（内国株式）,不動産業,不動産,-,E03801,ウェルス・マネジメント株式会社,3月31日,有
3774,インターネットイニシアティブ,プライム（内国株式）,情報・通信業,情報通信・サービスその他,TOPIX Mid400,E05480,株式会社インターネットイニシアティブ,3月31日,有
3776,ブロードバンドタワー,スタンダード（内国株式）,情報・通信業,情報通信・サービスその他,-,E05494,株式会社ブロードバンドタワー,12月31日,有
3778,さくらインターネット,プライム（内国株式）,情報・通信業,情報通信・サービスその他,TOPIX Small 1,E05518,さくらインターネット株式会社,3月31日,有
3779,ジェイ・エスコムホールディングス,スタンダード（内国株式）,情報・通信業,情報通信・サービスその他,-,E05543,ジェイ・エスコムホールディングス株式会社,3月31日,有
3787,テクノマセマティカル,スタンダード（内国株式）,情報・通信業,情報通信・サービスその他,-,E05445,株式会社テクノマセマティカル,3月31日,無
3788,ＧＭＯグローバルサイン・ホールディングス,プライム（内国株式）,情報・通信業,情報通信・サービスその他,TOPIX Small 2,E05545,ＧＭＯグローバルサイン・ホールディングス株式会社,12月31日,有
3791,ＩＧポート,スタンダード（内国株式）,情報・通信業,情報通信・サービスその他,-,E02480,株式会社ＩＧポート,5月31日,有
3796,いい生活,スタンダード（内国株式）,情報・通信業,情報通信・サービスその他,-,E05551,株式会社いい生活,3月31日,有
3798,ＵＬＳグループ,スタンダード（内国株式）,情報・通信業,情報通信・サービスその他,-,E05521,ＵＬＳグループ株式会社,3月31日,有
3799,キーウェアソリューションズ,スタンダード（内国株式）,情報・通信業,情報通信・サービスその他,-,E05553,キーウェアソリューションズ株式会社,3月31日,有
3800,ユニリタ,スタンダード（内国株式）,情報・通信業,情報通信・サービスその他,-,E05561,株式会社ユニリタ,3月31日,有
3802,エコミック,スタンダード（内国株式）,情報・通信業,情報通信・サービスその他,-,E05578,株式会社エコミック,3月31日,有
3804,システム　ディ,スタンダード（内国株式）,情報・通信業,情報通信・サービスその他,-,E05516,株式会社システム　ディ,10月31日,無
3810,サイバーステップホールディングス,スタンダード（内国株式）,情報・通信業,情報通信・サービスその他,-,E05601,サイバーステップ株式会社,5月31日,無
3816,大和コンピューター,スタンダード（内国株式）,情報・通信業,情報通信・サービスその他,-,E05635,株式会社大和コンピューター,7月31日,有
3817,ＳＲＡホールディングス,プライム（内国株式）,情報・通信業,情報通信・サービスその他,TOPIX Small 2,E05640,株式会社ＳＲＡホールディングス,3月31日,有
3823,ＴＨＥ　ＷＨＹ　ＨＯＷ　ＤＯ　ＣＯＭＰＡＮＹ,スタンダード（内国株式）,情報・通信業,情報通信・サービスその他,-,E05630,ＴＨＥ　ＷＨＹ　ＨＯＷ　ＤＯ　ＣＯＭＰＡＮＹ株式会社,8月31日,有
3825,リミックスポイント,スタンダード（内国株式）,小売業,小売,-,E05645,株式会社リミックスポイント,3月31日,有
3826,システムインテグレータ,スタンダード（内国株式）,情報・通信業,情報通信・サービスその他,-,E05643,株式会社システムインテグレータ,2月末日,無
3834,朝日ネット,プライム（内国株式）,情報・通信業,情報通信・サービスその他,TOPIX Small 2,E04496,株式会社朝日ネット,3月31日,無
3835,ｅＢＡＳＥ,プライム（内国株式）,情報・通信業,情報通信・サービスその他,TOPIX Small 2,E05659,ｅＢＡＳＥ株式会社,3月31日,有
3836,アバントグループ,プライム（内国株式）,情報・通信業,情報通信・サービスその他,TOPIX Small 2,E05663,株式会社アバントグループ,6月30日,有
3837,アドソル日進,プライム（内国株式）,情報・通信業,情報通信・サービスその他,TOPIX Small 2,E05664,アドソル日進株式会社,3月31日,有
3839,ＯＤＫソリューションズ,スタンダード（内国株式）,情報・通信業,情報通信・サービスその他,-,E05679,株式会社ＯＤＫソリューションズ,3月31日,無
3840,パス,スタンダード（内国株式）,情報・通信業,情報通信・サービスその他,-,E05674,パス株式会社,3月31日,有
3841,ジーダット,スタンダード（内国株式）,情報・通信業,情報通信・サービスその他,-,E05669,株式会社ジーダット,3月31日,有
3842,ネクストジェン,スタンダード（内国株式）,情報・通信業,情報通信・サービスその他,-,E05677,株式会社ネクストジェン,3月31日,無
3843,フリービット,プライム（内国株式）,情報・通信業,情報通信・サービスその他,TOPIX Small 2,E05680,フリービット株式会社,4月30日,有
3844,コムチュア,プライム（内国株式）,情報・通信業,情報通信・サービスその他,TOPIX Small 1,E05678,コムチュア株式会社,3月31日,有
3845,アイフリークモバイル,スタンダード（内国株式）,情報・通信業,情報通信・サービスその他,-,E05682,株式会社アイフリークモバイル,3月31日,無
3848,データ・アプリケーション,スタンダード（内国株式）,情報・通信業,情報通信・サービスその他,-,E05688,株式会社データ・アプリケーション,3月31日,有
3850,エヌ・ティ・ティ・データ・イントラマート,スタンダード（内国株式）,情報・通信業,情報通信・サービスその他,-,E05694,株式会社エヌ・ティ・ティ・データ・イントラマート,3月31日,無
3851,日本一ソフトウェア,スタンダード（内国株式）,情報・通信業,情報通信・サービスその他,-,E02489,株式会社日本一ソフトウェア,3月31日,有
3853,アステリア,プライム（内国株式）,情報・通信業,情報通信・サービスその他,TOPIX Small 2,E05699,アステリア株式会社,3月31日,有
3854,アイル,プライム（内国株式）,情報・通信業,情報通信・サービスその他,TOPIX Small 2,E05705,株式会社アイル,7月31日,有
3856,Ａｂａｌａｎｃｅ,スタンダード（内国株式）,電気機器,電機・精密,-,E05713,Ａｂａｌａｎｃｅ株式会社,3月31日,有
3858,ユビキタスＡＩ,スタンダード（内国株式）,情報・通信業,情報通信・サービスその他,-,E05719,株式会社ユビキタスＡＩ,3月末日,有
3861,王子ホールディングス,プライム（内国株式）,パルプ・紙,素材・化学,TOPIX Mid400,E00642,王子ホールディングス株式会社,3月31日,有
3863,日本製紙,プライム（内国株式）,パルプ・紙,素材・化学,TOPIX Small 1,E11873,日本製紙株式会社,3月31日,有
3864,三菱製紙,プライム（内国株式）,パルプ・紙,素材・化学,-,E00644,三菱製紙株式会社,3月31日,有
3865,北越コーポレーション,プライム（内国株式）,パルプ・紙,素材・化学,TOPIX Small 1,E00645,北越コーポレーション株式会社,3月31日,有
386A,みのや,スタンダード（内国株式）,小売業,小売,-,E40756,株式会社みのや,6月30日,無
3877,中越パルプ工業,プライム（内国株式）,パルプ・紙,素材・化学,-,E00649,中越パルプ工業株式会社,3月31日,有
3878,巴川コーポレーション,スタンダード（内国株式）,化学,素材・化学,-,E00650,株式会社巴川コーポレーション,3月31日,有
3880,大王製紙,プライム（内国株式）,パルプ・紙,素材・化学,TOPIX Small 1,E00660,大王製紙株式会社,3月31日,有
3891,ニッポン高度紙工業,スタンダード（内国株式）,パルプ・紙,素材・化学,-,E00685,ニッポン高度紙工業株式会社,3月31日,有
3892,岡山製紙,スタンダード（内国株式）,パルプ・紙,素材・化学,-,E00687,株式会社岡山製紙,5月31日,無
3895,ハビックス,スタンダード（内国株式）,パルプ・紙,素材・化学,-,E00690,ハビックス株式会社,3月31日,有
3896,阿波製紙,スタンダード（内国株式）,パルプ・紙,素材・化学,-,E26914,阿波製紙株式会社,3月末日,有
3901,マークラインズ,プライム（内国株式）,情報・通信業,情報通信・サービスその他,TOPIX Small 2,E31023,マークラインズ株式会社,12月末日,有
3903,ｇｕｍｉ,プライム（内国株式）,情報・通信業,情報通信・サービスその他,TOPIX Small 2,E31060,株式会社ｇｕｍｉ,4月30日,有
3907,シリコンスタジオ,スタンダード（内国株式）,情報・通信業,情報通信・サービスその他,-,E31256,シリコンスタジオ株式会社,11月30日,有
3908,コラボス,スタンダード（内国株式）,情報・通信業,情報通信・サービスその他,-,E31336,株式会社コラボス,3月31日,無
3909,ショーケース,スタンダード（内国株式）,情報・通信業,情報通信・サービスその他,-,E27894,株式会社ショーケース,3月31日,有
3910,エムケイシステム,スタンダード（内国株式）,情報・通信業,情報通信・サービスその他,-,E30993,株式会社エムケイシステム,3月31日,無
3912,モバイルファクトリー,スタンダード（内国株式）,情報・通信業,情報通信・サービスその他,-,E31331,株式会社モバイルファクトリー,12月31日,有
3913,ＧｒｅｅｎＢｅｅ,スタンダード（内国株式）,情報・通信業,情報通信・サービスその他,-,E31354,ＧｒｅｅｎＢｅｅ株式会社,12月末日,有
3915,テラスカイ,プライム（内国株式）,情報・通信業,情報通信・サービスその他,TOPIX Small 2,E31453,株式会社テラスカイ,2月末日,有
3916,デジタル・インフォメーション・テクノロジー,プライム（内国株式）,情報・通信業,情報通信・サービスその他,TOPIX Small 2,E31573,デジタル・インフォメーション・テクノロジー株式会社,6月30日,有
3918,ＰＣＩホールディングス,スタンダード（内国株式）,情報・通信業,情報通信・サービスその他,-,E31640,ＰＣＩホールディングス株式会社,3月末日,有
3920,アイビーシー,スタンダード（内国株式）,情報・通信業,情報通信・サービスその他,-,E31754,アイビーシー株式会社,9月30日,無
3921,ネオジャパン,プライム（内国株式）,情報・通信業,情報通信・サービスその他,TOPIX Small 2,E31902,株式会社ネオジャパン,1月31日,有
3922,ＰＲ　ＴＩＭＥＳ,プライム（内国株式）,情報・通信業,情報通信・サービスその他,TOPIX Small 2,E31965,株式会社ＰＲ　ＴＩＭＥＳ,2月末日,有
3923,ラクス,プライム（内国株式）,情報・通信業,情報通信・サービスその他,TOPIX Mid400,E31878,株式会社ラクス,3月末日,有
3925,ダブルスタンダード,プライム（内国株式）,情報・通信業,情報通信・サービスその他,TOPIX Small 2,E31957,株式会社ダブルスタンダード,3月31日,有
3926,オープンドア,スタンダード（内国株式）,情報・通信業,情報通信・サービスその他,TOPIX Small 2,E31936,株式会社オープンドア,3月31日,有
3927,フーバーブレイン,スタンダード（内国株式）,情報・通信業,情報通信・サービスその他,-,E31977,株式会社フーバーブレイン,3月末日,無
3928,マイネット,スタンダード（内国株式）,情報・通信業,情報通信・サービスその他,-,E31991,株式会社マイネット,12月31日,有
3932,アカツキ,プライム（内国株式）,情報・通信業,情報通信・サービスその他,TOPIX Small 2,E32200,株式会社アカツキ,3月31日,有
3933,チエル,スタンダード（内国株式）,情報・通信業,情報通信・サービスその他,-,E32161,チエル株式会社,3月31日,有
3934,ベネフィットジャパン,スタンダード（内国株式）,情報・通信業,情報通信・サービスその他,-,E32159,株式会社ベネフィットジャパン,3月31日,有
3935,エディア,スタンダード（内国株式）,情報・通信業,情報通信・サービスその他,-,E32238,株式会社エディア,2月末日,有
3937,Ｕｂｉｃｏｍホールディングス,スタンダード（内国株式）,情報・通信業,情報通信・サービスその他,TOPIX Small 2,E32408,株式会社Ｕｂｉｃｏｍホールディングス,3月末日,有
3939,カナミックネットワーク,プライム（内国株式）,情報・通信業,情報通信・サービスその他,TOPIX Small 2,E32603,株式会社カナミックネットワーク,9月30日,有
3940,ノムラシステムコーポレーション,スタンダード（内国株式）,情報・通信業,情報通信・サービスその他,-,E32591,株式会社ノムラシステムコーポレーション,12月末日,無
3941,レンゴー,プライム（内国株式）,パルプ・紙,素材・化学,TOPIX Mid400,E00659,レンゴー株式会社,3月31日,有
3943,大石産業,スタンダード（内国株式）,パルプ・紙,素材・化学,-,E00677,大石産業株式会社,3月31日,有
3944,古林紙工,スタンダード（内国株式）,パルプ・紙,素材・化学,-,E00664,古林紙工株式会社,12月31日,有
3945,スーパーバッグ,スタンダード（内国株式）,パルプ・紙,素材・化学,-,E00675,スーパーバッグ株式会社,3月31日,有
3946,トーモク,プライム（内国株式）,パルプ・紙,素材・化学,TOPIX Small 2,E00669,株式会社トーモク,3月31日,有
3947,ダイナパック,スタンダード（内国株式）,パルプ・紙,素材・化学,-,E00668,ダイナパック株式会社,12月31日,有
3948,光ビジネスフォーム,スタンダード（内国株式）,パルプ・紙,素材・化学,-,E00708,光ビジネスフォーム株式会社,12月31日,無
3950,ザ・パック,プライム（内国株式）,パルプ・紙,素材・化学,TOPIX Small 2,E00674,ザ・パック株式会社,12月31日,有
3951,朝日印刷,スタンダード（内国株式）,パルプ・紙,素材・化学,-,E00714,朝日印刷株式会社,3月31日,有
3953,大村紙業,スタンダード（内国株式）,パルプ・紙,素材・化学,-,E00682,大村紙業株式会社,3月31日,無
3954,昭和パックス,スタンダード（内国株式）,パルプ・紙,素材・化学,-,E00686,昭和パックス株式会社,3月31日,有
3955,イムラ,スタンダード（内国株式）,パルプ・紙,素材・化学,-,E00688,株式会社イムラ,1月31日,有
3958,笹徳印刷,スタンダード（内国株式）,パルプ・紙,素材・化学,-,E38898,笹徳印刷株式会社,6月30日,有
3962,チェンジホールディングス,プライム（内国株式）,情報・通信業,情報通信・サービスその他,TOPIX Small 1,E32620,株式会社チェンジホールディングス,3月31日,有
3963,シンクロ・フード,プライム（内国株式）,情報・通信業,情報通信・サービスその他,-,E32647,株式会社シンクロ・フード,3月末日,有
3964,オークネット,プライム（内国株式）,情報・通信業,情報通信・サービスその他,TOPIX Small 2,E21122,株式会社オークネット,12月31日,有
3965,キャピタル・アセット・プランニング,スタンダード（内国株式）,情報・通信業,情報通信・サービスその他,-,E32619,株式会社キャピタル・アセット・プランニング,9月30日,有
3968,セグエグループ,プライム（内国株式）,情報・通信業,情報通信・サービスその他,-,E32815,セグエグループ株式会社,12月31日,有
3969,エイトレッド,スタンダード（内国株式）,情報・通信業,情報通信・サービスその他,-,E32825,株式会社エイトレッド,3月31日,無
3970,イノベーション,スタンダード（内国株式）,情報・通信業,情報通信・サービスその他,-,E32766,株式会社イノベーション,3月末日,無
3974,ＳＣＡＴ,スタンダード（内国株式）,情報・通信業,情報通信・サービスその他,-,E32814,ＳＣＡＴ株式会社,10月末日,有
3981,ビーグリー,スタンダード（内国株式）,情報・通信業,情報通信・サービスその他,-,E32992,株式会社ビーグリー,12月31日,有
3983,オロ,プライム（内国株式）,情報・通信業,情報通信・サービスその他,TOPIX Small 2,E33039,株式会社オロ,12月31日,有
3984,ユーザーローカル,プライム（内国株式）,情報・通信業,情報通信・サービスその他,TOPIX Small 2,E33026,株式会社ユーザーローカル,6月30日,無
3985,テモナ,スタンダード（内国株式）,情報・通信業,情報通信・サービスその他,-,E33040,テモナ株式会社,9月末日,有
3986,ビーブレイクシステムズ,スタンダード（内国株式）,情報・通信業,情報通信・サービスその他,-,E33232,株式会社ビーブレイクシステムズ,6月末日,無
3988,ＳＹＳホールディングス,スタンダード（内国株式）,情報・通信業,情報通信・サービスその他,-,E33235,株式会社ＳＹＳホールディングス,7月末日,有
3992,ニーズウェル,プライム（内国株式）,情報・通信業,情報通信・サービスその他,-,E33367,株式会社ニーズウェル,9月30日,有
3993,ＰＫＳＨＡ　Ｔｅｃｈｎｏｌｏｇｙ,プライム（内国株式）,情報・通信業,情報通信・サービスその他,TOPIX Small 1,E33391,株式会社ＰＫＳＨＡ　Ｔｅｃｈｎｏｌｏｇｙ,9月末日,有
3994,マネーフォワード,プライム（内国株式）,情報・通信業,情報通信・サービスその他,TOPIX Mid400,E33390,株式会社マネーフォワード,11月30日,有
3996,サインポスト,スタンダード（内国株式）,情報・通信業,情報通信・サービスその他,-,E33519,サインポスト株式会社,2月末日,無
3997,トレードワークス,スタンダード（内国株式）,情報・通信業,情報通信・サービスその他,-,E33553,株式会社トレードワークス,12月31日,無
4004,レゾナック・ホールディングス,プライム（内国株式）,化学,素材・化学,TOPIX Mid400,E00751,株式会社レゾナック・ホールディングス,12月31日,有
4005,住友化学,プライム（内国株式）,化学,素材・化学,TOPIX Mid400,E00752,住友化学株式会社,3月31日,有
4008,住友精化,プライム（内国株式）,化学,素材・化学,TOPIX Small 1,E00755,住友精化株式会社,3月31日,有
4012,アクシス,スタンダード（内国株式）,情報・通信業,情報通信・サービスその他,-,E35959,株式会社アクシス,12月末日,無
4016,ＭＩＴホールディングス,スタンダード（内国株式）,情報・通信業,情報通信・サービスその他,-,E36077,ＭＩＴホールディングス株式会社,11月末日,有
4021,日産化学,プライム（内国株式）,化学,素材・化学,TOPIX Mid400,E00759,日産化学株式会社,3月31日,有
4022,ラサ工業,プライム（内国株式）,化学,素材・化学,TOPIX Small 2,E00760,ラサ工業株式会社,3月31日,有
4023,クレハ,プライム（内国株式）,化学,素材・化学,TOPIX Small 1,E00761,株式会社クレハ,3月31日,有
4025,多木化学,プライム（内国株式）,化学,素材・化学,TOPIX Small 2,E00762,多木化学株式会社,12月31日,有
4026,神島化学工業,スタンダード（内国株式）,ガラス・土石製品,建設・資材,-,E00763,神島化学工業株式会社,4月30日,無
4027,テイカ,プライム（内国株式）,化学,素材・化学,TOPIX Small 2,E00764,テイカ株式会社,3月31日,有
4028,石原産業,プライム（内国株式）,化学,素材・化学,TOPIX Small 1,E00765,石原産業株式会社,3月31日,有
4031,片倉コープアグリ,スタンダード（内国株式）,化学,素材・化学,-,E00789,片倉コープアグリ株式会社,3月31日,有
4040,南海化学,スタンダード（内国株式）,化学,素材・化学,-,E38504,南海化学株式会社,3月31日,有
4041,日本曹達,プライム（内国株式）,化学,素材・化学,TOPIX Small 1,E00766,日本曹達株式会社,3月31日,有
4042,東ソー,プライム（内国株式）,化学,素材・化学,TOPIX Mid400,E00767,東ソー株式会社,3月31日,有
4043,トクヤマ,プライム（内国株式）,化学,素材・化学,TOPIX Mid400,E00768,株式会社トクヤマ,3月31日,有
4044,セントラル硝子,プライム（内国株式）,化学,素材・化学,TOPIX Small 1,E00769,セントラル硝子株式会社,3月31日,有
4045,東亞合成,プライム（内国株式）,化学,素材・化学,TOPIX Mid400,E00770,東亞合成株式会社,12月31日,有
4046,大阪ソーダ,プライム（内国株式）,化学,素材・化学,TOPIX Small 1,E00771,株式会社大阪ソーダ,3月31日,有
4047,関東電化工業,プライム（内国株式）,化学,素材・化学,TOPIX Small 1,E00772,関東電化工業株式会社,3月31日,有
4051,ＧＭＯフィナンシャルゲート,プライム（内国株式）,情報・通信業,情報通信・サービスその他,TOPIX Small 2,E35642,ＧＭＯフィナンシャルゲート株式会社,9月30日,有
4053,Ｓｕｎ　Ａｓｔｅｒｉｓｋ,プライム（内国株式）,情報・通信業,情報通信・サービスその他,TOPIX Small 2,E35827,株式会社Ｓｕｎ　Ａｓｔｅｒｉｓｋ,12月31日,有
4059,まぐまぐ,スタンダード（内国株式）,情報・通信業,情報通信・サービスその他,-,E35945,株式会社まぐまぐ,9月30日,無
4061,デンカ,プライム（内国株式）,化学,素材・化学,TOPIX Mid400,E00774,デンカ株式会社,3月31日,有
4062,イビデン,プライム（内国株式）,電気機器,電機・精密,TOPIX Mid400,E00775,イビデン株式会社,3月31日,有
4063,信越化学工業,プライム（内国株式）,化学,素材・化学,TOPIX Core30,E00776,信越化学工業株式会社,3月31日,有
4064,日本カーバイド工業,プライム（内国株式）,化学,素材・化学,TOPIX Small 2,E00777,日本カーバイド工業株式会社,3月31日,有
4071,プラスアルファ・コンサルティング,プライム（内国株式）,情報・通信業,情報通信・サービスその他,TOPIX Small 1,E36635,株式会社プラスアルファ・コンサルティング,9月30日,無
4072,電算システムホールディングス,プライム（内国株式）,情報・通信業,情報通信・サービスその他,TOPIX Small 2,E36460,株式会社電算システムホールディングス,12月31日,有
4078,堺化学工業,プライム（内国株式）,化学,素材・化学,TOPIX Small 1,E00780,堺化学工業株式会社,3月31日,有
407A,ＵＮＩＣＯＮホールディングス,スタンダード（内国株式）,建設業,建設・資材,-,E40865,株式会社ＵＮＩＣＯＮホールディングス,6月30日,有
4082,第一稀元素化学工業,プライム（内国株式）,化学,素材・化学,TOPIX Small 2,E00806,第一稀元素化学工業株式会社,3月31日,無
4088,エア・ウォーター,プライム（内国株式）,化学,素材・化学,-,E00792,エア・ウォーター株式会社,3月31日,有
4091,日本酸素ホールディングス,プライム（内国株式）,化学,素材・化学,TOPIX Mid400,E00783,日本酸素ホールディングス株式会社,3月31日,有
4092,日本化学工業,プライム（内国株式）,化学,素材・化学,TOPIX Small 2,E00784,日本化学工業株式会社,3月31日,有
4093,東邦アセチレン,スタンダード（内国株式）,化学,素材・化学,-,E00787,東邦アセチレン株式会社,3月31日,有
4094,日本化学産業,スタンダード（内国株式）,化学,素材・化学,-,E00786,日本化学産業株式会社,3月31日,有
4095,日本パーカライジング,プライム（内国株式）,化学,素材・化学,TOPIX Small 1,E00898,日本パーカライジング株式会社,3月31日,有
4097,高圧ガス工業,プライム（内国株式）,化学,素材・化学,TOPIX Small 2,E00781,高圧ガス工業株式会社,3月31日,有
4098,チタン工業,スタンダード（内国株式）,化学,素材・化学,-,E00796,チタン工業株式会社,3月31日,無
4099,四国化成ホールディングス,プライム（内国株式）,化学,素材・化学,TOPIX Small 2,E00841,四国化成ホールディングス株式会社,12月31日,有
409A,オリオンビール,プライム（内国株式）,食料品,食品,TOPIX Small 2,E00410,オリオンビール株式会社,3月31日,有
4100,戸田工業,スタンダード（内国株式）,化学,素材・化学,TOPIX Small 2,E00842,戸田工業株式会社,3月31日,有
4102,丸尾カルシウム,スタンダード（内国株式）,化学,素材・化学,-,E00791,丸尾カルシウム株式会社,3月31日,有
4107,伊勢化学工業,スタンダード（内国株式）,化学,素材・化学,-,E01028,伊勢化学工業株式会社,12月31日,有
4109,ステラ　ケミファ,プライム（内国株式）,化学,素材・化学,TOPIX Small 1,E00805,ステラケミファ株式会社,3月31日,有
4112,保土谷化学工業,プライム（内国株式）,化学,素材・化学,TOPIX Small 2,E00809,保土谷化学工業株式会社,3月31日,有
4113,田岡化学工業,スタンダード（内国株式）,化学,素材・化学,-,E00810,田岡化学工業株式会社,3月31日,有
4114,日本触媒,プライム（内国株式）,化学,素材・化学,TOPIX Mid400,E00811,株式会社日本触媒,3月31日,有
4116,大日精化工業,プライム（内国株式）,化学,素材・化学,TOPIX Small 2,E00902,大日精化工業株式会社,3月31日,有
4118,カネカ,プライム（内国株式）,化学,素材・化学,TOPIX Mid400,E00879,株式会社カネカ,3月31日,有
4119,日本ピグメントホールディングス,スタンダード（内国株式）,化学,素材・化学,-,E00899,株式会社日本ピグメントホールディングス,3月31日,有
4120,スガイ化学工業,スタンダード（内国株式）,化学,素材・化学,-,E00906,スガイ化学工業株式会社,3月31日,無
4124,大阪油化工業,スタンダード（内国株式）,化学,素材・化学,-,E33382,大阪油化工業株式会社,9月末日,無
4125,三和油化工業,スタンダード（内国株式）,化学,素材・化学,-,E37157,三和油化工業株式会社,3月31日,有
4151,協和キリン,プライム（内国株式）,医薬品,医薬品,TOPIX Mid400,E00816,協和キリン株式会社,12月31日,有
416A,富士ユナイトホールディングス,スタンダード（内国株式）,卸売業,商社・卸売,-,E40727,富士ユナイトホールディングス株式会社,3月末日,有
4171,グローバルインフォメーション,スタンダード（内国株式）,情報・通信業,情報通信・サービスその他,-,E36172,株式会社グローバルインフォメーション,12月31日,有
4172,Ｈｉクラテス,スタンダード（内国株式）,情報・通信業,情報通信・サービスその他,-,E36002,Ｈｉクラテス株式会社,9月30日,無
4174,アピリッツ,スタンダード（内国株式）,情報・通信業,情報通信・サービスその他,-,E36213,株式会社アピリッツ,1月31日,有
417A,ブルーゾーンホールディングス,プライム（内国株式）,小売業,小売,TOPIX Mid400,E40736,株式会社ブルーゾーンホールディングス,3月31日,有
4180,Ａｐｐｉｅｒ　Ｇｒｏｕｐ,プライム（内国株式）,情報・通信業,情報通信・サービスその他,TOPIX Small 1,E36372,Ａｐｐｉｅｒ　Ｇｒｏｕｐ株式会社,12月31日,有
4182,三菱瓦斯化学,プライム（内国株式）,化学,素材・化学,TOPIX Mid400,E00815,三菱瓦斯化学株式会社,3月31日,有
4183,三井化学,プライム（内国株式）,化学,素材・化学,TOPIX Mid400,E00840,三井化学株式会社,3月31日,有
4186,東京応化工業,プライム（内国株式）,化学,素材・化学,TOPIX Mid400,E00854,東京応化工業株式会社,12月31日,有
4187,大阪有機化学工業,プライム（内国株式）,化学,素材・化学,TOPIX Small 1,E00855,大阪有機化学工業株式会社,11月30日,有
4188,三菱ケミカルグループ,プライム（内国株式）,化学,素材・化学,TOPIX Large70,E00808,三菱ケミカルグループ株式会社,3月31日,有
4189,ＫＨネオケム,プライム（内国株式）,化学,素材・化学,TOPIX Small 1,E32642,ＫＨネオケム株式会社,12月31日,有
4193,ファブリカホールディングス,スタンダード（内国株式）,情報・通信業,情報通信・サービスその他,-,E36261,株式会社ファブリカホールディングス,3月31日,有
4194,ビジョナル,プライム（内国株式）,情報・通信業,情報通信・サービスその他,TOPIX Mid400,E36484,ビジョナル株式会社,7月31日,有
4196,ネオマーケティング,スタンダード（内国株式）,情報・通信業,情報通信・サービスその他,-,E36532,株式会社ネオマーケティング,9月30日,有
4197,アスマーク,スタンダード（内国株式）,情報・通信業,情報通信・サービスその他,-,E37502,株式会社アスマーク,11月末日,無
4198,テンダ,スタンダード（内国株式）,情報・通信業,情報通信・サービスその他,-,E36637,株式会社テンダ,5月31日,有
4202,ダイセル,プライム（内国株式）,化学,素材・化学,TOPIX Mid400,E00818,株式会社ダイセル,3月31日,有
4203,住友ベークライト,プライム（内国株式）,化学,素材・化学,TOPIX Mid400,E00819,住友ベークライト株式会社,3月31日,有
4204,積水化学工業,プライム（内国株式）,化学,素材・化学,TOPIX Mid400,E00820,積水化学工業株式会社,3月31日,有
4205,日本ゼオン,プライム（内国株式）,化学,素材・化学,TOPIX Mid400,E00821,日本ゼオン株式会社,3月31日,有
4206,アイカ工業,プライム（内国株式）,化学,素材・化学,TOPIX Mid400,E00824,アイカ工業株式会社,3月31日,有
4208,ＵＢＥ,プライム（内国株式）,化学,素材・化学,TOPIX Mid400,E01002,ＵＢＥ株式会社,3月31日,有
4212,積水樹脂,プライム（内国株式）,化学,素材・化学,TOPIX Small 1,E01008,積水樹脂株式会社,3月31日,有
4216,旭有機材,プライム（内国株式）,化学,素材・化学,TOPIX Small 1,E00830,旭有機材株式会社,3月31日,有
4218,ニチバン,プライム（内国株式）,化学,素材・化学,TOPIX Small 2,E01000,ニチバン株式会社,3月31日,有
4220,リケンテクノス,プライム（内国株式）,化学,素材・化学,TOPIX Small 2,E00838,リケンテクノス株式会社,3月31日,有
4221,大倉工業,プライム（内国株式）,化学,素材・化学,TOPIX Small 2,E00834,大倉工業株式会社,12月31日,有
4222,児玉化学工業,スタンダード（内国株式）,化学,素材・化学,-,E00839,児玉化学工業株式会社,3月31日,有
4224,ロンシール工業,スタンダード（内国株式）,化学,素材・化学,-,E01103,ロンシール工業株式会社,3月31日,有
4228,積水化成品工業,プライム（内国株式）,化学,素材・化学,TOPIX Small 2,E00845,積水化成品工業株式会社,3月31日,有
4229,群栄化学工業,プライム（内国株式）,化学,素材・化学,TOPIX Small 2,E00448,群栄化学工業株式会社,3月31日,有
4231,タイガースポリマー,スタンダード（内国株式）,化学,素材・化学,-,E01024,タイガースポリマー株式会社,3月31日,有
4234,サンエー化研,スタンダード（内国株式）,化学,素材・化学,-,E01052,株式会社サンエー化研,3月31日,有
4235,ウルトラファブリックス・ホールディングス,スタンダード（内国株式）,化学,素材・化学,-,E01061,ウルトラファブリックス・ホールディングス株式会社,12月31日,有
4237,フジプレアム,スタンダード（内国株式）,化学,素材・化学,-,E02348,フジプレアム株式会社,3月31日,有
4238,ミライアル,スタンダード（内国株式）,化学,素材・化学,-,E02477,ミライアル株式会社,1月31日,有
423A,ライオン事務器,スタンダード（内国株式）,卸売業,商社・卸売,-,E02604,株式会社ライオン事務器,9月30日,有
4240,クラスターテクノロジー,スタンダード（内国株式）,化学,素材・化学,-,E02483,クラスターテクノロジー株式会社,3月31日,無
4241,アテクト,スタンダード（内国株式）,化学,素材・化学,-,E01066,株式会社アテクト,3月31日,有
4242,タカギセイコー,スタンダード（内国株式）,化学,素材・化学,-,E00871,株式会社タカギセイコー,3月31日,有
4243,ニックス,スタンダード（内国株式）,化学,素材・化学,-,E02494,株式会社ニックス,9月30日,有
4245,ダイキアクシス,スタンダード（内国株式）,化学,素材・化学,-,E30133,株式会社ダイキアクシス,12月末日,有
4246,ダイキョーニシカワ,プライム（内国株式）,化学,素材・化学,TOPIX Small 2,E30438,ダイキョーニシカワ株式会社,3月31日,有
4247,ポバール興業,スタンダード（内国株式）,化学,素材・化学,-,E30692,ポバール興業株式会社,3月31日,有
4248,竹本容器,スタンダード（内国株式）,化学,素材・化学,-,E31037,竹本容器株式会社,12月31日,有
4249,森六,プライム（内国株式）,化学,素材・化学,TOPIX Small 2,E33603,森六株式会社,3月31日,有
4251,恵和,プライム（内国株式）,化学,素材・化学,TOPIX Small 2,E35220,恵和株式会社,12月末日,有
4272,日本化薬,プライム（内国株式）,化学,素材・化学,TOPIX Mid400,E00836,日本化薬株式会社,3月31日,有
4274,細谷火工,スタンダード（内国株式）,化学,素材・化学,-,E00850,細谷火工株式会社,3月31日,無
4275,カーリット,プライム（内国株式）,化学,素材・化学,TOPIX Small 2,E27624,株式会社カーリット,3月31日,有
4284,ソルクシーズ,スタンダード（内国株式）,情報・通信業,情報通信・サービスその他,-,E05198,株式会社　ソルクシーズ,12月31日,有
4286,ＣＬホールディングス,スタンダード（内国株式）,サービス業,情報通信・サービスその他,TOPIX Small 2,E05199,株式会社ＣＬホールディングス,12月31日,有
4287,ジャストプランニング,スタンダード（内国株式）,情報・通信業,情報通信・サービスその他,-,E05204,株式会社ジャストプランニング,1月31日,有
4288,アズジェント,スタンダード（内国株式）,情報・通信業,情報通信・サービスその他,-,E05201,株式会社アズジェント,3月31日,有
428A,サイプレス・ホールディングス,スタンダード（内国株式）,小売業,小売,-,E40917,サイプレス・ホールディングス株式会社,8月31日,有
4290,プレステージ・インターナショナル,プライム（内国株式）,サービス業,情報通信・サービスその他,TOPIX Small 1,E05205,株式会社プレステージ・インターナショナル,3月31日,有
4293,セプテーニ・ホールディングス,スタンダード（内国株式）,サービス業,情報通信・サービスその他,-,E05206,株式会社セプテーニ・ホールディングス,12月31日,有
4299,ハイマックス,スタンダード（内国株式）,情報・通信業,情報通信・サービスその他,TOPIX Small 2,E05215,株式会社ハイマックス,3月31日,有
429A,テクセンドフォトマスク,プライム（内国株式）,その他製品,情報通信・サービスその他,TOPIX Small 2,E40985,テクセンドフォトマスク株式会社,3月31日,有
4301,アミューズ,プライム（内国株式）,サービス業,情報通信・サービスその他,TOPIX Small 2,E05219,株式会社アミューズ,3月31日,有
4307,野村総合研究所,プライム（内国株式）,情報・通信業,情報通信・サービスその他,TOPIX Large70,E05062,株式会社野村総合研究所,3月31日,有
4310,ドリームインキュベータ,プライム（内国株式）,サービス業,情報通信・サービスその他,TOPIX Small 2,E05221,株式会社ドリームインキュベータ,3月31日,有
4317,レイ,スタンダード（内国株式）,サービス業,情報通信・サービスその他,-,E05230,株式会社レイ,2月末日,有
4318,クイック,プライム（内国株式）,サービス業,情報通信・サービスその他,TOPIX Small 2,E05232,株式会社クイック,3月31日,有
4320,ＣＥホールディングス,スタンダード（内国株式）,情報・通信業,情報通信・サービスその他,-,E05233,株式会社ＣＥホールディングス,9月30日,有
4323,日本システム技術,プライム（内国株式）,情報・通信業,情報通信・サービスその他,TOPIX Small 2,E05236,日本システム技術株式会社,3月31日,有
4324,電通グループ,プライム（内国株式）,サービス業,情報通信・サービスその他,TOPIX Mid400,E04760,株式会社電通グループ,12月31日,有
4326,インテージホールディングス,プライム（内国株式）,情報・通信業,情報通信・サービスその他,TOPIX Small 2,E05239,株式会社インテージホールディングス,6月30日,有
4331,テイクアンドギヴ・ニーズ,プライム（内国株式）,サービス業,情報通信・サービスその他,TOPIX Small 2,E05248,株式会社テイクアンドギヴ・ニーズ,3月31日,有
4334,ユークス,スタンダード（内国株式）,情報・通信業,情報通信・サービスその他,-,E05254,株式会社ユークス,1月31日,有
4335,ＩＰＳホールディングス,スタンダード（内国株式）,情報・通信業,情報通信・サービスその他,-,E05255,ＩＰＳホールディングス株式会社,6月末日,有
4337,ぴあ,プライム（内国株式）,サービス業,情報通信・サービスその他,TOPIX Small 2,E03379,ぴあ株式会社,3月31日,有
4341,西菱電機,スタンダード（内国株式）,サービス業,情報通信・サービスその他,-,E05262,西菱電機株式会社,3月31日,有
4343,イオンファンタジー,プライム（内国株式）,サービス業,情報通信・サービスその他,TOPIX Small 2,E05264,株式会社イオンファンタジー,2月末日,有
4344,ソースネクスト,プライム（内国株式）,情報・通信業,情報通信・サービスその他,TOPIX Small 2,E05647,ソースネクスト株式会社,12月31日,有
4345,シーティーエス,プライム（内国株式）,サービス業,情報通信・サービスその他,TOPIX Small 2,E05267,株式会社シーティーエス,3月31日,無
4346,ＮＥＸＹＺ．Ｇｒｏｕｐ,スタンダード（内国株式）,その他金融業,金融（除く銀行）,-,E05268,株式会社ＮＥＸＹＺ．Ｇｒｏｕｐ,9月30日,有
4347,ブロードメディア,スタンダード（内国株式）,サービス業,情報通信・サービスその他,-,E05269,ブロードメディア株式会社,3月31日,有
4350,メディカルシステムネットワーク,スタンダード（内国株式）,小売業,小売,TOPIX Small 2,E05274,株式会社　メディカルシステムネットワーク,3月31日,有
4351,山田再生系債権回収総合事務所,スタンダード（内国株式）,その他金融業,金融（除く銀行）,-,E05275,株式会社山田再生系債権回収総合事務所,12月31日,有
4356,応用技術,スタンダード（内国株式）,情報・通信業,情報通信・サービスその他,-,E05282,応用技術株式会社,12月31日,無
4360,マナック・ケミカル・パートナーズ,スタンダード（内国株式）,化学,素材・化学,-,E36769,株式会社マナック・ケミカル・パートナーズ,3月31日,有
4361,川口化学工業,スタンダード（内国株式）,化学,素材・化学,-,E01006,川口化学工業株式会社,11月30日,有
4362,日本精化,プライム（内国株式）,化学,素材・化学,TOPIX Small 2,E00852,日本精化株式会社,3月31日,有
4365,松本油脂製薬,スタンダード（内国株式）,化学,素材・化学,-,E00888,松本油脂製薬株式会社,3月31日,有
4366,ダイトーケミックス,スタンダード（内国株式）,化学,素材・化学,-,E01014,ダイトーケミックス株式会社,3月31日,有
4367,広栄化学,スタンダード（内国株式）,化学,素材・化学,-,E00837,広栄化学株式会社,3月31日,有
4368,扶桑化学工業,プライム（内国株式）,化学,素材・化学,TOPIX Small 1,E01056,扶桑化学工業株式会社,3月31日,有
4369,トリケミカル研究所,プライム（内国株式）,化学,素材・化学,TOPIX Small 1,E02490,株式会社　トリケミカル研究所,1月31日,有
4373,シンプレクス・ホールディングス,プライム（内国株式）,情報・通信業,情報通信・サービスその他,TOPIX Small 1,E36928,シンプレクス・ホールディングス株式会社,3月31日,有
4382,ＨＥＲＯＺ,スタンダード（内国株式）,情報・通信業,情報通信・サービスその他,TOPIX Small 2,E33880,ＨＥＲＯＺ株式会社,4月末日,無
4385,メルカリ,プライム（内国株式）,情報・通信業,情報通信・サービスその他,TOPIX Mid400,E34064,株式会社メルカリ,6月30日,有
4386,ＳＩＧグループ,スタンダード（内国株式）,情報・通信業,情報通信・サービスその他,-,E34031,株式会社ＳＩＧグループ,3月末日,有
4388,エーアイ,スタンダード（内国株式）,情報・通信業,情報通信・サービスその他,-,E34052,株式会社エーアイ,3月末日,無
4390,ＩＰＳ,プライム（内国株式）,情報・通信業,情報通信・サービスその他,TOPIX Small 2,E33623,株式会社アイ・ピー・エス,3月末日,有
4392,ＦＩＧ,プライム（内国株式）,情報・通信業,情報通信・サービスその他,-,E33702,ＦＩＧ株式会社,12月31日,有
4396,システムサポートホールディングス,プライム（内国株式）,情報・通信業,情報通信・サービスその他,TOPIX Small 2,E34111,株式会社システムサポートホールディングス,6月30日,有
4398,ブロードバンドセキュリティ,スタンダード（内国株式）,情報・通信業,情報通信・サービスその他,-,E34288,株式会社ブロードバンドセキュリティ,6月末日,無
4401,ＡＤＥＫＡ,プライム（内国株式）,化学,素材・化学,TOPIX Mid400,E00878,株式会社ＡＤＥＫＡ,3月31日,有
4403,日油,プライム（内国株式）,化学,素材・化学,TOPIX Mid400,E00880,日油株式会社,3月31日,有
4404,ミヨシ油脂,スタンダード（内国株式）,食料品,食品,-,E00881,ミヨシ油脂株式会社,12月31日,有
4406,新日本理化,スタンダード（内国株式）,化学,素材・化学,-,E00882,新日本理化株式会社,3月31日,有
4409,東邦化学工業,スタンダード（内国株式）,化学,素材・化学,-,E00886,東邦化学工業株式会社,3月31日,有
4410,ハリマ化成グループ,プライム（内国株式）,化学,素材・化学,TOPIX Small 2,E01020,ハリマ化成グループ株式会社,3月31日,有
4413,ボードルア,プライム（内国株式）,情報・通信業,情報通信・サービスその他,TOPIX Small 2,E37133,株式会社ボードルア,2月末日,無
4420,イーソル,スタンダード（内国株式）,情報・通信業,情報通信・サービスその他,TOPIX Small 2,E34321,イーソル株式会社,12月31日,有
4421,ディ・アイ・システム,スタンダード（内国株式）,情報・通信業,情報通信・サービスその他,-,E34335,株式会社ディ・アイ・システム,9月30日,有
4430,東海ソフト,スタンダード（内国株式）,情報・通信業,情報通信・サービスその他,-,E34663,東海ソフト株式会社,5月末日,無
4432,ウイングアーク１ｓｔ,プライム（内国株式）,情報・通信業,情報通信・サービスその他,TOPIX Small 1,E33957,ウイングアーク１ｓｔ株式会社,2月末日,有
4433,ヒト・コミュニケーションズ・ホールディングス,プライム（内国株式）,サービス業,情報通信・サービスその他,TOPIX Small 2,E34538,株式会社ヒト・コミュニケーションズ・ホールディングス,8月31日,有
4434,サーバーワークス,スタンダード（内国株式）,情報・通信業,情報通信・サービスその他,TOPIX Small 2,E31580,株式会社サーバーワークス,2月末日,無
4439,東名,スタンダード（内国株式）,情報・通信業,情報通信・サービスその他,-,E34729,株式会社東名,8月末日,有
4440,ヴィッツ,スタンダード（内国株式）,情報・通信業,情報通信・サービスその他,-,E34739,株式会社ヴィッツ,8月末日,有
4441,トビラシステムズ,スタンダード（内国株式）,情報・通信業,情報通信・サービスその他,-,E34814,トビラシステムズ株式会社,10月31日,無
4443,Ｓａｎｓａｎ,プライム（内国株式）,情報・通信業,情報通信・サービスその他,TOPIX Small 1,E34960,Ｓａｎｓａｎ株式会社,5月31日,有
4446,Ｌｉｎｋ－Ｕグループ,プライム（内国株式）,情報・通信業,情報通信・サービスその他,-,E34853,Ｌｉｎｋ－Ｕグループ株式会社,7月末日,有
4452,花王,プライム（内国株式）,化学,素材・化学,TOPIX Large70,E00883,花王株式会社,12月31日,有
4461,第一工業製薬,プライム（内国株式）,化学,素材・化学,TOPIX Small 2,E00885,第一工業製薬株式会社,3月31日,有
4462,石原ケミカル,プライム（内国株式）,化学,素材・化学,TOPIX Small 2,E00804,石原ケミカル株式会社,3月31日,有
4463,日華化学,スタンダード（内国株式）,化学,素材・化学,-,E00887,日華化学株式会社,12月31日,有
4464,ソフト９９コーポレーション,スタンダード（内国株式）,化学,素材・化学,-,E01057,株式会社ソフト９９コーポレーション,3月31日,有
4465,ニイタカ,スタンダード（内国株式）,化学,素材・化学,-,E00890,株式会社ニイタカ,5月31日,有
4471,三洋化成工業,プライム（内国株式）,化学,素材・化学,TOPIX Small 1,E00884,三洋化成工業株式会社,3月31日,有
4480,メドレー,プライム（内国株式）,情報・通信業,情報通信・サービスその他,TOPIX Small 1,E33586,株式会社メドレー,12月31日,無
4481,ベース,プライム（内国株式）,情報・通信業,情報通信・サービスその他,TOPIX Small 2,E35164,ベース株式会社,12月末日,有
4483,ＪＭＤＣ,プライム（内国株式）,情報・通信業,情報通信・サービスその他,TOPIX Small 1,E35308,株式会社ＪＭＤＣ,3月31日,有
4491,コンピューターマネージメント,スタンダード（内国株式）,情報・通信業,情報通信・サービスその他,-,E35466,コンピューターマネージメント株式会社,3月31日,有
4492,ゼネテック,スタンダード（内国株式）,情報・通信業,情報通信・サービスその他,-,E35504,株式会社ゼネテック,3月末日,有
4499,Ｓｐｅｅｅ,スタンダード（内国株式）,情報・通信業,情報通信・サービスその他,-,E35632,株式会社Ｓｐｅｅｅ,9月30日,有
4502,武田薬品工業,プライム（内国株式）,医薬品,医薬品,TOPIX Core30,E00919,武田薬品工業株式会社,3月31日,有
4503,アステラス製薬,プライム（内国株式）,医薬品,医薬品,TOPIX Large70,E00920,アステラス製薬株式会社,3月31日,有
4506,住友ファーマ,プライム（内国株式）,医薬品,医薬品,TOPIX Mid400,E00922,住友ファーマ株式会社,3月31日,有
4507,塩野義製薬,プライム（内国株式）,医薬品,医薬品,TOPIX Large70,E00923,塩野義製薬株式会社,3月31日,有
4512,わかもと製薬,スタンダード（内国株式）,医薬品,医薬品,-,E00928,わかもと製薬株式会社,3月31日,無
4516,日本新薬,プライム（内国株式）,医薬品,医薬品,TOPIX Mid400,E00931,日本新薬株式会社,3月31日,有
4519,中外製薬,プライム（内国株式）,医薬品,医薬品,TOPIX Large70,E00932,中外製薬株式会社,12月31日,有
4521,科研製薬,プライム（内国株式）,医薬品,医薬品,TOPIX Small 1,E00935,科研製薬株式会社,3月31日,有
4523,エーザイ,プライム（内国株式）,医薬品,医薬品,TOPIX Mid400,E00939,エーザイ株式会社,3月31日,有
4524,森下仁丹,スタンダード（内国株式）,医薬品,医薬品,-,E00941,森下仁丹株式会社,3月31日,有
4526,理研ビタミン,プライム（内国株式）,食料品,食品,TOPIX Small 2,E00952,理研ビタミン株式会社,3月31日,有
4527,ロート製薬,プライム（内国株式）,医薬品,医薬品,TOPIX Mid400,E00942,ロート製薬株式会社,3月31日,有
4528,小野薬品工業,プライム（内国株式）,医薬品,医薬品,TOPIX Mid400,E00945,小野薬品工業株式会社,3月31日,有
4531,有機合成薬品工業,スタンダード（内国株式）,化学,素材・化学,-,E00848,有機合成薬品工業株式会社,3月31日,無
4534,持田製薬,プライム（内国株式）,医薬品,医薬品,TOPIX Small 2,E00947,持田製薬株式会社,3月31日,有
4536,参天製薬,プライム（内国株式）,医薬品,医薬品,TOPIX Mid400,E00949,参天製薬株式会社,3月31日,有
4538,扶桑薬品工業,プライム（内国株式）,医薬品,医薬品,TOPIX Small 2,E00953,扶桑薬品工業株式会社,3月31日,有
4539,日本ケミファ,スタンダード（内国株式）,医薬品,医薬品,-,E00957,日本ケミファ株式会社,3月31日,有
4540,ツムラ,プライム（内国株式）,医薬品,医薬品,TOPIX Mid400,E01018,株式会社ツムラ,3月31日,有
4543,テルモ,プライム（内国株式）,精密機器,電機・精密,TOPIX Large70,E01630,テルモ株式会社,3月31日,有
4544,Ｈ．Ｕ．グループホールディングス,プライム（内国株式）,サービス業,情報通信・サービスその他,TOPIX Mid400,E00967,Ｈ．Ｕ．グループホールディングス株式会社,3月31日,有
4547,キッセイ薬品工業,プライム（内国株式）,医薬品,医薬品,TOPIX Small 1,E00962,キッセイ薬品工業株式会社,3月31日,有
4548,生化学工業,プライム（内国株式）,医薬品,医薬品,TOPIX Small 2,E00970,生化学工業株式会社,3月31日,有
4549,栄研化学,プライム（内国株式）,医薬品,医薬品,TOPIX Small 1,E00961,栄研化学株式会社,3月31日,有
4552,ＪＣＲファーマ,プライム（内国株式）,医薬品,医薬品,TOPIX Small 1,E00973,ＪＣＲファーマ株式会社,3月31日,有
4553,東和薬品,プライム（内国株式）,医薬品,医薬品,TOPIX Small 1,E00974,東和薬品株式会社,3月31日,有
4554,富士製薬工業,プライム（内国株式）,医薬品,医薬品,TOPIX Small 2,E00975,富士製薬工業株式会社,9月30日,無
4558,中京医薬品,スタンダード（内国株式）,医薬品,医薬品,-,E03289,株式会社中京医薬品,3月31日,有
4559,ゼリア新薬工業,プライム（内国株式）,医薬品,医薬品,TOPIX Small 1,E00948,ゼリア新薬工業株式会社,3月31日,無
4565,ネクセラファーマ,プライム（内国株式）,医薬品,医薬品,TOPIX Small 1,E00981,ネクセラファーマ株式会社,12月31日,有
4568,第一三共,プライム（内国株式）,医薬品,医薬品,TOPIX Core30,E00984,第一三共株式会社,3月31日,有
4569,杏林製薬,プライム（内国株式）,医薬品,医薬品,TOPIX Small 1,E00985,杏林製薬株式会社,3月31日,有
4574,大幸薬品,プライム（内国株式）,医薬品,医薬品,TOPIX Small 2,E22560,大幸薬品株式会社,12月31日,有
4577,ダイト,プライム（内国株式）,医薬品,医薬品,TOPIX Small 2,E24187,ダイト株式会社,5月31日,有
4578,大塚ホールディングス,プライム（内国株式）,医薬品,医薬品,TOPIX Large70,E21183,大塚ホールディングス株式会社,12月31日,有
4587,ペプチドリーム,プライム（内国株式）,医薬品,医薬品,TOPIX Mid400,E27486,ペプチドリーム株式会社,12月31日,無
4595,ミズホメディー,スタンダード（内国株式）,医薬品,医薬品,-,E31946,株式会社ミズホメディー,12月31日,無
4611,大日本塗料,プライム（内国株式）,化学,素材・化学,TOPIX Small 2,E00891,大日本塗料株式会社,3月31日,有
4612,日本ペイントホールディングス,プライム（内国株式）,化学,素材・化学,TOPIX Mid400,E00892,日本ペイントホールディングス株式会社,12月31日,有
4613,関西ペイント,プライム（内国株式）,化学,素材・化学,TOPIX Mid400,E00893,関西ペイント株式会社,3月31日,有
4615,神東塗料,スタンダード（内国株式）,化学,素材・化学,-,E00895,神東塗料株式会社,3月31日,有
4616,川上塗料,スタンダード（内国株式）,化学,素材・化学,-,E00896,川上塗料株式会社,11月30日,有
4617,中国塗料,プライム（内国株式）,化学,素材・化学,TOPIX Small 1,E00897,中国塗料株式会社,3月31日,有
4619,日本特殊塗料,スタンダード（内国株式）,化学,素材・化学,-,E00900,日本特殊塗料株式会社,3月31日,有
4620,藤倉化成,スタンダード（内国株式）,化学,素材・化学,TOPIX Small 2,E00832,藤倉化成株式会社,3月31日,有
4623,アサヒペン,スタンダード（内国株式）,化学,素材・化学,-,E00909,株式会社アサヒペン,3月31日,有
4624,イサム塗料,スタンダード（内国株式）,化学,素材・化学,-,E00910,イサム塗料株式会社,3月31日,有
4625,アトミクス,スタンダード（内国株式）,化学,素材・化学,-,E00911,アトミクス株式会社,3月31日,有
4626,太陽ホールディングス,プライム（内国株式）,化学,素材・化学,TOPIX Mid400,E00913,太陽ホールディングス株式会社,3月31日,有
4627,ナトコ,スタンダード（内国株式）,化学,素材・化学,-,E00915,ナトコ株式会社,10月31日,有
4628,エスケー化研,スタンダード（内国株式）,化学,素材・化学,-,E00916,エスケー化研株式会社,3月31日,有
4629,大伸化学,スタンダード（内国株式）,化学,素材・化学,-,E00917,大伸化学株式会社,3月31日,無
4631,ＤＩＣ,プライム（内国株式）,化学,素材・化学,TOPIX Mid400,E00901,ＤＩＣ株式会社,12月31日,有
4633,サカタインクス,プライム（内国株式）,化学,素材・化学,TOPIX Small 1,E00905,サカタインクス株式会社,12月31日,有
4634,ａｒｔｉｅｎｃｅ,プライム（内国株式）,化学,素材・化学,TOPIX Small 1,E00903,ａｒｔｉｅｎｃｅ株式会社,12月31日,有
4635,東京インキ,スタンダード（内国株式）,化学,素材・化学,-,E00904,東京インキ株式会社,3月31日,有
463A,インテリックスホールディングス,スタンダード（内国株式）,不動産業,不動産,-,E40879,株式会社インテリックスホールディングス,5月31日,有
4641,アルプス技研,プライム（内国株式）,サービス業,情報通信・サービスその他,TOPIX Small 2,E04954,株式会社アルプス技研,12月31日,有
4642,オリジナル設計,スタンダード（内国株式）,サービス業,情報通信・サービスその他,-,E04955,オリジナル設計株式会社,12月31日,有
4644,イマジニア,スタンダード（内国株式）,情報・通信業,情報通信・サービスその他,-,E04959,イマジニア株式会社,3月31日,有
4645,市進ホールディングス,スタンダード（内国株式）,サービス業,情報通信・サービスその他,-,E04958,株式会社市進ホールディングス,2月末日,有
4650,ＳＤエンターテイメント,スタンダード（内国株式）,サービス業,情報通信・サービスその他,-,E04704,ＳＤエンターテイメント株式会社,3月31日,有
4651,サニックスホールディングス,スタンダード（内国株式）,サービス業,情報通信・サービスその他,TOPIX Small 2,E04964,株式会社サニックスホールディングス,3月31日,有
4657,環境管理センター,スタンダード（内国株式）,サービス業,情報通信・サービスその他,-,E04972,株式会社環境管理センター,6月30日,無
4658,日本空調サービス,プライム（内国株式）,サービス業,情報通信・サービスその他,TOPIX Small 2,E04973,日本空調サービス株式会社,3月31日,有
4661,オリエンタルランド,プライム（内国株式）,サービス業,情報通信・サービスその他,TOPIX Large70,E04707,株式会社オリエンタルランド,3月31日,有
4662,フォーカスシステムズ,プライム（内国株式）,情報・通信業,情報通信・サービスその他,TOPIX Small 2,E04976,株式会社フォーカスシステムズ,3月31日,有
4664,アール・エス・シー,スタンダード（内国株式）,サービス業,情報通信・サービスその他,-,E04978,株式会社アール・エス・シー,3月31日,有
4665,ダスキン,プライム（内国株式）,サービス業,情報通信・サービスその他,TOPIX Mid400,E04926,株式会社ダスキン,3月31日,有
4666,パーク２４,プライム（内国株式）,不動産業,不動産,TOPIX Mid400,E04979,パーク二四株式会社（定款上の商号　パーク２４株式会社）,10月31日,有
4667,アイサンテクノロジー,スタンダード（内国株式）,情報・通信業,情報通信・サービスその他,-,E04980,アイサンテクノロジー株式会社,3月31日,無
4668,明光ネットワークジャパン,プライム（内国株式）,サービス業,情報通信・サービスその他,TOPIX Small 2,E04981,株式会社明光ネットワークジャパン,8月31日,有
4671,ファルコホールディングス,スタンダード（内国株式）,サービス業,情報通信・サービスその他,TOPIX Small 2,E04982,株式会社ファルコホールディングス,3月31日,有
4673,川崎地質,スタンダード（内国株式）,サービス業,情報通信・サービスその他,-,E04987,川崎地質株式会社,11月30日,無
4674,クレスコ,プライム（内国株式）,情報・通信業,情報通信・サービスその他,TOPIX Small 2,E04988,株式会社クレスコ,3月31日,有
4676,フジ・メディア・ホールディングス,プライム（内国株式）,情報・通信業,情報通信・サービスその他,TOPIX Mid400,E04462,株式会社フジ・メディア・ホールディングス,3月31日,有
4678,秀英予備校,スタンダード（内国株式）,サービス業,情報通信・サービスその他,-,E04991,株式会社　秀英予備校,3月31日,無
4679,田谷,スタンダード（内国株式）,サービス業,情報通信・サービスその他,-,E04990,株式会社　田　谷,3月31日,無
4680,ラウンドワン,プライム（内国株式）,サービス業,情報通信・サービスその他,TOPIX Mid400,E04710,株式会社ラウンドワン,3月31日,有
4681,リゾートトラスト,プライム（内国株式）,サービス業,情報通信・サービスその他,TOPIX Mid400,E03969,リゾートトラスト株式会社,3月31日,有
4684,オービック,プライム（内国株式）,情報・通信業,情報通信・サービスその他,TOPIX Mid400,E05025,株式会社オービック,3月31日,有
4685,菱友システムズ,スタンダード（内国株式）,情報・通信業,情報通信・サービスその他,-,E04995,株式会社菱友システムズ,3月31日,有
4686,ジャストシステム,プライム（内国株式）,情報・通信業,情報通信・サービスその他,TOPIX Small 1,E04996,株式会社ジャストシステム,3月31日,有
4687,ＴＤＣソフト,プライム（内国株式）,情報・通信業,情報通信・サービスその他,TOPIX Small 2,E04997,ＴＤＣソフト株式会社,3月31日,有
4689,ＬＩＮＥヤフー,プライム（内国株式）,情報・通信業,情報通信・サービスその他,TOPIX Large70,E05000,ＬＩＮＥヤフー株式会社,3月31日,有
4691,ワシントンホテル,スタンダード（内国株式）,サービス業,情報通信・サービスその他,-,E35136,ワシントンホテル株式会社,3月31日,無
4694,ビー・エム・エル,プライム（内国株式）,サービス業,情報通信・サービスその他,TOPIX Small 1,E05056,株式会社ビー・エム・エル,3月31日,有
4704,トレンドマイクロ,プライム（内国株式）,情報・通信業,情報通信・サービスその他,TOPIX Mid400,E04999,トレンドマイクロ株式会社,12月31日,有
4705,クリップコーポレーション,スタンダード（内国株式）,サービス業,情報通信・サービスその他,-,E05011,株式会社クリップコーポレーション,3月31日,有
4707,キタック,スタンダード（内国株式）,サービス業,情報通信・サービスその他,-,E05015,株式会社キタック,10月20日,無
4709,ＩＤホールディングス,プライム（内国株式）,情報・通信業,情報通信・サービスその他,TOPIX Small 2,E05017,株式会社ＩＤホールディングス,3月31日,有
4712,ＫｅｙＨｏｌｄｅｒ,スタンダード（内国株式）,サービス業,情報通信・サービスその他,-,E05020,株式会社ＫｅｙＨｏｌｄｅｒ,12月31日,有
4714,リソー教育グループ,プライム（内国株式）,サービス業,情報通信・サービスその他,TOPIX Small 2,E05024,株式会社　リソー教育グループ,2月末日,有
4716,日本オラクル,スタンダード（内国株式）,情報・通信業,情報通信・サービスその他,TOPIX Mid400,E05027,日本オラクル株式会社,5月31日,無
4718,早稲田アカデミー,プライム（内国株式）,サービス業,情報通信・サービスその他,TOPIX Small 2,E05028,株式会社早稲田アカデミー,3月31日,有
4719,アルファシステムズ,プライム（内国株式）,情報・通信業,情報通信・サービスその他,TOPIX Small 2,E05029,株式会社アルファシステムズ,3月31日,無
471A,ＮＳグループ,プライム（内国株式）,その他金融業,金融（除く銀行）,TOPIX Small 2,E41149,ＮＳグループ株式会社,12月末日,有
4720,城南進学研究社,スタンダード（内国株式）,サービス業,情報通信・サービスその他,-,E05030,株式会社城南進学研究社,3月31日,有
4722,フューチャー,プライム（内国株式）,情報・通信業,情報通信・サービスその他,TOPIX Small 1,E05033,フューチャー株式会社,12月31日,有
4725,ＣＡＣ　Ｈｏｌｄｉｎｇｓ,プライム（内国株式）,情報・通信業,情報通信・サービスその他,TOPIX Small 2,E05036,株式会社ＣＡＣ　Ｈｏｌｄｉｎｇｓ,12月31日,有
4728,トーセ,スタンダード（内国株式）,情報・通信業,情報通信・サービスその他,-,E05042,株式会社トーセ,8月31日,有
4732,ユー・エス・エス,プライム（内国株式）,サービス業,情報通信・サービスその他,TOPIX Mid400,E05045,株式会社ユー・エス・エス,3月31日,有
4733,オービックビジネスコンサルタント,プライム（内国株式）,情報・通信業,情報通信・サービスその他,TOPIX Mid400,E05048,株式会社オービックビジネスコンサルタント,3月31日,無
4735,京進,スタンダード（内国株式）,サービス業,情報通信・サービスその他,-,E05053,株式会社京進,2月末日,有
4736,日本ラッド,スタンダード（内国株式）,情報・通信業,情報通信・サービスその他,-,E05054,日本ラッド株式会社,3月31日,無
4743,アイティフォー,プライム（内国株式）,情報・通信業,情報通信・サービスその他,TOPIX Small 2,E02909,株式会社アイティフォー,3月31日,有
4746,東計電算,スタンダード（内国株式）,情報・通信業,情報通信・サービスその他,TOPIX Small 2,E05066,株式会社東計電算,12月31日,有
4750,ダイサン,スタンダード（内国株式）,サービス業,情報通信・サービスその他,-,E05070,株式会社ダイサン,4月20日,有
4751,サイバーエージェント,プライム（内国株式）,サービス業,情報通信・サービスその他,TOPIX Mid400,E05072,株式会社サイバーエージェント,9月30日,有
4752,昭和システムエンジニアリング,スタンダード（内国株式）,情報・通信業,情報通信・サービスその他,-,E05075,株式会社　昭和システムエンジニアリング,3月31日,無
4754,トスネット,スタンダード（内国株式）,サービス業,情報通信・サービスその他,-,E05073,株式会社トスネット,9月30日,有
4755,楽天グループ,プライム（内国株式）,サービス業,情報通信・サービスその他,TOPIX Mid400,E05080,楽天グループ株式会社,12月31日,有
475A,ギミック,スタンダード（内国株式）,サービス業,情報通信・サービスその他,-,E41115,株式会社ギミック,3月末日,無
4760,アルファ,スタンダード（内国株式）,サービス業,情報通信・サービスその他,-,E05083,株式会社アルファ,8月31日,無
4761,さくらケーシーエス,スタンダード（内国株式）,情報・通信業,情報通信・サービスその他,-,E05090,株式会社さくらケーシーエス,3月31日,有
4762,エックスネット,スタンダード（内国株式）,情報・通信業,情報通信・サービスその他,-,E05091,株式会社エックスネット,3月31日,無
4763,クリーク・アンド・リバー社,プライム（内国株式）,サービス業,情報通信・サービスその他,TOPIX Small 2,E05096,株式会社クリーク・アンド・リバー社,2月末日,有
4765,ＳＢＩグローバルアセットマネジメント,プライム（内国株式）,サービス業,情報通信・サービスその他,TOPIX Small 2,E05097,ＳＢＩグローバルアセットマネジメント株式会社,3月31日,有
4766,ピーエイ,スタンダード（内国株式）,サービス業,情報通信・サービスその他,-,E05098,株式会社ピーエイ,12月31日,有
4767,テー・オー・ダブリュー,スタンダード（内国株式）,サービス業,情報通信・サービスその他,TOPIX Small 2,E05100,株式会社テー・オー・ダブリュー,6月30日,有
4768,大塚商会,プライム（内国株式）,情報・通信業,情報通信・サービスその他,TOPIX Mid400,E05099,株式会社　大塚商会,12月31日,有
4769,ＩＣ,スタンダード（内国株式）,情報・通信業,情報通信・サービスその他,-,E05101,株式会社ＩＣ,9月30日,有
476A,辻・本郷ＩＴコンサルティング,スタンダード（内国株式）,情報・通信業,情報通信・サービスその他,-,E40991,辻・本郷ＩＴコンサルティング株式会社,9月30日,有
4771,エフアンドエム,スタンダード（内国株式）,サービス業,情報通信・サービスその他,-,E05107,株式会社エフアンドエム,3月31日,有
4776,サイボウズ,プライム（内国株式）,情報・通信業,情報通信・サービスその他,TOPIX Small 1,E05116,サイボウズ株式会社,12月31日,有
4777,ガーラ,スタンダード（内国株式）,情報・通信業,情報通信・サービスその他,-,E05114,株式会社ガーラ,12月31日,有
4783,ＮＣＤ,スタンダード（内国株式）,情報・通信業,情報通信・サービスその他,-,E05120,ＮＣＤ株式会社,3月31日,有
4784,ＧＭＯインターネット,プライム（内国株式）,サービス業,情報通信・サービスその他,TOPIX Small 2,E05123,ＧＭＯインターネット株式会社,12月31日,有
4792,山田コンサルティンググループ,プライム（内国株式）,サービス業,情報通信・サービスその他,TOPIX Small 2,E05135,山田コンサルティンググループ株式会社,3月31日,有
4800,オリコン,スタンダード（内国株式）,情報・通信業,情報通信・サービスその他,-,E05143,オリコン株式会社,3月31日,有
4801,セントラルスポーツ,プライム（内国株式）,サービス業,情報通信・サービスその他,TOPIX Small 2,E05145,セントラルスポーツ株式会社,3月31日,有
4809,パラカ,プライム（内国株式）,不動産業,不動産,TOPIX Small 2,E05414,パラカ株式会社,9月30日,無
4812,電通総研,プライム（内国株式）,情報・通信業,情報通信・サービスその他,TOPIX Small 1,E05147,株式会社電通総研,12月31日,有
4813,ＡＣＣＥＳＳ,プライム（内国株式）,情報・通信業,情報通信・サービスその他,-,E05168,株式会社ＡＣＣＥＳＳ,1月31日,有
4814,ネクストウェア,スタンダード（内国株式）,情報・通信業,情報通信・サービスその他,-,E05151,ネクストウェア株式会社,3月31日,有
4816,東映アニメーション,スタンダード（内国株式）,情報・通信業,情報通信・サービスその他,-,E02458,東映アニメーション株式会社,3月31日,有
4819,デジタルガレージ,プライム（内国株式）,情報・通信業,情報通信・サービスその他,TOPIX Small 1,E05156,株式会社デジタルガレージ,3月31日,有
4820,イーエムシステムズ,プライム（内国株式）,情報・通信業,情報通信・サービスその他,TOPIX Small 2,E05155,株式会社イーエムシステムズ（商号　株式会社ＥＭシステムズ）,12月31日,有
4825,ウェザーニューズ,プライム（内国株式）,情報・通信業,情報通信・サービスその他,TOPIX Small 1,E05162,株式会社ウェザーニューズ,5月31日,有
4826,ＣＩＪ,プライム（内国株式）,情報・通信業,情報通信・サービスその他,TOPIX Small 2,E05163,株式会社ＣＩＪ,6月30日,有
4828,ビジネスエンジニアリング,プライム（内国株式）,情報・通信業,情報通信・サービスその他,TOPIX Small 2,E05167,ビジネスエンジニアリング株式会社,3月31日,有
4829,日本エンタープライズ,スタンダード（内国株式）,情報・通信業,情報通信・サービスその他,-,E05169,日本エンタープライズ株式会社,5月31日,有
4832,ＪＦＥシステムズ,スタンダード（内国株式）,情報・通信業,情報通信・サービスその他,-,E05173,ＪＦＥシステムズ株式会社,3月31日,有
4838,スペースシャワーＳＫＩＹＡＫＩホールディングス,スタンダード（内国株式）,情報・通信業,情報通信・サービスその他,-,E04478,スペースシャワーＳＫＩＹＡＫＩホールディングス株式会社,3月31日,有
4839,ＷＯＷＯＷ,プライム（内国株式）,情報・通信業,情報通信・サービスその他,TOPIX Small 2,E04427,株式会社ＷＯＷＯＷ,3月31日,有
483A,テラテクノロジー,スタンダード（内国株式）,情報・通信業,情報通信・サービスその他,-,E41037,テラテクノロジー株式会社,3月31日,有
4840,トライアイズ,スタンダード（内国株式）,サービス業,情報通信・サービスその他,-,E05183,株式会社トライアイズ,12月31日,有
4845,スカラ,スタンダード（内国株式）,情報・通信業,情報通信・サービスその他,TOPIX Small 2,E05187,株式会社スカラ,6月30日,有
4847,インテリジェント　ウェイブ,プライム（内国株式）,情報・通信業,情報通信・サービスその他,-,E05191,株式会社インテリジェント　ウェイブ,6月30日,無
4848,フルキャストホールディングス,プライム（内国株式）,サービス業,情報通信・サービスその他,TOPIX Small 2,E05182,株式会社フルキャストホールディングス,12月31日,有
4849,エン,プライム（内国株式）,サービス業,情報通信・サービスその他,TOPIX Small 1,E05192,エン株式会社,3月31日,有
4880,セルソース,スタンダード（内国株式）,医薬品,医薬品,TOPIX Small 2,E35169,セルソース株式会社,10月末日,有
4885,室町ケミカル,スタンダード（内国株式）,医薬品,医薬品,-,E36350,室町ケミカル株式会社,5月末日,無
4886,あすか製薬ホールディングス,プライム（内国株式）,医薬品,医薬品,TOPIX Small 2,E35791,あすか製薬ホールディングス株式会社,3月末日,有
4887,サワイグループホールディングス,プライム（内国株式）,医薬品,医薬品,TOPIX Mid400,E36190,サワイグループホールディングス株式会社,3月末日,有
4901,富士フイルムホールディングス,プライム（内国株式）,化学,素材・化学,TOPIX Large70,E00988,富士フイルムホールディングス株式会社,3月31日,有
4902,コニカミノルタ,プライム（内国株式）,電気機器,電機・精密,TOPIX Mid400,E00989,コニカミノルタ株式会社,3月31日,有
4911,資生堂,プライム（内国株式）,化学,素材・化学,TOPIX Mid400,E00990,株式会社資生堂,12月31日,有
4912,ライオン,プライム（内国株式）,化学,素材・化学,TOPIX Mid400,E00991,ライオン株式会社,12月31日,有
4914,高砂香料工業,プライム（内国株式）,化学,素材・化学,TOPIX Small 1,E00993,高砂香料工業株式会社,3月31日,有
4918,アイビー化粧品,スタンダード（内国株式）,化学,素材・化学,-,E01035,株式会社アイビー化粧品,3月31日,無
4919,ミルボン,プライム（内国株式）,化学,素材・化学,TOPIX Small 1,E01039,株式会社ミルボン,12月31日,有
4920,日本色材工業研究所,スタンダード（内国株式）,化学,素材・化学,-,E01040,株式会社日本色材工業研究所,2月末日,有
4922,コーセーホールディングス,プライム（内国株式）,化学,素材・化学,TOPIX Mid400,E01049,株式会社コーセーホールディングス,12月31日,有
4923,コタ,プライム（内国株式）,化学,素材・化学,TOPIX Small 2,E01059,コタ株式会社,3月31日,無
4925,ハーバー研究所,スタンダード（内国株式）,化学,素材・化学,-,E01063,株式会社ハーバー研究所,3月31日,有
4926,シーボン,スタンダード（内国株式）,化学,素材・化学,-,E23479,株式会社シーボン,3月31日,無
4927,ポーラ・オルビスホールディングス,プライム（内国株式）,化学,素材・化学,TOPIX Mid400,E24951,株式会社ポーラ・オルビスホールディングス,12月31日,有
4928,ノエビアホールディングス,プライム（内国株式）,化学,素材・化学,TOPIX Small 1,E24991,株式会社ノエビアホールディングス,9月末日,有
4929,アジュバンホールディングス,スタンダード（内国株式）,化学,素材・化学,-,E27016,株式会社アジュバンホールディングス,3月20日,有
4931,新日本製薬,プライム（内国株式）,化学,素材・化学,TOPIX Small 2,E34965,新日本製薬株式会社,9月30日,有
4932,アルマード,スタンダード（内国株式）,化学,素材・化学,-,E35568,株式会社アルマード,3月末日,無
4933,Ｉ－ｎｅ,プライム（内国株式）,化学,素材・化学,TOPIX Small 2,E35928,株式会社Ｉ－ｎｅ,12月31日,有
4935,リベルタ,スタンダード（内国株式）,化学,素材・化学,-,E36133,株式会社リベルタ,12月31日,有
4936,アクシージア,スタンダード（内国株式）,化学,素材・化学,TOPIX Small 2,E36321,株式会社アクシージア,7月31日,有
4951,エステー,プライム（内国株式）,化学,素材・化学,TOPIX Small 2,E01019,エステー株式会社,3月31日,有
4956,コニシ,プライム（内国株式）,化学,素材・化学,TOPIX Small 2,E02686,コニシ株式会社,3月31日,有
4958,長谷川香料,プライム（内国株式）,化学,素材・化学,TOPIX Small 1,E01034,長谷川香料株式会社,9月30日,有
4960,ケミプロ化成,スタンダード（内国株式）,化学,素材・化学,-,E00868,ケミプロ化成株式会社,3月31日,無
4966,上村工業,スタンダード（内国株式）,化学,素材・化学,-,E01045,上村工業株式会社,3月31日,有
4967,小林製薬,プライム（内国株式）,化学,素材・化学,TOPIX Mid400,E01047,小林製薬株式会社,12月31日,有
4968,荒川化学工業,プライム（内国株式）,化学,素材・化学,TOPIX Small 2,E01048,荒川化学工業株式会社,3月31日,有
4970,東洋合成工業,スタンダード（内国株式）,化学,素材・化学,-,E01051,東洋合成工業株式会社,3月31日,無
4971,メック,プライム（内国株式）,化学,素材・化学,TOPIX Small 1,E01054,メック株式会社,12月31日,有
4972,綜研化学,スタンダード（内国株式）,化学,素材・化学,-,E01055,綜研化学株式会社,3月31日,有
4973,日本高純度化学,プライム（内国株式）,化学,素材・化学,TOPIX Small 2,E01060,日本高純度化学株式会社,3月31日,無
4975,ＪＣＵ,プライム（内国株式）,化学,素材・化学,TOPIX Small 1,E01065,株式会社ＪＣＵ,3月31日,有
4976,東洋ドライルーブ,スタンダード（内国株式）,化学,素材・化学,-,E01068,東洋ドライルーブ株式会社,6月末日,有
4977,新田ゼラチン,スタンダード（内国株式）,化学,素材・化学,-,E26061,新田ゼラチン株式会社,3月31日,有
4979,ＯＡＴアグリオ,スタンダード（内国株式）,化学,素材・化学,TOPIX Small 2,E30697,ＯＡＴアグリオ株式会社,12月31日,有
4980,デクセリアルズ,プライム（内国株式）,化学,素材・化学,TOPIX Mid400,E31633,デクセリアルズ株式会社,3月末日,有
4985,アース製薬,プライム（内国株式）,化学,素材・化学,TOPIX Small 1,E01015,アース製薬株式会社,12月31日,有
4990,昭和化学工業,スタンダード（内国株式）,化学,素材・化学,-,E01172,昭和化学工業株式会社,3月31日,有
4992,北興化学工業,スタンダード（内国株式）,化学,素材・化学,TOPIX Small 2,E01001,北興化学工業株式会社,11月30日,有
4994,大成ラミックグループ,スタンダード（内国株式）,化学,素材・化学,TOPIX Small 2,E01058,大成ラミックグループ株式会社,3月31日,有
4996,クミアイ化学工業,プライム（内国株式）,化学,素材・化学,TOPIX Small 1,E00828,クミアイ化学工業株式会社,10月31日,有
4997,日本農薬,プライム（内国株式）,化学,素材・化学,TOPIX Small 2,E00937,日本農薬株式会社,3月31日,有
4998,フマキラー,スタンダード（内国株式）,化学,素材・化学,-,E01007,フマキラー株式会社,3月31日,有
500A,ＴＯブックス,スタンダード（内国株式）,情報・通信業,情報通信・サービスその他,-,E41257,株式会社ＴＯブックス,4月30日,無
5010,日本精蝋,スタンダード（内国株式）,石油・石炭製品,エネルギー資源,-,E01005,日本精蝋株式会社,12月31日,有
5011,ニチレキグループ,プライム（内国株式）,石油・石炭製品,エネルギー資源,TOPIX Small 2,E01077,ニチレキグループ株式会社,3月31日,有
5013,ユシロ,スタンダード（内国株式）,石油・石炭製品,エネルギー資源,TOPIX Small 2,E01080,株式会社ユシロ,3月31日,有
5015,ビーピー・カストロール,スタンダード（内国株式）,石油・石炭製品,エネルギー資源,-,E02800,ビーピー・カストロール株式会社,12月31日,有
5016,ＪＸ金属,プライム（内国株式）,非鉄金属,鉄鋼・非鉄,TOPIX Mid400,E01081,ＪＸ金属株式会社,3月末日,有
5018,ＭＯＲＥＳＣＯ,スタンダード（内国株式）,石油・石炭製品,エネルギー資源,-,E01083,株式会社ＭＯＲＥＳＣＯ,2月末日,有
5019,出光興産,プライム（内国株式）,石油・石炭製品,エネルギー資源,TOPIX Mid400,E01084,出光興産株式会社,3月31日,有
5020,ＥＮＥＯＳホールディングス,プライム（内国株式）,石油・石炭製品,エネルギー資源,TOPIX Large70,E24050,ＥＮＥＯＳホールディングス株式会社,3月31日,有
5021,コスモエネルギーホールディングス,プライム（内国株式）,石油・石炭製品,エネルギー資源,TOPIX Mid400,E31632,コスモエネルギーホールディングス株式会社,3月31日,有
5032,ＡＮＹＣＯＬＯＲ,プライム（内国株式）,情報・通信業,情報通信・サービスその他,TOPIX Small 1,E37573,ＡＮＹＣＯＬＯＲ株式会社,4月30日,無
5036,日本ビジネスシステムズ,プライム（内国株式）,情報・通信業,情報通信・サービスその他,TOPIX Small 2,E37833,日本ビジネスシステムズ株式会社,9月末日,有
505A,ギークリー,スタンダード（内国株式）,サービス業,情報通信・サービスその他,-,E41309,株式会社ギークリー,5月11日,無
5071,ヴィス,スタンダード（内国株式）,サービス業,情報通信・サービスその他,-,E34454,株式会社ヴィス,3月31日,有
5074,テスホールディングス,プライム（内国株式）,建設業,建設・資材,TOPIX Small 2,E36412,テスホールディングス株式会社,6月末日,有
5076,インフロニア・ホールディングス,プライム（内国株式）,建設業,建設・資材,TOPIX Mid400,E36723,インフロニア・ホールディングス株式会社,3月31日,有
5078,セレコーポレーション,スタンダード（内国株式）,建設業,建設・資材,-,E37456,株式会社セレコーポレーション,2月末日,有
5079,ノバック,スタンダード（内国株式）,建設業,建設・資材,-,E37468,株式会社ノバック,4月30日,有
5101,横浜ゴム,プライム（内国株式）,ゴム製品,自動車・輸送機,TOPIX Mid400,E01085,横浜ゴム株式会社,12月31日,有
5103,昭和ホールディングス,スタンダード（内国株式）,ゴム製品,自動車・輸送機,-,E01088,昭和ホールディングス株式会社,3月31日,有
5105,ＴＯＹＯ　ＴＩＲＥ,プライム（内国株式）,ゴム製品,自動車・輸送機,TOPIX Mid400,E01090,ＴＯＹＯ　ＴＩＲＥ株式会社,12月31日,有
5108,ブリヂストン,プライム（内国株式）,ゴム製品,自動車・輸送機,TOPIX Large70,E01086,株式会社ブリヂストン,12月31日,有
5110,住友ゴム工業,プライム（内国株式）,ゴム製品,自動車・輸送機,TOPIX Mid400,E01110,住友ゴム工業株式会社,12月31日,有
5121,藤倉コンポジット,プライム（内国株式）,ゴム製品,自動車・輸送機,TOPIX Small 2,E01094,藤倉コンポジット株式会社,3月31日,有
5122,オカモト,プライム（内国株式）,ゴム製品,自動車・輸送機,TOPIX Small 2,E01100,オカモト株式会社,3月31日,有
5133,テリロジーホールディングス,スタンダード（内国株式）,情報・通信業,情報通信・サービスその他,-,E37914,株式会社テリロジーホールディングス,3月末日,有
5142,アキレス,プライム（内国株式）,化学,素材・化学,TOPIX Small 2,E01096,アキレス株式会社,3月31日,有
5161,西川ゴム工業,スタンダード（内国株式）,ゴム製品,自動車・輸送機,-,E01112,西川ゴム工業株式会社,3月31日,有
5162,朝日ラバー,スタンダード（内国株式）,ゴム製品,自動車・輸送機,-,E01115,株式会社朝日ラバー,3月31日,有
5184,ニチリン,スタンダード（内国株式）,ゴム製品,自動車・輸送機,-,E01114,株式会社ニチリン,12月31日,有
5185,フコク,プライム（内国株式）,ゴム製品,自動車・輸送機,TOPIX Small 2,E01113,株式会社フコク,3月31日,有
5186,ニッタ,プライム（内国株式）,ゴム製品,自動車・輸送機,TOPIX Small 2,E01111,ニッタ株式会社,3月31日,有
5187,クリエートメディック,スタンダード（内国株式）,精密機器,電機・精密,-,E02416,クリエートメディック株式会社,12月31日,有
5189,櫻護謨,スタンダード（内国株式）,ゴム製品,自動車・輸送機,-,E01107,櫻護謨株式会社,3月31日,有
5192,三ツ星ベルト,プライム（内国株式）,ゴム製品,自動車・輸送機,TOPIX Small 1,E01098,三ツ星ベルト株式会社,3月31日,有
5194,相模ゴム工業,スタンダード（内国株式）,ゴム製品,自動車・輸送機,-,E01095,相模ゴム工業株式会社,3月31日,有
5195,バンドー化学,プライム（内国株式）,ゴム製品,自動車・輸送機,TOPIX Small 2,E01092,バンドー化学株式会社,3月31日,有
5199,不二ラテックス,スタンダード（内国株式）,ゴム製品,自動車・輸送機,-,E01109,不二ラテックス株式会社,3月31日,有
5201,ＡＧＣ,プライム（内国株式）,ガラス・土石製品,建設・資材,TOPIX Mid400,E01122,ＡＧＣ株式会社,12月31日,有
5202,日本板硝子,プライム（内国株式）,ガラス・土石製品,建設・資材,TOPIX Small 1,E01121,日本板硝子株式会社,3月31日,有
5204,石塚硝子,スタンダード（内国株式）,ガラス・土石製品,建設・資材,-,E01123,石塚硝子株式会社,3月20日,有
5208,有沢製作所,プライム（内国株式）,化学,素材・化学,TOPIX Small 1,E01152,株式会社有沢製作所,3月31日,有
5210,日本山村硝子,スタンダード（内国株式）,ガラス・土石製品,建設・資材,-,E01126,日本山村硝子株式会社,3月31日,有
5214,日本電気硝子,プライム（内国株式）,ガラス・土石製品,建設・資材,TOPIX Mid400,E01190,日本電気硝子株式会社,12月31日,有
5216,倉元製作所,スタンダード（内国株式）,ガラス・土石製品,建設・資材,-,E01205,株式会社倉元製作所,12月31日,無
5218,オハラ,スタンダード（内国株式）,ガラス・土石製品,建設・資材,TOPIX Small 2,E01170,株式会社オハラ,10月31日,有
5232,住友大阪セメント,プライム（内国株式）,ガラス・土石製品,建設・資材,TOPIX Mid400,E01127,住友大阪セメント株式会社,3月31日,有
5233,太平洋セメント,プライム（内国株式）,ガラス・土石製品,建設・資材,TOPIX Mid400,E01130,太平洋セメント株式会社,3月31日,有
5237,ノザワ,スタンダード（内国株式）,ガラス・土石製品,建設・資材,-,E01166,株式会社ノザワ,3月31日,有
5250,ＧＭＯプライム・ストラテジー,スタンダード（内国株式）,情報・通信業,情報通信・サービスその他,-,E38367,ＧＭＯプライム・ストラテジー株式会社,12月31日,有
5257,ノバシステム,スタンダード（内国株式）,情報・通信業,情報通信・サービスその他,-,E38335,ノバシステム株式会社,12月31日,無
5261,リソルホールディングス,プライム（内国株式）,サービス業,情報通信・サービスその他,-,E01156,リソルホールディングス株式会社,3月31日,有
5262,日本ヒューム,プライム（内国株式）,ガラス・土石製品,建設・資材,TOPIX Small 1,E01157,日本ヒューム株式会社,3月31日,有
5268,旭コンクリート工業,スタンダード（内国株式）,ガラス・土石製品,建設・資材,-,E01143,旭コンクリート工業株式会社,3月31日,無
5269,日本コンクリート工業,プライム（内国株式）,ガラス・土石製品,建設・資材,TOPIX Small 2,E01142,日本コンクリート工業株式会社,3月31日,有
5271,トーヨーアサノ,スタンダード（内国株式）,ガラス・土石製品,建設・資材,-,E01165,株式会社トーヨーアサノ,2月末日,有
5273,三谷セキサン,スタンダード（内国株式）,ガラス・土石製品,建設・資材,TOPIX Small 2,E01169,三谷セキサン株式会社,3月31日,有
5279,日本興業,スタンダード（内国株式）,ガラス・土石製品,建設・資材,-,E01200,日本興業株式会社,3月31日,有
5280,ヨシコン,スタンダード（内国株式）,不動産業,不動産,-,E01202,ヨシコン株式会社,3月31日,有
5282,ジオスター,スタンダード（内国株式）,ガラス・土石製品,建設・資材,-,E01206,ジオスター株式会社,3月31日,有
5283,高見澤,スタンダード（内国株式）,卸売業,商社・卸売,-,E01208,株式会社高見澤,6月30日,有
5284,ヤマウホールディングス,スタンダード（内国株式）,ガラス・土石製品,建設・資材,-,E01211,ヤマウホールディングス株式会社,3月31日,有
5285,ヤマックス,スタンダード（内国株式）,ガラス・土石製品,建設・資材,-,E01212,株式会社ヤマックス,3月31日,有
5287,イトーヨーギョー,スタンダード（内国株式）,ガラス・土石製品,建設・資材,-,E01216,株式会社イトーヨーギョー,3月31日,無
5288,アジアパイルホールディングス,プライム（内国株式）,ガラス・土石製品,建設・資材,TOPIX Small 2,E01222,アジアパイルホールディングス株式会社,3月31日,有
5290,ベルテクスコーポレーション,スタンダード（内国株式）,ガラス・土石製品,建設・資材,-,E34137,株式会社ベルテクスコーポレーション,3月31日,有
5301,東海カーボン,プライム（内国株式）,ガラス・土石製品,建設・資材,TOPIX Mid400,E01162,東海カーボン株式会社,12月31日,有
5302,日本カーボン,プライム（内国株式）,ガラス・土石製品,建設・資材,TOPIX Small 1,E01140,日本カーボン株式会社,12月31日,有
5304,ＳＥＣカーボン,スタンダード（内国株式）,ガラス・土石製品,建設・資材,-,E01173,ＳＥＣカーボン株式会社,3月31日,有
5310,東洋炭素,プライム（内国株式）,ガラス・土石製品,建設・資材,TOPIX Small 1,E01223,東洋炭素株式会社,12月31日,有
5331,ノリタケ,プライム（内国株式）,ガラス・土石製品,建設・資材,TOPIX Small 1,E01139,ノリタケ株式会社,3月31日,有
5332,ＴＯＴＯ,プライム（内国株式）,ガラス・土石製品,建設・資材,TOPIX Mid400,E01138,ＴＯＴＯ株式会社,3月31日,有
5333,ＮＧＫ,プライム（内国株式）,ガラス・土石製品,建設・資材,TOPIX Mid400,E01137,ＮＧＫ株式会社,3月31日,有
5334,日本特殊陶業,プライム（内国株式）,ガラス・土石製品,建設・資材,TOPIX Mid400,E01136,日本特殊陶業株式会社,3月31日,有
5337,ダントーホールディングス,スタンダード（内国株式）,ガラス・土石製品,建設・資材,-,E01141,ダントーホールディングス株式会社,12月31日,有
5341,ＡＳＡＨＩ　ＥＩＴＯホールディングス,スタンダード（内国株式）,ガラス・土石製品,建設・資材,-,E01176,ＡＳＡＨＩ　ＥＩＴＯホールディングス株式会社,11月30日,有
5344,ＭＡＲＵＷＡ,プライム（内国株式）,ガラス・土石製品,建設・資材,TOPIX Mid400,E01210,株式会社ＭＡＲＵＷＡ,3月31日,有
5351,品川リフラ,プライム（内国株式）,ガラス・土石製品,建設・資材,TOPIX Small 1,E01146,品川リフラ株式会社,3月31日,有
5355,日本坩堝,スタンダード（内国株式）,ガラス・土石製品,建設・資材,-,E01131,日本坩堝株式会社,3月31日,有
5356,美濃窯業,スタンダード（内国株式）,ガラス・土石製品,建設・資材,-,E01180,美濃窯業株式会社,3月31日,有
5357,ヨータイ,プライム（内国株式）,ガラス・土石製品,建設・資材,TOPIX Small 2,E01147,株式会社　ヨータイ,3月31日,有
5363,東京窯業,スタンダード（内国株式）,ガラス・土石製品,建設・資材,-,E01149,東京窯業株式会社,3月31日,有
5367,ニッカトー,スタンダード（内国株式）,ガラス・土石製品,建設・資材,-,E01188,株式会社ニッカトー,3月31日,無
5368,日本インシュレーション,スタンダード（内国株式）,ガラス・土石製品,建設・資材,-,E35497,日本インシュレーション株式会社,3月末日,有
5380,新東,スタンダード（内国株式）,ガラス・土石製品,建設・資材,-,E01219,新東株式会社,6月30日,有
5381,マイポックス,スタンダード（内国株式）,ガラス・土石製品,建設・資材,-,E01218,マイポックス株式会社,3月31日,有
5384,フジミインコーポレーテッド,プライム（内国株式）,ガラス・土石製品,建設・資材,TOPIX Small 1,E01207,株式会社フジミインコーポレーテッド,3月31日,有
5388,クニミネ工業,スタンダード（内国株式）,ガラス・土石製品,建設・資材,-,E01195,クニミネ工業株式会社,3月31日,有
5391,エーアンドエーマテリアル,スタンダード（内国株式）,ガラス・土石製品,建設・資材,-,E01163,株式会社エーアンドエーマテリアル,3月31日,有
5393,ニチアス,プライム（内国株式）,ガラス・土石製品,建設・資材,TOPIX Mid400,E01151,ニチアス株式会社,3月31日,有
5401,日本製鉄,プライム（内国株式）,鉄鋼,鉄鋼・非鉄,TOPIX Large70,E01225,日本製鉄株式会社,3月31日,有
5406,神戸製鋼所,プライム（内国株式）,鉄鋼,鉄鋼・非鉄,TOPIX Mid400,E01231,株式会社　神戸製鋼所,3月31日,有
5408,中山製鋼所,プライム（内国株式）,鉄鋼,鉄鋼・非鉄,TOPIX Small 2,E01229,株式会社中山製鋼所,3月31日,有
5410,合同製鐵,プライム（内国株式）,鉄鋼,鉄鋼・非鉄,TOPIX Small 1,E01235,合同製鐵株式会社,3月31日,有
5411,ＪＦＥホールディングス,プライム（内国株式）,鉄鋼,鉄鋼・非鉄,TOPIX Mid400,E01264,ＪＦＥホールディングス株式会社,3月31日,有
5423,東京製鐵,プライム（内国株式）,鉄鋼,鉄鋼・非鉄,TOPIX Small 1,E01261,東京製鐵株式会社,3月31日,無
543A,ＡＲＣＨＩＯＮ,プライム（内国株式）,輸送用機器,自動車・輸送機,TOPIX Small 1,E41130,ＡＲＣＨＩＯＮ株式会社,3月31日,有
5440,共英製鋼,プライム（内国株式）,鉄鋼,鉄鋼・非鉄,TOPIX Small 1,E01266,共英製鋼株式会社,3月31日,有
5444,大和工業,プライム（内国株式）,鉄鋼,鉄鋼・非鉄,TOPIX Mid400,E01259,大和工業株式会社,3月31日,有
5445,東京鐵鋼,プライム（内国株式）,鉄鋼,鉄鋼・非鉄,TOPIX Small 1,E01292,東京鐵鋼株式会社,3月31日,有
5446,北越メタル,スタンダード（内国株式）,鉄鋼,鉄鋼・非鉄,-,E01260,北越メタル株式会社,3月31日,有
5449,大阪製鐵,スタンダード（内国株式）,鉄鋼,鉄鋼・非鉄,TOPIX Small 2,E01262,大阪製鐵株式会社,3月31日,無
544A,ＧＭＳグループ,プライム（内国株式）,機械,機械,TOPIX Small 2,E41354,ＧＭＳグループ株式会社,3月31日,有
5451,ヨドコウ,プライム（内国株式）,鉄鋼,鉄鋼・非鉄,TOPIX Small 1,E01247,株式会社ヨドコウ,3月31日,有
5458,高砂鐵工,スタンダード（内国株式）,鉄鋼,鉄鋼・非鉄,-,E01275,高砂鐵工株式会社,3月31日,有
545A,トランヴィア,プライム（内国株式）,情報・通信業,情報通信・サービスその他,TOPIX Small 2,E41323,株式会社トランヴィア,3月31日,有
5461,中部鋼鈑,プライム（内国株式）,鉄鋼,鉄鋼・非鉄,TOPIX Small 1,E01251,中部鋼鈑株式会社,3月31日,有
5463,丸一鋼管,プライム（内国株式）,鉄鋼,鉄鋼・非鉄,TOPIX Mid400,E01253,丸一鋼管株式会社,3月31日,有
5464,モリ工業,スタンダード（内国株式）,鉄鋼,鉄鋼・非鉄,TOPIX Small 2,E01315,モリ工業株式会社,3月31日,有
546A,ＭＩＲＡＩＮＩホールディングス,プライム（内国株式）,卸売業,商社・卸売,TOPIX Small 2,E41235,ＭＩＲＡＩＮＩホールディングス株式会社,3月31日,有
5471,大同特殊鋼,プライム（内国株式）,鉄鋼,鉄鋼・非鉄,TOPIX Mid400,E01239,大同特殊鋼株式会社,3月31日,有
547A,ムニノバホールディングス,プライム（内国株式）,その他金融業,金融（除く銀行）,TOPIX Small 1,E40729,ムニノバホールディングス株式会社,3月31日,有
5480,日本冶金工業,プライム（内国株式）,鉄鋼,鉄鋼・非鉄,TOPIX Small 1,E01242,日本冶金工業株式会社,3月31日,有
5482,愛知製鋼,プライム（内国株式）,鉄鋼,鉄鋼・非鉄,TOPIX Small 1,E01234,愛知製鋼株式会社,3月31日,有
5484,東北特殊鋼,スタンダード（内国株式）,鉄鋼,鉄鋼・非鉄,-,E01245,東北特殊鋼株式会社,3月31日,有
548A,システムエグゼ,スタンダード（内国株式）,情報・通信業,情報通信・サービスその他,-,E41485,株式会社システムエグゼ,3月31日,有
5491,日本金属,スタンダード（内国株式）,鉄鋼,鉄鋼・非鉄,-,E01276,日本金属株式会社,3月31日,有
549A,ヒトトヒトホールディングス,スタンダード（内国株式）,サービス業,情報通信・サービスその他,-,E41452,ヒトトヒトホールディングス株式会社,3月末日,有
550A,ソフトテックス,スタンダード（内国株式）,情報・通信業,情報通信・サービスその他,-,E41331,株式会社ソフトテックス,3月31日,無
5533,エリッツホールディングス,スタンダード（内国株式）,不動産業,不動産,-,E38634,株式会社エリッツホールディングス,9月30日,有
5535,ミガロホールディングス,プライム（内国株式）,不動産業,不動産,-,E38760,ミガロホールディングス株式会社,3月末日,有
5541,大平洋金属,プライム（内国株式）,鉄鋼,鉄鋼・非鉄,TOPIX Small 2,E01254,大平洋金属株式会社,3月31日,有
5542,新報国マテリアル,スタンダード（内国株式）,鉄鋼,鉄鋼・非鉄,-,E01257,新報国マテリアル株式会社,12月31日,無
5563,新日本電工,プライム（内国株式）,鉄鋼,鉄鋼・非鉄,TOPIX Small 1,E01256,新日本電工株式会社,12月31日,有
5571,エキサイトホールディングス,スタンダード（内国株式）,情報・通信業,情報通信・サービスその他,-,E34326,エキサイトホールディングス株式会社,3月31日,有
5576,オービーシステム,スタンダード（内国株式）,情報・通信業,情報通信・サービスその他,-,E38645,株式会社オービーシステム,3月31日,有
5589,オートサーバー,スタンダード（内国株式）,情報・通信業,情報通信・サービスその他,-,E38919,株式会社オートサーバー,12月31日,無
559A,梅乃宿酒造,スタンダード（内国株式）,食料品,食品,-,E40689,梅乃宿酒造株式会社,6月末日,無
5602,栗本鐵工所,プライム（内国株式）,鉄鋼,鉄鋼・非鉄,TOPIX Small 1,E01268,株式会社栗本鐵工所,3月31日,有
5603,虹技,スタンダード（内国株式）,鉄鋼,鉄鋼・非鉄,-,E01269,虹技株式会社,3月31日,有
5609,日本鋳造,スタンダード（内国株式）,鉄鋼,鉄鋼・非鉄,-,E01236,日本鋳造株式会社,3月31日,無
5612,日本鋳鉄管,スタンダード（内国株式）,鉄鋼,鉄鋼・非鉄,-,E01283,日本鋳鉄管株式会社,3月31日,有
5631,日本製鋼所,プライム（内国株式）,機械,機械,TOPIX Mid400,E01232,株式会社日本製鋼所,3月31日,有
5632,三菱製鋼,プライム（内国株式）,鉄鋼,鉄鋼・非鉄,TOPIX Small 2,E01233,三菱製鋼株式会社,3月31日,有
5644,メタルアート,スタンダード（内国株式）,鉄鋼,鉄鋼・非鉄,-,E02185,株式会社メタルアート,3月31日,有
5658,日亜鋼業,スタンダード（内国株式）,鉄鋼,鉄鋼・非鉄,-,E01287,日亜鋼業株式会社,3月31日,有
5659,日本精線,プライム（内国株式）,鉄鋼,鉄鋼・非鉄,TOPIX Small 2,E01280,日本精線株式会社,3月31日,有
5660,神鋼鋼線工業,スタンダード（内国株式）,鉄鋼,鉄鋼・非鉄,-,E01282,神鋼鋼線工業株式会社,3月31日,有
5695,パウダーテック,スタンダード（内国株式）,鉄鋼,鉄鋼・非鉄,-,E01294,パウダーテック株式会社,3月31日,有
5697,サンユウ,スタンダード（内国株式）,鉄鋼,鉄鋼・非鉄,-,E01296,株式会社サンユウ,3月31日,有
5698,エンビプロ・ホールディングス,スタンダード（内国株式）,鉄鋼,鉄鋼・非鉄,TOPIX Small 2,E27868,株式会社エンビプロ・ホールディングス,6月30日,有
5699,イボキン,スタンダード（内国株式）,鉄鋼,鉄鋼・非鉄,-,E34130,株式会社イボキン,12月末日,有
5702,大紀アルミニウム工業所,プライム（内国株式）,非鉄金属,鉄鋼・非鉄,TOPIX Small 1,E01318,株式会社大紀アルミニウム工業所,3月31日,有
5703,日本軽金属ホールディングス,プライム（内国株式）,非鉄金属,鉄鋼・非鉄,TOPIX Small 1,E26707,日本軽金属ホールディングス株式会社,3月末日,有
5706,三井金属,プライム（内国株式）,非鉄金属,鉄鋼・非鉄,TOPIX Mid400,E00024,三井金属株式会社,3月31日,有
5707,東邦亜鉛,プライム（内国株式）,非鉄金属,鉄鋼・非鉄,TOPIX Small 2,E01308,東邦亜鉛株式会社,3月31日,有
5711,三菱マテリアル,プライム（内国株式）,非鉄金属,鉄鋼・非鉄,TOPIX Mid400,E00021,三菱マテリアル株式会社,3月31日,有
5713,住友金属鉱山,プライム（内国株式）,非鉄金属,鉄鋼・非鉄,TOPIX Mid400,E00023,住友金属鉱山株式会社,3月31日,有
5714,ＤＯＷＡホールディングス,プライム（内国株式）,非鉄金属,鉄鋼・非鉄,TOPIX Mid400,E00028,ＤＯＷＡホールディングス株式会社,3月31日,有
5715,古河機械金属,プライム（内国株式）,非鉄金属,鉄鋼・非鉄,TOPIX Small 1,E00032,古河機械金属株式会社,3月31日,有
5721,エスクリプトエナジー,スタンダード（内国株式）,非鉄金属,鉄鋼・非鉄,-,E01300,エスクリプトエナジー株式会社,3月31日,無
5724,アサカ理研,スタンダード（内国株式）,非鉄金属,鉄鋼・非鉄,-,E21649,株式会社アサカ理研,9月30日,有
5726,大阪チタニウムテクノロジーズ,プライム（内国株式）,非鉄金属,鉄鋼・非鉄,TOPIX Small 1,E01327,株式会社大阪チタニウムテクノロジーズ,3月31日,無
5729,日本精鉱,スタンダード（内国株式）,非鉄金属,鉄鋼・非鉄,-,E00026,日本精鉱株式会社,3月31日,有
5741,ＵＡＣＪ,プライム（内国株式）,非鉄金属,鉄鋼・非鉄,TOPIX Small 1,E01330,株式会社ＵＡＣＪ,3月31日,有
5742,エヌアイシ・オートテック,スタンダード（内国株式）,非鉄金属,鉄鋼・非鉄,-,E01331,エヌアイシ・オートテック株式会社,3月31日,有
5753,日本伸銅,スタンダード（内国株式）,非鉄金属,鉄鋼・非鉄,-,E01305,日本伸銅株式会社,3月31日,無
5757,ＣＫサンエツ,プライム（内国株式）,非鉄金属,鉄鋼・非鉄,TOPIX Small 2,E01321,株式会社ＣＫサンエツ,3月31日,有
575A,前澤ホールディングス,プライム（内国株式）,機械,機械,TOPIX Small 2,E41495,前澤ホールディングス株式会社,3月31日,有
5801,古河電気工業,プライム（内国株式）,非鉄金属,鉄鋼・非鉄,TOPIX Mid400,E01332,古河電気工業株式会社,3月31日,有
5802,住友電気工業,プライム（内国株式）,非鉄金属,鉄鋼・非鉄,TOPIX Large70,E01333,住友電気工業株式会社,3月31日,有
5803,フジクラ,プライム（内国株式）,非鉄金属,鉄鋼・非鉄,TOPIX Large70,E01334,株式会社フジクラ,3月31日,有
5805,ＳＷＣＣ,プライム（内国株式）,非鉄金属,鉄鋼・非鉄,TOPIX Small 1,E01336,ＳＷＣＣ株式会社,3月31日,有
5816,オーナンバ,スタンダード（内国株式）,非鉄金属,鉄鋼・非鉄,-,E00846,オーナンバ株式会社,12月31日,有
5817,ＪＭＡＣＳ,スタンダード（内国株式）,非鉄金属,鉄鋼・非鉄,-,E01348,ＪＭＡＣＳ株式会社,2月末日,無
5819,カナレ電気,スタンダード（内国株式）,非鉄金属,鉄鋼・非鉄,-,E01350,カナレ電気株式会社,12月31日,有
5820,三ッ星,スタンダード（内国株式）,非鉄金属,鉄鋼・非鉄,-,E01351,株式会社三ッ星,3月31日,有
5821,平河ヒューテック,プライム（内国株式）,非鉄金属,鉄鋼・非鉄,TOPIX Small 2,E01352,平河ヒューテック株式会社,3月31日,有
5830,いよぎんホールディングス,プライム（内国株式）,銀行業,銀行,TOPIX Mid400,E37725,株式会社いよぎんホールディングス,3月31日,有
5831,しずおかフィナンシャルグループ,プライム（内国株式）,銀行業,銀行,TOPIX Mid400,E37777,株式会社しずおかフィナンシャルグループ,3月31日,有
5832,ちゅうぎんフィナンシャルグループ,プライム（内国株式）,銀行業,銀行,TOPIX Mid400,E37785,株式会社ちゅうぎんフィナンシャルグループ,3月31日,有
5838,楽天銀行,プライム（内国株式）,銀行業,銀行,TOPIX Mid400,E03621,楽天銀行株式会社,3月31日,有
5843,ニッポンインシュア,スタンダード（内国株式）,その他金融業,金融（除く銀行）,-,E38716,ニッポンインシュア株式会社,9月末日,無
5844,京都フィナンシャルグループ,プライム（内国株式）,銀行業,銀行,TOPIX Mid400,E38714,株式会社京都フィナンシャルグループ,3月31日,有
5845,全保連,スタンダード（内国株式）,その他金融業,金融（除く銀行）,-,E39018,全保連株式会社,3月末日,無
5851,リョービ,プライム（内国株式）,非鉄金属,鉄鋼・非鉄,TOPIX Small 1,E01379,リョービ株式会社,12月31日,有
5852,アーレスティ,プライム（内国株式）,非鉄金属,鉄鋼・非鉄,-,E01303,株式会社アーレスティ,3月31日,有
5857,ＡＲＥホールディングス,プライム（内国株式）,非鉄金属,鉄鋼・非鉄,TOPIX Small 1,E21187,ＡＲＥホールディングス株式会社,3月31日,有
5868,ロココ,スタンダード（内国株式）,サービス業,情報通信・サービスその他,-,E39136,株式会社ロココ,12月31日,有
5869,早稲田学習研究会,スタンダード（内国株式）,サービス業,情報通信・サービスその他,-,E39165,株式会社早稲田学習研究会,5月31日,無
5871,ＳＯＬＩＺＥ　Ｈｏｌｄｉｎｇｓ,スタンダード（内国株式）,サービス業,情報通信・サービスその他,-,E35118,ＳＯＬＩＺＥ　Ｈｏｌｄｉｎｇｓ株式会社,12月末日,有
5885,ジーデップ・アドバンス,スタンダード（内国株式）,卸売業,商社・卸売,-,E38684,株式会社ジーデップ・アドバンス,5月31日,無
5889,Ｊａｐａｎ　Ｅｙｅｗｅａｒ　Ｈｏｌｄｉｎｇｓ,プライム（内国株式）,小売業,小売,TOPIX Small 2,E39074,Ｊａｐａｎ　Ｅｙｅｗｅａｒ　Ｈｏｌｄｉｎｇｓ株式会社,1月31日,有
5891,魁力屋,スタンダード（内国株式）,小売業,小売,-,E39133,株式会社ＳＡＫＩＧＡＫＥホールディングス,12月31日,有
5900,ダイケン,スタンダード（内国株式）,金属製品,建設・資材,-,E01325,株式会社ダイケン,2月末日,無
5901,東洋製罐グループホールディングス,プライム（内国株式）,金属製品,建設・資材,TOPIX Mid400,E01353,東洋製罐グループホールディングス株式会社,3月31日,有
5902,ホッカンホールディングス,プライム（内国株式）,金属製品,建設・資材,TOPIX Small 2,E01354,ホッカンホールディングス株式会社,3月31日,有
5903,シンポ,スタンダード（内国株式）,金属製品,建設・資材,-,E02448,シンポ株式会社,6月30日,有
5905,日本製罐,スタンダード（内国株式）,金属製品,建設・資材,-,E01408,日本製罐株式会社,3月31日,有
5906,エムケー精工,スタンダード（内国株式）,金属製品,建設・資材,-,E02409,エムケー精工株式会社,3月20日,有
5909,コロナ,スタンダード（内国株式）,金属製品,建設・資材,TOPIX Small 2,E01444,株式会社　コロナ,3月31日,有
5911,横河ブリッジホールディングス,プライム（内国株式）,金属製品,建設・資材,TOPIX Small 1,E01355,株式会社横河ブリッジホールディングス,3月31日,有
5915,駒井ハルテック,スタンダード（内国株式）,金属製品,建設・資材,-,E01362,株式会社駒井ハルテック,3月31日,有
5918,瀧上工業,スタンダード（内国株式）,金属製品,建設・資材,-,E01364,瀧上工業株式会社,3月31日,有
5921,川岸工業,スタンダード（内国株式）,金属製品,建設・資材,-,E01381,川岸工業株式会社,9月30日,無
5922,那須電機鉄工,スタンダード（内国株式）,金属製品,建設・資材,-,E01365,那須電機鉄工株式会社,3月31日,有
5923,高田機工,スタンダード（内国株式）,金属製品,建設・資材,-,E01373,高田機工株式会社,3月31日,無
5928,アルメタックス,スタンダード（内国株式）,金属製品,建設・資材,-,E01320,アルメタックス株式会社,3月31日,無
5929,三和ホールディングス,プライム（内国株式）,金属製品,建設・資材,TOPIX Mid400,E01385,三和ホールディングス株式会社,3月31日,有
5930,文化シヤッター,プライム（内国株式）,金属製品,建設・資材,TOPIX Small 1,E01413,文化シヤッター株式会社,3月31日,有
5932,三協立山,プライム（内国株式）,金属製品,建設・資材,TOPIX Small 2,E26831,三協立山株式会社,5月31日,有
5933,アルインコ,プライム（内国株式）,金属製品,建設・資材,TOPIX Small 2,E01430,アルインコ株式会社,3月20日,有
5936,東洋シヤッター,スタンダード（内国株式）,金属製品,建設・資材,-,E01415,東洋シヤッター株式会社,3月31日,有
5938,ＬＩＸＩＬ,プライム（内国株式）,金属製品,建設・資材,TOPIX Mid400,E01317,株式会社ＬＩＸＩＬ,3月31日,有
5939,大谷工業,スタンダード（内国株式）,金属製品,建設・資材,-,E01425,株式会社大谷工業,3月31日,無
5940,不二サッシ,スタンダード（内国株式）,金属製品,建設・資材,-,E01422,不二サッシ株式会社,3月31日,有
5941,中西製作所,スタンダード（内国株式）,金属製品,建設・資材,-,E01445,株式会社　中西製作所,3月31日,有
5942,日本フイルコン,スタンダード（内国株式）,金属製品,建設・資材,-,E01370,日本フイルコン株式会社,11月30日,有
5943,ノーリツ,プライム（内国株式）,金属製品,建設・資材,TOPIX Small 1,E02379,株式会社ノーリツ,12月31日,有
5945,天龍製鋸,スタンダード（内国株式）,金属製品,建設・資材,-,E01426,天龍製鋸株式会社,3月31日,有
5946,長府製作所,プライム（内国株式）,金属製品,建設・資材,TOPIX Small 2,E01659,株式会社長府製作所,12月31日,有
5947,リンナイ,プライム（内国株式）,金属製品,建設・資材,TOPIX Mid400,E01417,リンナイ株式会社,3月31日,有
5949,ユニプレス,プライム（内国株式）,輸送用機器,自動車・輸送機,TOPIX Small 1,E02194,ユニプレス株式会社,3月31日,有
5950,日本パワーファスニング,スタンダード（内国株式）,金属製品,建設・資材,-,E01421,日本パワーファスニング株式会社,12月31日,有
5951,ダイニチ工業,スタンダード（内国株式）,金属製品,建設・資材,-,E01427,ダイニチ工業株式会社,3月31日,無
5952,アマテイ,スタンダード（内国株式）,金属製品,建設・資材,-,E01368,アマテイ株式会社,3月31日,有
5955,ワイズホールディングス,スタンダード（内国株式）,金属製品,建設・資材,-,E01369,株式会社ワイズホールディングス,3月31日,有
5956,トーソー,スタンダード（内国株式）,金属製品,建設・資材,-,E02442,トーソー株式会社,3月31日,有
5957,日東精工,プライム（内国株式）,金属製品,建設・資材,TOPIX Small 2,E02296,日東精工株式会社,12月31日,有
5958,三洋工業,スタンダード（内国株式）,金属製品,建設・資材,-,E01409,三洋工業株式会社,3月31日,有
5959,岡部,プライム（内国株式）,金属製品,建設・資材,TOPIX Small 2,E01412,岡部株式会社,12月31日,有
5962,浅香工業,スタンダード（内国株式）,その他製品,情報通信・サービスその他,-,E01391,浅香工業株式会社,3月31日,無
5965,フジマック,スタンダード（内国株式）,金属製品,建設・資材,-,E02445,株式会社フジマック,12月31日,有
5966,京都機械工具,スタンダード（内国株式）,金属製品,建設・資材,-,E01420,京都機械工具株式会社,3月31日,有
5967,ＴＯＮＥ,スタンダード（内国株式）,金属製品,建設・資材,-,E01380,ＴＯＮＥ株式会社,5月31日,有
5969,ロブテックス,スタンダード（内国株式）,金属製品,建設・資材,-,E01403,株式会社ロブテックス,3月31日,有
5970,ジーテクト,プライム（内国株式）,金属製品,建設・資材,TOPIX Small 1,E02228,株式会社ジーテクト,3月31日,有
5971,共和工業所,スタンダード（内国株式）,金属製品,建設・資材,-,E01442,株式会社共和工業所,4月30日,有
5973,トーアミ,スタンダード（内国株式）,金属製品,建設・資材,-,E01441,株式会社トーアミ,3月31日,有
5974,中国工業,スタンダード（内国株式）,金属製品,建設・資材,-,E01366,中国工業株式会社,3月31日,有
5975,東プレ,プライム（内国株式）,金属製品,建設・資材,TOPIX Small 1,E01382,東プレ株式会社,3月31日,有
5976,高周波熱錬,プライム（内国株式）,金属製品,建設・資材,TOPIX Small 2,E01400,高周波熱錬株式会社,3月31日,有
5981,東京製綱,プライム（内国株式）,金属製品,建設・資材,TOPIX Small 2,E01378,東京製綱株式会社,3月31日,有
5982,マルゼン,スタンダード（内国株式）,金属製品,建設・資材,-,E02438,株式会社マルゼン,2月末日,有
5983,イワブチ,スタンダード（内国株式）,金属製品,建設・資材,-,E01439,イワブチ株式会社,3月31日,有
5984,兼房,スタンダード（内国株式）,金属製品,建設・資材,-,E01437,兼房株式会社,3月31日,有
5985,サンコール,スタンダード（内国株式）,金属製品,建設・資材,TOPIX Small 2,E01402,サンコール株式会社,3月31日,有
5986,モリテック　スチール,スタンダード（内国株式）,金属製品,建設・資材,-,E01411,モリテックスチール株式会社,3月31日,有
5987,オーネックス,スタンダード（内国株式）,金属製品,建設・資材,-,E01446,株式会社オーネックス,6月30日,有
5988,パイオラックス,プライム（内国株式）,金属製品,建設・資材,TOPIX Small 1,E01438,株式会社パイオラックス,3月31日,有
5989,エイチワン,プライム（内国株式）,金属製品,建設・資材,TOPIX Small 2,E02222,株式会社エイチワン,3月31日,有
5990,スーパーツール,スタンダード（内国株式）,金属製品,建設・資材,-,E01435,株式会社スーパーツール,3月15日,有
5991,日本発條,プライム（内国株式）,金属製品,建設・資材,TOPIX Mid400,E01367,日本発條株式会社,3月31日,有
5992,中央発條,スタンダード（内国株式）,金属製品,建設・資材,TOPIX Small 2,E01405,中央発條株式会社,3月31日,有
5994,ファインシンター,スタンダード（内国株式）,金属製品,建設・資材,-,E01396,株式会社ファインシンター,3月31日,有
5997,協立エアテック,スタンダード（内国株式）,金属製品,建設・資材,-,E01431,協立エアテック株式会社,12月31日,有
5998,アドバネクス,スタンダード（内国株式）,金属製品,建設・資材,-,E01393,株式会社　アドバネクス,3月31日,有
6005,三浦工業,プライム（内国株式）,機械,機械,TOPIX Mid400,E01478,三浦工業株式会社,3月31日,有
6013,タクマ,プライム（内国株式）,機械,機械,TOPIX Small 1,E01469,株式会社タクマ,3月31日,有
6016,ジャパンエンジンコーポレーション,スタンダード（内国株式）,輸送用機器,自動車・輸送機,-,E01474,株式会社ジャパンエンジンコーポレーション,3月31日,無
6018,阪神内燃機工業,スタンダード（内国株式）,輸送用機器,自動車・輸送機,-,E01471,阪神内燃機工業株式会社,3月31日,無
6022,赤阪鐵工所,スタンダード（内国株式）,機械,機械,-,E01475,株式会社　赤阪鐵工所,3月31日,無
6023,ダイハツインフィニアース,スタンダード（内国株式）,輸送用機器,自動車・輸送機,-,E01477,ダイハツインフィニアース株式会社,3月31日,有
6027,弁護士ドットコム,プライム（内国株式）,サービス業,情報通信・サービスその他,TOPIX Small 2,E31009,弁護士ドットコム株式会社,3月末日,無
6029,アトラグループ,スタンダード（内国株式）,サービス業,情報通信・サービスその他,-,E30998,アトラグループ株式会社,12月31日,有
6035,アイ・アールジャパンホールディングス,スタンダード（内国株式）,サービス業,情報通信・サービスその他,TOPIX Small 2,E31054,株式会社アイ・アールジャパンホールディングス,3月31日,有
6036,ＫｅｅＰｅｒ技研,プライム（内国株式）,サービス業,情報通信・サービスその他,TOPIX Small 1,E31216,ＫｅｅＰｅｒ技研株式会社,6月30日,無
6037,楽待,スタンダード（内国株式）,サービス業,情報通信・サービスその他,-,E31248,楽待株式会社,7月31日,無
6042,ニッキ,スタンダード（内国株式）,輸送用機器,自動車・輸送機,-,E02171,株式会社ニッキ,3月31日,有
6044,三機サービス,スタンダード（内国株式）,サービス業,情報通信・サービスその他,-,E31379,株式会社三機サービス,5月31日,有
6046,リンクバル,スタンダード（内国株式）,サービス業,情報通信・サービスその他,-,E31448,株式会社リンクバル,9月30日,有
6047,Ｇｕｎｏｓｙ,スタンダード（内国株式）,サービス業,情報通信・サービスその他,TOPIX Small 2,E31454,株式会社Ｇｕｎｏｓｙ,5月31日,有
6050,イー・ガーディアン,プライム（内国株式）,サービス業,情報通信・サービスその他,TOPIX Small 2,E24917,イー・ガーディアン株式会社,9月末日,有
6054,リブセンス,スタンダード（内国株式）,サービス業,情報通信・サービスその他,-,E26032,株式会社リブセンス,12月末日,有
6055,ジャパンマテリアル,プライム（内国株式）,サービス業,情報通信・サービスその他,TOPIX Small 1,E26124,ジャパンマテリアル株式会社,3月31日,有
6058,ベクトル,プライム（内国株式）,サービス業,情報通信・サービスその他,TOPIX Small 2,E26428,株式会社ベクトル,2月末日,有
6059,ウチヤマホールディングス,スタンダード（内国株式）,サービス業,情報通信・サービスその他,-,E26454,株式会社ウチヤマホールディングス,3月31日,有
6061,ユニバーサル園芸社,スタンダード（内国株式）,サービス業,情報通信・サービスその他,-,E26446,株式会社ユニバーサル園芸社,6月30日,有
6062,チャーム・ケア・コーポレーション,プライム（内国株式）,サービス業,情報通信・サービスその他,TOPIX Small 2,E26444,株式会社チャーム・ケア・コーポレーション,6月末日,有
6063,日本エマージェンシーアシスタンス,スタンダード（内国株式）,サービス業,情報通信・サービスその他,-,E26625,日本エマージェンシーアシスタンス株式会社,12月31日,有
6070,キャリアリンク,プライム（内国株式）,サービス業,情報通信・サービスその他,TOPIX Small 2,E26839,キャリアリンク株式会社,3月末日,有
6071,ＩＢＪ,プライム（内国株式）,サービス業,情報通信・サービスその他,TOPIX Small 2,E27066,株式会社ＩＢＪ,12月31日,有
6072,地盤ネットホールディングス,スタンダード（内国株式）,サービス業,情報通信・サービスその他,-,E27059,地盤ネットホールディングス株式会社,3月31日,有
6073,アサンテ,プライム（内国株式）,サービス業,情報通信・サービスその他,TOPIX Small 2,E27303,株式会社アサンテ,3月31日,有
6074,ジェイエスエス,スタンダード（内国株式）,サービス業,情報通信・サービスその他,-,E27506,株式会社ジェイエスエス,3月末日,無
6078,バリューＨＲ,プライム（内国株式）,サービス業,情報通信・サービスその他,TOPIX Small 2,E22470,株式会社バリューＨＲ,12月末日,有
6080,Ｍ＆Ａキャピタルパートナーズ,プライム（内国株式）,サービス業,情報通信・サービスその他,TOPIX Small 1,E30022,Ｍ＆Ａキャピタルパートナーズ株式会社,9月30日,有
6082,ライドオンエクスプレスホールディングス,スタンダード（内国株式）,サービス業,情報通信・サービスその他,TOPIX Small 2,E30065,株式会社ライドオンエクスプレスホールディングス,3月末日,無
6083,ＥＲＩホールディングス,スタンダード（内国株式）,サービス業,情報通信・サービスその他,-,E27855,ＥＲＩホールディングス株式会社,5月31日,有
6087,アビスト,スタンダード（内国株式）,サービス業,情報通信・サービスその他,-,E27043,株式会社アビスト,9月30日,有
6088,シグマクシス・ホールディングス,プライム（内国株式）,サービス業,情報通信・サービスその他,TOPIX Small 1,E30130,株式会社シグマクシス・ホールディングス,3月31日,有
6089,ウィルグループ,プライム（内国株式）,サービス業,情報通信・サービスその他,TOPIX Small 2,E30140,株式会社ウィルグループ,3月末日,有
6090,ヒューマン・メタボローム・テクノロジーズ,スタンダード（内国株式）,サービス業,情報通信・サービスその他,-,E30071,ヒューマン・メタボローム・テクノロジーズ株式会社,6月30日,有
6091,ウエスコホールディングス,スタンダード（内国株式）,サービス業,情報通信・サービスその他,-,E30042,株式会社ウエスコホールディングス,7月31日,有
6092,エンバイオ・ホールディングス,スタンダード（内国株式）,サービス業,情報通信・サービスその他,-,E30445,株式会社エンバイオ・ホールディングス,3月末日,有
6093,ミトラグループ,スタンダード（内国株式）,サービス業,情報通信・サービスその他,-,E30476,ミトラグループ株式会社,2月末日,有
6096,レアジョブ,スタンダード（内国株式）,サービス業,情報通信・サービスその他,-,E30682,株式会社レアジョブ,3月31日,有
6098,リクルートホールディングス,プライム（内国株式）,サービス業,情報通信・サービスその他,TOPIX Core30,E07801,株式会社リクルートホールディングス,3月31日,有
6099,エラン,プライム（内国株式）,サービス業,情報通信・サービスその他,TOPIX Small 2,E30929,株式会社エラン,12月31日,無
6101,ツガミ,プライム（内国株式）,機械,機械,TOPIX Small 1,E01480,株式会社ツガミ,3月31日,有
6103,オークマ,プライム（内国株式）,機械,機械,TOPIX Small 1,E01481,オークマ株式会社,3月31日,有
6104,芝浦機械,プライム（内国株式）,機械,機械,TOPIX Small 1,E01482,芝浦機械株式会社,3月31日,有
6113,アマダ,プライム（内国株式）,機械,機械,TOPIX Mid400,E01486,株式会社アマダ,3月31日,有
6118,アイダエンジニアリング,プライム（内国株式）,機械,機械,TOPIX Small 1,E01545,アイダエンジニアリング株式会社,3月31日,有
6125,岡本工作機械製作所,スタンダード（内国株式）,機械,機械,-,E01493,株式会社岡本工作機械製作所,3月31日,有
6134,ＦＵＪＩ,プライム（内国株式）,機械,機械,TOPIX Mid400,E01495,株式会社ＦＵＪＩ,3月31日,有
6135,牧野フライス製作所,プライム（内国株式）,機械,機械,TOPIX Small 1,E01496,株式会社　牧野フライス製作所,3月31日,有
6136,オーエスジー,プライム（内国株式）,機械,機械,TOPIX Mid400,E01377,オーエスジー株式会社,11月30日,有
6137,小池酸素工業,スタンダード（内国株式）,機械,機械,-,E00794,小池酸素工業株式会社,3月31日,有
6138,ダイジェット工業,スタンダード（内国株式）,機械,機械,-,E01488,ダイジェット工業株式会社,3月31日,有
6140,旭ダイヤモンド工業,プライム（内国株式）,機械,機械,TOPIX Small 1,E01499,旭ダイヤモンド工業株式会社,3月31日,有
6141,ＤＭＧ森精機,プライム（内国株式）,機械,機械,TOPIX Mid400,E01502,ＤＭＧ森精機株式会社,12月31日,有
6143,ソディック,プライム（内国株式）,機械,機械,TOPIX Small 1,E01504,株式会社ソディック,12月31日,有
6144,西部電機,スタンダード（内国株式）,機械,機械,-,E01930,西部電機株式会社,3月31日,有
6145,ＮＩＴＴＯＫＵ,スタンダード（内国株式）,機械,機械,-,E01981,ＮＩＴＴＯＫＵ株式会社,3月31日,有
6146,ディスコ,プライム（内国株式）,機械,機械,TOPIX Large70,E01506,株式会社ディスコ,3月31日,有
6147,ヤマザキ,スタンダード（内国株式）,機械,機械,-,E01507,株式会社ヤマザキ,3月31日,有
6149,小田原エンジニアリング,スタンダード（内国株式）,機械,機械,-,E01692,株式会社小田原エンジニアリング,12月31日,有
6150,タケダ機械,スタンダード（内国株式）,機械,機械,-,E01508,タケダ機械株式会社,5月31日,有
6151,日東工器,プライム（内国株式）,機械,機械,TOPIX Small 2,E01509,日東工器株式会社,3月31日,有
6155,高松機械工業,スタンダード（内国株式）,機械,機械,-,E01510,高松機械工業株式会社,3月31日,有
6156,エーワン精密,スタンダード（内国株式）,機械,機械,-,E02343,株式会社エーワン精密,6月30日,無
6157,日進工具,スタンダード（内国株式）,機械,機械,TOPIX Small 2,E01729,日進工具株式会社,3月31日,有
6158,和井田製作所,スタンダード（内国株式）,機械,機械,-,E01511,株式会社和井田製作所,3月31日,有
6159,ミクロン精密,スタンダード（内国株式）,機械,機械,-,E02478,ミクロン精密株式会社,8月31日,有
6161,エスティック,スタンダード（内国株式）,機械,機械,-,E01730,株式会社エスティック,3月20日,有
6165,パンチ工業,スタンダード（内国株式）,機械,機械,-,E27063,パンチ工業株式会社,3月末日,有
6167,冨士ダイス,プライム（内国株式）,機械,機械,TOPIX Small 2,E31594,冨士ダイス株式会社,3月31日,有
6171,土木管理総合試験所,スタンダード（内国株式）,サービス業,情報通信・サービスその他,-,E31723,株式会社土木管理総合試験所,12月31日,無
6176,ブランジスタ,スタンダード（内国株式）,サービス業,情報通信・サービスその他,-,E31776,株式会社ブランジスタ,9月30日,有
6178,日本郵政,プライム（内国株式）,サービス業,情報通信・サービスその他,TOPIX Large70,E31748,日本郵政株式会社,3月31日,有
6183,ベルシステム２４ホールディングス,プライム（内国株式）,サービス業,情報通信・サービスその他,TOPIX Small 2,E31896,株式会社ベルシステム２４ホールディングス,2月末日,有
6184,鎌倉新書,プライム（内国株式）,サービス業,情報通信・サービスその他,TOPIX Small 2,E31871,株式会社鎌倉新書,1月31日,有
6185,ＳＭＮ,スタンダード（内国株式）,サービス業,情報通信・サービスその他,-,E31958,ＳＭＮ株式会社,3月末日,有
6186,一蔵,スタンダード（内国株式）,サービス業,情報通信・サービスその他,-,E31997,株式会社一蔵,3月31日,有
6189,グローバルキッズＣＯＭＰＡＮＹ,スタンダード（内国株式）,サービス業,情報通信・サービスその他,-,E32156,株式会社グローバルキッズＣＯＭＰＡＮＹ,9月30日,有
6191,エアトリ,プライム（内国株式）,サービス業,情報通信・サービスその他,TOPIX Small 2,E32194,株式会社エアトリ,9月末日,有
6194,アトラエ,プライム（内国株式）,サービス業,情報通信・サービスその他,TOPIX Small 2,E32400,株式会社アトラエ,9月末日,有
6196,ストライクグループ,プライム（内国株式）,サービス業,情報通信・サービスその他,TOPIX Small 1,E32380,株式会社ストライクグループ,9月30日,無
6197,ソラスト,プライム（内国株式）,サービス業,情報通信・サービスその他,TOPIX Small 2,E04878,株式会社ソラスト,3月31日,有
6199,セラク,スタンダード（内国株式）,情報・通信業,情報通信・サービスその他,TOPIX Small 2,E32397,株式会社セラク,8月31日,有
6200,インソース,プライム（内国株式）,サービス業,情報通信・サービスその他,TOPIX Small 1,E32495,株式会社インソース,9月30日,有
6203,豊和工業,スタンダード（内国株式）,機械,機械,-,E01515,豊和工業株式会社,3月31日,有
6208,石川製作所,スタンダード（内国株式）,機械,機械,-,E01518,株式会社石川製作所,3月31日,有
6209,リケンＮＰＲ,プライム（内国株式）,機械,機械,TOPIX Small 1,E38761,リケンＮＰＲ株式会社,3月31日,有
6217,津田駒工業,スタンダード（内国株式）,機械,機械,-,E01524,津田駒工業株式会社,11月30日,有
6218,エンシュウ,スタンダード（内国株式）,機械,機械,-,E01521,エンシュウ株式会社,3月31日,有
6222,島精機製作所,プライム（内国株式）,機械,機械,TOPIX Small 1,E01531,株式会社島精機製作所,3月31日,有
6223,西部技研,スタンダード（内国株式）,機械,機械,-,E38926,株式会社　西部技研,12月31日,有
6226,守谷輸送機工業,スタンダード（内国株式）,機械,機械,-,E37499,守谷輸送機工業株式会社,3月31日,無
6227,ＡＩメカテック,スタンダード（内国株式）,機械,機械,-,E36750,ＡＩメカテック株式会社,6月30日,有
6228,ジェイ・イー・ティ,スタンダード（内国株式）,機械,機械,-,E36545,株式会社ジェイ・イー・ティ,12月31日,有
6229,オーケーエム,スタンダード（内国株式）,機械,機械,-,E36098,株式会社オーケーエム,3月末日,有
6230,ＳＡＮＥＩ,スタンダード（内国株式）,機械,機械,-,E35587,ＳＡＮＥＩ株式会社,3月末日,有
6231,木村工機,スタンダード（内国株式）,機械,機械,-,E35449,木村工機株式会社,3月31日,無
6233,ＫＬＡＳＳ,スタンダード（内国株式）,機械,機械,-,E34273,ＫＬＡＳＳ株式会社,9月30日,有
6235,オプトラン,プライム（内国株式）,機械,機械,TOPIX Small 1,E33594,株式会社オプトラン,12月31日,有
6237,イワキポンプ,プライム（内国株式）,機械,機械,TOPIX Small 2,E32189,株式会社イワキ,3月31日,有
6238,フリュー,プライム（内国株式）,機械,機械,TOPIX Small 2,E11661,フリュー株式会社,3月31日,有
6239,ナガオカ,スタンダード（内国株式）,機械,機械,-,E31575,株式会社ナガオカ,6月30日,有
6240,ヤマシンフィルタ,プライム（内国株式）,機械,機械,TOPIX Small 2,E30917,ヤマシンフィルタ株式会社,3月31日,有
6245,ヒラノテクシード,スタンダード（内国株式）,機械,機械,-,E01548,株式会社ヒラノテクシード,3月31日,有
6246,テクノスマート,スタンダード（内国株式）,機械,機械,-,E01628,株式会社テクノスマート,3月31日,無
6247,日阪製作所,プライム（内国株式）,機械,機械,TOPIX Small 2,E01643,株式会社日阪製作所,3月31日,有
6248,横田製作所,スタンダード（内国株式）,機械,機械,-,E27530,株式会社横田製作所,3月31日,無
6249,ゲームカードホールディングス,スタンダード（内国株式）,機械,機械,-,E25169,株式会社ゲームカードホールディングス,3月31日,有
6250,やまびこ,プライム（内国株式）,機械,機械,TOPIX Small 1,E21258,株式会社やまびこ,12月31日,有
6254,野村マイクロ・サイエンス,プライム（内国株式）,機械,機械,TOPIX Small 1,E01735,野村マイクロ・サイエンス株式会社,3月31日,有
6257,藤商事,スタンダード（内国株式）,機械,機械,-,E02488,株式会社藤商事,3月31日,有
6258,平田機工,プライム（内国株式）,機械,機械,TOPIX Small 1,E01733,平田機工株式会社,3月31日,有
6262,ＰＥＧＡＳＵＳ,スタンダード（内国株式）,機械,機械,TOPIX Small 2,E01731,株式会社ＰＥＧＡＳＵＳ,3月31日,有
6264,マルマエ,プライム（内国株式）,機械,機械,TOPIX Small 2,E01465,株式会社マルマエ,8月31日,無
6265,コンバム,スタンダード（内国株式）,機械,機械,-,E01728,コンバム株式会社,12月31日,有
6266,タツモ,プライム（内国株式）,機械,機械,TOPIX Small 2,E02350,タツモ株式会社,12月31日,有
6267,ゼネラルパッカー,スタンダード（内国株式）,機械,機械,-,E02469,ゼネラルパッカー株式会社,7月31日,有
6268,ナブテスコ,プライム（内国株式）,機械,機械,TOPIX Mid400,E01726,ナブテスコ株式会社,12月31日,有
6269,三井海洋開発,プライム（内国株式）,機械,機械,TOPIX Mid400,E01725,三井海洋開発株式会社,12月31日,有
6272,レオン自動機,プライム（内国株式）,機械,機械,TOPIX Small 2,E01670,レオン自動機株式会社,3月31日,有
6273,ＳＭＣ,プライム（内国株式）,機械,機械,TOPIX Large70,E01673,ＳＭＣ株式会社,3月31日,有
6276,シリウスビジョン,スタンダード（内国株式）,電気機器,電機・精密,-,E01675,シリウスビジョン株式会社,12月31日,有
6277,ホソカワミクロン,プライム（内国株式）,機械,機械,TOPIX Small 1,E01676,ホソカワミクロン株式会社,9月30日,有
6278,ユニオンツール,プライム（内国株式）,機械,機械,TOPIX Small 1,E01505,ユニオンツール株式会社,12月31日,有
6279,瑞光,プライム（内国株式）,機械,機械,TOPIX Small 2,E01677,株式会社瑞光,2月20日,有
6282,オイレス工業,プライム（内国株式）,機械,機械,TOPIX Small 1,E01642,オイレス工業株式会社,3月31日,有
6284,日精エー・エス・ビー機械,プライム（内国株式）,機械,機械,TOPIX Small 1,E01682,日精エー・エス・ビー機械株式会社,9月30日,有
6286,靜甲,スタンダード（内国株式）,機械,機械,-,E01684,靜甲株式会社,3月31日,有
6287,サトー,プライム（内国株式）,機械,機械,TOPIX Small 1,E01685,株式会社サトー,3月31日,有
6289,技研製作所,プライム（内国株式）,機械,機械,TOPIX Small 2,E01690,株式会社技研製作所,8月31日,有
6291,日本エアーテック,スタンダード（内国株式）,機械,機械,TOPIX Small 2,E02421,日本エアーテック株式会社,12月31日,無
6292,カワタ,スタンダード（内国株式）,機械,機械,-,E01694,株式会社カワタ,3月31日,有
6294,オカダアイヨン,プライム（内国株式）,機械,機械,-,E01696,オカダアイヨン株式会社,3月31日,有
6298,ワイエイシイホールディングス,プライム（内国株式）,機械,機械,TOPIX Small 2,E02008,ワイエイシイホールディングス株式会社,3月31日,有
6301,小松製作所,プライム（内国株式）,機械,機械,TOPIX Large70,E01532,株式会社小松製作所,3月31日,有
6302,住友重機械工業,プライム（内国株式）,機械,機械,TOPIX Mid400,E01533,住友重機械工業株式会社,12月31日,有
6305,日立建機,プライム（内国株式）,機械,機械,TOPIX Mid400,E01585,日立建機株式会社,3月31日,有
6306,日工,プライム（内国株式）,機械,機械,TOPIX Small 2,E01372,日工株式会社,3月31日,有
6307,サンセイ,スタンダード（内国株式）,機械,機械,-,E01704,サンセイ株式会社,3月31日,有
6309,巴工業,プライム（内国株式）,機械,機械,TOPIX Small 2,E01705,巴工業株式会社,10月31日,有
6310,井関農機,プライム（内国株式）,機械,機械,TOPIX Small 2,E01563,井関農機株式会社,12月31日,有
6315,ＴＯＷＡ,プライム（内国株式）,機械,機械,TOPIX Small 1,E01708,ＴＯＷＡ株式会社,3月31日,有
6316,丸山製作所,スタンダード（内国株式）,機械,機械,-,E01568,株式会社丸山製作所,9月30日,有
6317,北川鉄工所,スタンダード（内国株式）,機械,機械,TOPIX Small 2,E01584,株式会社北川鉄工所,3月31日,有
6322,タクミナ,スタンダード（内国株式）,機械,機械,-,E01711,株式会社タクミナ,3月31日,無
6323,ローツェ,プライム（内国株式）,機械,機械,TOPIX Mid400,E02328,ローツェ株式会社,2月末日,有
6324,ハーモニック・ドライブ・システムズ,プライム（内国株式）,機械,機械,TOPIX Small 2,E01712,株式会社ハーモニック・ドライブ・システムズ,3月31日,有
6325,タカキタ,スタンダード（内国株式）,機械,機械,-,E01617,株式会社タカキタ,3月31日,無
6326,クボタ,プライム（内国株式）,機械,機械,TOPIX Large70,E01267,株式会社　クボタ,12月31日,有
6327,北川精機,スタンダード（内国株式）,機械,機械,-,E01713,北川精機株式会社,6月30日,有
6328,荏原実業,プライム（内国株式）,機械,機械,TOPIX Small 2,E01714,荏原実業株式会社,12月31日,有
6330,東洋エンジニアリング,プライム（内国株式）,建設業,建設・資材,TOPIX Small 2,E01661,東洋エンジニアリング株式会社,3月31日,有
6331,三菱化工機,プライム（内国株式）,機械,機械,TOPIX Small 1,E01536,三菱化工機株式会社,3月31日,有
6332,月島ホールディングス,プライム（内国株式）,機械,機械,TOPIX Small 1,E01537,月島ホールディングス株式会社,3月31日,有
6333,ＴＥＩＫＯＫＵ,プライム（内国株式）,機械,機械,TOPIX Small 2,E01761,株式会社ＴＥＩＫＯＫＵ,3月31日,有
6334,明治機械,スタンダード（内国株式）,機械,機械,-,E01538,明治機械株式会社,3月31日,有
6335,東京機械製作所,スタンダード（内国株式）,機械,機械,-,E01539,株式会社東京機械製作所,3月31日,有
6336,石井表記,スタンダード（内国株式）,機械,機械,-,E02047,株式会社石井表記,1月31日,有
6337,テセック,スタンダード（内国株式）,機械,機械,-,E02049,株式会社テセック,3月31日,有
6338,タカトリ,スタンダード（内国株式）,機械,機械,-,E01715,株式会社タカトリ,9月30日,有
6339,新東工業,プライム（内国株式）,機械,機械,TOPIX Small 2,E01541,新東工業株式会社,3月31日,有
6340,澁谷工業,プライム（内国株式）,機械,機械,TOPIX Small 2,E01666,澁谷工業株式会社,6月30日,有
6342,太平製作所,スタンダード（内国株式）,機械,機械,-,E01547,株式会社太平製作所,3月31日,有
6343,フリージア・マクロス,スタンダード（内国株式）,機械,機械,-,E01620,フリージア・マクロス株式会社,3月31日,有
6345,アイチ　コーポレーション,プライム（内国株式）,機械,機械,TOPIX Small 2,E01657,株式会社アイチコーポレーション,3月31日,有
6346,キクカワエンタープライズ,スタンダード（内国株式）,機械,機械,-,E01629,キクカワエンタープライズ株式会社,3月31日,無
6347,プラコー,スタンダード（内国株式）,機械,機械,-,E01651,株式会社プラコー,3月31日,有
6349,小森コーポレーション,プライム（内国株式）,機械,機械,TOPIX Small 1,E01667,株式会社小森コーポレーション,3月31日,有
6351,鶴見製作所,プライム（内国株式）,機械,機械,TOPIX Small 2,E01662,株式会社鶴見製作所,3月31日,有
6356,日本ギア工業,スタンダード（内国株式）,機械,機械,-,E02173,日本ギア工業株式会社,3月31日,無
6357,三精テクノロジーズ,スタンダード（内国株式）,機械,機械,-,E01632,三精テクノロジーズ株式会社,3月31日,有
6358,酒井重工業,プライム（内国株式）,機械,機械,TOPIX Small 2,E01610,酒井重工業株式会社,3月31日,有
6360,東京自働機械製作所,スタンダード（内国株式）,機械,機械,-,E01534,株式会社　東京自働機械製作所,3月31日,無
6361,荏原製作所,プライム（内国株式）,機械,機械,TOPIX Mid400,E01542,株式会社荏原製作所,12月31日,有
6363,酉島製作所,プライム（内国株式）,機械,機械,TOPIX Small 1,E01636,株式会社酉島製作所,3月31日,有
6364,ＡＩＲＭＡＮ,プライム（内国株式）,機械,機械,TOPIX Small 2,E01663,株式会社ＡＩＲＭＡＮ,3月31日,有
6365,電業社機械製作所,スタンダード（内国株式）,機械,機械,-,E01544,株式会社電業社機械製作所,3月31日,有
6366,千代田化工建設,スタンダード（内国株式）,建設業,建設・資材,-,E01569,千代田化工建設株式会社,3月31日,有
6367,ダイキン工業,プライム（内国株式）,機械,機械,TOPIX Core30,E01570,ダイキン工業株式会社,3月31日,有
6368,オルガノ,プライム（内国株式）,機械,機械,TOPIX Mid400,E01571,オルガノ株式会社,3月31日,有
6369,トーヨーカネツ,プライム（内国株式）,機械,機械,TOPIX Small 2,E01572,トーヨーカネツ株式会社,3月31日,有
6370,栗田工業,プライム（内国株式）,機械,機械,TOPIX Mid400,E01573,栗田工業株式会社,3月31日,有
6371,椿本チエイン,プライム（内国株式）,機械,機械,TOPIX Small 1,E01578,株式会社椿本チエイン,3月31日,有
6376,日機装,プライム（内国株式）,精密機器,電機・精密,TOPIX Small 1,E01591,日機装株式会社,12月31日,有
6378,木村化工機,スタンダード（内国株式）,機械,機械,TOPIX Small 2,E01546,木村化工機株式会社,3月31日,有
6379,レイズネクスト,プライム（内国株式）,建設業,建設・資材,TOPIX Small 2,E01577,レイズネクスト株式会社,3月31日,有
6380,オリエンタルチエン工業,スタンダード（内国株式）,機械,機械,-,E01581,オリエンタルチエン工業株式会社,3月31日,有
6381,アネスト岩田,プライム（内国株式）,機械,機械,TOPIX Small 2,E01554,アネスト岩田株式会社,3月31日,有
6382,トリニティ工業,スタンダード（内国株式）,機械,機械,-,E01627,トリニティ工業株式会社,3月31日,有
6383,ダイフク,プライム（内国株式）,機械,機械,TOPIX Mid400,E01551,株式会社ダイフク,12月31日,有
6384,昭和真空,スタンダード（内国株式）,機械,機械,-,E01719,株式会社昭和真空,3月31日,有
6387,サムコ,プライム（内国株式）,機械,機械,TOPIX Small 2,E02060,サムコ　株式会社,7月31日,無
6390,加藤製作所,プライム（内国株式）,機械,機械,-,E01583,株式会社加藤製作所,3月31日,有
6391,加地テック,スタンダード（内国株式）,機械,機械,-,E01529,株式会社加地テック,3月31日,無
6392,ヤマダコーポレーション,スタンダード（内国株式）,機械,機械,-,E02180,株式会社　ヤマダコーポレーション,3月31日,有
6393,油研工業,スタンダード（内国株式）,機械,機械,-,E01612,油研工業株式会社,3月31日,有
6395,タダノ,プライム（内国株式）,機械,機械,TOPIX Small 1,E01613,株式会社タダノ,3月31日,有
6396,宇野澤組鐵工所,スタンダード（内国株式）,機械,機械,-,E01635,株式会社宇野澤組鐵工所,3月31日,無
6400,不二精機,スタンダード（内国株式）,機械,機械,-,E02462,不二精機株式会社,12月31日,有
6402,兼松エンジニアリング,スタンダード（内国株式）,機械,機械,-,E01721,兼松エンジニアリング株式会社,3月31日,無
6405,鈴茂器工,スタンダード（内国株式）,機械,機械,-,E01724,鈴茂器工株式会社,3月31日,有
6407,ＣＫＤ,プライム（内国株式）,機械,機械,TOPIX Small 1,E01909,ＣＫＤ株式会社,3月31日,有
6408,小倉クラッチ,スタンダード（内国株式）,機械,機械,-,E01647,小倉クラッチ株式会社,3月31日,有
6412,平和,プライム（内国株式）,機械,機械,TOPIX Small 1,E02403,株式会社平和,3月31日,有
6413,理想科学工業,プライム（内国株式）,機械,機械,TOPIX Small 2,E02410,理想科学工業株式会社,3月31日,有
6417,ＳＡＮＫＹＯ,プライム（内国株式）,機械,機械,TOPIX Mid400,E02419,株式会社三共,3月31日,有
6418,日本金銭機械,プライム（内国株式）,機械,機械,TOPIX Small 2,E01698,日本金銭機械株式会社,3月31日,有
6419,マースグループホールディングス,プライム（内国株式）,機械,機械,TOPIX Small 1,E02424,株式会社マースグループホールディングス,3月31日,有
6420,ガリレイ,プライム（内国株式）,機械,機械,TOPIX Small 1,E02006,ガリレイホールディングス株式会社,3月31日,有
6424,高見沢サイバネティックス,スタンダード（内国株式）,機械,機械,-,E02025,株式会社高見沢サイバネティックス,3月31日,有
6425,ユニバーサルエンターテインメント,スタンダード（内国株式）,機械,機械,-,E02452,株式会社ユニバーサルエンターテインメント,12月31日,有
6428,オーイズミ,スタンダード（内国株式）,機械,機械,-,E01718,株式会社オーイズミ,3月31日,有
6430,ダイコク電機,プライム（内国株式）,機械,機械,TOPIX Small 2,E02073,ダイコク電機株式会社,3月31日,有
6432,竹内製作所,プライム（内国株式）,機械,機械,TOPIX Small 1,E01723,株式会社竹内製作所,2月末日,有
6433,ヒーハイスト,スタンダード（内国株式）,機械,機械,-,E01727,ヒーハイスト株式会社,3月31日,無
6436,アマノ,プライム（内国株式）,機械,機械,TOPIX Mid400,E01590,アマノ株式会社,3月31日,有
6440,ＪＵＫＩ,プライム（内国株式）,機械,機械,TOPIX Small 2,E01596,ＪＵＫＩ株式会社,12月31日,有
6444,サンデン,スタンダード（内国株式）,機械,機械,-,E01913,サンデン株式会社,12月31日,有
6445,ジャノメ,プライム（内国株式）,機械,機械,TOPIX Small 2,E01595,株式会社ジャノメ,3月31日,有
6448,ブラザー工業,プライム（内国株式）,電気機器,電機・精密,TOPIX Mid400,E01594,ブラザー工業株式会社,3月31日,有
6454,マックス,プライム（内国株式）,機械,機械,TOPIX Small 1,E02381,マックス株式会社,3月31日,有
6455,モリタホールディングス,プライム（内国株式）,輸送用機器,自動車・輸送機,TOPIX Small 2,E01653,株式会社モリタホールディングス,3月31日,有
6457,グローリー,プライム（内国株式）,機械,機械,TOPIX Mid400,E01650,グローリー株式会社,3月31日,有
6458,新晃工業,プライム（内国株式）,機械,機械,TOPIX Small 1,E01669,新晃工業株式会社,3月31日,有
6459,大和冷機工業,プライム（内国株式）,機械,機械,TOPIX Small 2,E01961,だいわ株式会社,12月31日,無
6460,セガサミーホールディングス,プライム（内国株式）,機械,機械,TOPIX Mid400,E02475,セガサミーホールディングス株式会社,3月31日,有
6463,ＴＰＲ,プライム（内国株式）,機械,機械,TOPIX Small 1,E01599,ＴＰＲ株式会社,3月31日,有
6464,ツバキ・ナカシマ,プライム（内国株式）,機械,機械,TOPIX Small 2,E31954,株式会社ツバキ・ナカシマ,12月31日,有
6465,ホシザキ,プライム（内国株式）,機械,機械,TOPIX Mid400,E01654,ホシザキ株式会社,12月31日,有
6466,ＴＶＥ,スタンダード（内国株式）,機械,機械,-,E01716,株式会社ＴＶＥ,9月30日,有
6467,ニチダイ,スタンダード（内国株式）,機械,機械,-,E01456,株式会社ニチダイ,3月31日,有
6469,放電精密加工研究所,スタンダード（内国株式）,機械,機械,-,E01454,株式会社　放電精密加工研究所,2月末日,有
6470,大豊工業,スタンダード（内国株式）,機械,機械,TOPIX Small 2,E02199,大豊工業株式会社,3月31日,有
6471,日本精工,プライム（内国株式）,機械,機械,TOPIX Mid400,E01600,日本精工株式会社,3月31日,有
6472,ＮＴＮ,プライム（内国株式）,機械,機械,TOPIX Mid400,E01601,ＮＴＮ株式会社,3月31日,有
6473,ジェイテクト,プライム（内国株式）,機械,機械,TOPIX Mid400,E01602,株式会社ジェイテクト,3月31日,有
6474,不二越,プライム（内国株式）,機械,機械,TOPIX Small 1,E01603,株式会社不二越,11月30日,有
6479,ミネベアミツミ,プライム（内国株式）,電気機器,電機・精密,TOPIX Mid400,E01607,ミネベアミツミ株式会社,3月31日,有
6480,日本トムソン,プライム（内国株式）,機械,機械,TOPIX Small 2,E01631,日本トムソン株式会社,3月31日,有
6481,ＴＨＫ,プライム（内国株式）,機械,機械,TOPIX Mid400,E01678,ＴＨＫ株式会社,12月31日,有
6482,ＹＵＳＨＩＮ,スタンダード（内国株式）,機械,機械,TOPIX Small 2,E01710,ＹＵＳＨＩＮ株式会社,3月31日,有
6484,ＫＶＫ,スタンダード（内国株式）,機械,機械,-,E01434,株式会社ＫＶＫ,3月31日,有
6485,前澤給装工業,スタンダード（内国株式）,機械,機械,TOPIX Small 2,E01693,前澤給装工業株式会社,3月31日,有
6486,イーグル工業,プライム（内国株式）,機械,機械,TOPIX Small 1,E01414,イーグル工業株式会社,3月31日,有
6488,ヨシタケ,スタンダード（内国株式）,機械,機械,-,E01683,株式会社ヨシタケ,3月31日,有
6490,ＰＩＬＬＡＲ,プライム（内国株式）,機械,機械,TOPIX Small 1,E01645,株式会社ＰＩＬＬＡＲ,3月31日,有
6492,岡野バルブ製造,スタンダード（内国株式）,機械,機械,-,E01609,岡野バルブ製造株式会社,9月30日,有
6493,ＮＩＴＴＡＮ,スタンダード（内国株式）,輸送用機器,自動車・輸送機,-,E02189,株式会社ＮＩＴＴＡＮ,3月31日,有
6494,ＮＦＫホールディングス,スタンダード（内国株式）,機械,機械,-,E01648,株式会社ＮＦＫホールディングス,3月31日,有
6495,宮入バルブ製作所,スタンダード（内国株式）,機械,機械,-,E01624,株式会社宮入バルブ製作所,3月末日,無
6496,中北製作所,スタンダード（内国株式）,機械,機械,-,E01649,株式会社中北製作所,5月31日,無
6497,ハマイ,スタンダード（内国株式）,機械,機械,-,E01652,株式会社ハマイ,12月31日,有
6498,キッツ,プライム（内国株式）,機械,機械,TOPIX Small 1,E01660,株式会社キッツ,12月31日,有
6501,日立製作所,プライム（内国株式）,電気機器,電機・精密,TOPIX Core30,E01737,株式会社日立製作所,3月末日,有
6503,三菱電機,プライム（内国株式）,電気機器,電機・精密,TOPIX Core30,E01739,三菱電機株式会社,3月31日,有
6504,富士電機,プライム（内国株式）,電気機器,電機・精密,TOPIX Mid400,E01740,富士電機株式会社,3月31日,有
6505,東洋電機製造,スタンダード（内国株式）,電気機器,電機・精密,-,E01742,東洋電機製造株式会社,5月31日,有
6506,安川電機,プライム（内国株式）,電気機器,電機・精密,TOPIX Mid400,E01741,株式会社安川電機,2月末日,有
6507,シンフォニアテクノロジー,プライム（内国株式）,電気機器,電機・精密,TOPIX Small 1,E01743,シンフォニアテクノロジー株式会社,3月31日,有
6508,明電舎,プライム（内国株式）,電気機器,電機・精密,TOPIX Small 1,E01744,株式会社明電舎,3月31日,有
6513,オリジン,スタンダード（内国株式）,電気機器,電機・精密,-,E01751,株式会社オリジン,3月31日,有
6516,山洋電気,プライム（内国株式）,電気機器,電機・精密,TOPIX Small 1,E01806,山洋電気株式会社,3月31日,有
6517,デンヨー,プライム（内国株式）,電気機器,電機・精密,TOPIX Small 2,E01758,デンヨー株式会社,3月31日,有
6518,三相電機,スタンダード（内国株式）,電気機器,電機・精密,-,E02012,三相電機株式会社,3月31日,有
6523,ＰＨＣホールディングス,プライム（内国株式）,電気機器,電機・精密,TOPIX Small 1,E36976,ＰＨＣホールディングス株式会社,3月末日,有
6524,湖北工業,スタンダード（内国株式）,電気機器,電機・精密,-,E37156,湖北工業株式会社,12月31日,有
6525,ＫＯＫＵＳＡＩ　ＥＬＥＣＴＲＩＣ,プライム（内国株式）,電気機器,電機・精密,TOPIX Mid400,E37488,株式会社ＫＯＫＵＳＡＩ　ＥＬＥＣＴＲＩＣ,3月31日,有
6526,ソシオネクスト,プライム（内国株式）,電気機器,電機・精密,TOPIX Mid400,E37978,株式会社ソシオネクスト,3月31日,有
6532,ベイカレント,プライム（内国株式）,サービス業,情報通信・サービスその他,TOPIX Mid400,E32549,株式会社ベイカレント,2月末日,無
6533,Ｏｒｃｈｅｓｔｒａ　Ｈｏｌｄｉｎｇｓ,プライム（内国株式）,サービス業,情報通信・サービスその他,TOPIX Small 2,E32601,株式会社Ｏｒｃｈｅｓｔｒａ　Ｈｏｌｄｉｎｇｓ,12月31日,有
6535,アイモバイル,プライム（内国株式）,サービス業,情報通信・サービスその他,TOPIX Small 2,E32687,株式会社アイモバイル,7月31日,有
6538,ディスラプターズ,スタンダード（内国株式）,サービス業,情報通信・サービスその他,-,E32795,株式会社ディスラプターズ,3月31日,有
6539,ＭＳ－Ｊａｐａｎ,プライム（内国株式）,サービス業,情報通信・サービスその他,TOPIX Small 2,E32801,株式会社ＭＳ－Ｊａｐａｎ,3月末日,無
6540,船場,スタンダード（内国株式）,サービス業,情報通信・サービスその他,-,E32796,株式会社船場,12月末日,有
6543,日宣,スタンダード（内国株式）,サービス業,情報通信・サービスその他,-,E32951,株式会社日宣,2月末日,有
6544,ジャパンエレベーターサービスホールディングス,プライム（内国株式）,サービス業,情報通信・サービスその他,TOPIX Mid400,E33034,ジャパンエレベーターサービスホールディングス株式会社,3月31日,有
6546,フルテック,スタンダード（内国株式）,サービス業,情報通信・サービスその他,-,E33009,フルテック株式会社,12月31日,有
6547,グリーンズ,スタンダード（内国株式）,サービス業,情報通信・サービスその他,-,E32988,株式会社グリーンズ,6月30日,有
6549,ディーエムソリューションズ,スタンダード（内国株式）,サービス業,情報通信・サービスその他,-,E33247,ディーエムソリューションズ株式会社,3月末日,無
6551,ツナググループ・ホールディングス,スタンダード（内国株式）,サービス業,情報通信・サービスその他,-,E33272,株式会社ツナググループ・ホールディングス,9月末日,有
6552,ＧａｍｅＷｉｔｈ,スタンダード（内国株式）,サービス業,情報通信・サービスその他,-,E33254,株式会社ＧａｍｅＷｉｔｈ,5月31日,有
6555,ＭＳ＆Ｃｏｎｓｕｌｔｉｎｇ,スタンダード（内国株式）,サービス業,情報通信・サービスその他,-,E20870,株式会社ＭＳ＆Ｃｏｎｓｕｌｔｉｎｇ,2月末日,有
6560,エル・ティー・エス,プライム（内国株式）,サービス業,情報通信・サービスその他,TOPIX Small 2,E33588,株式会社エル・ティー・エス,12月31日,有
6564,ミダックホールディングス,プライム（内国株式）,サービス業,情報通信・サービスその他,TOPIX Small 2,E33577,株式会社ミダックホールディングス,3月末日,有
6566,要興業,スタンダード（内国株式）,サービス業,情報通信・サービスその他,-,E33633,株式会社要興業,3月31日,有
6570,共和コーポレーション,スタンダード（内国株式）,サービス業,情報通信・サービスその他,-,E33822,株式会社共和コーポレーション,3月31日,有
6571,キュービーネットホールディングス,プライム（内国株式）,サービス業,情報通信・サービスその他,TOPIX Small 2,E33838,キュービーネットホールディングス株式会社,6月30日,有
6572,オープングループ,プライム（内国株式）,サービス業,情報通信・サービスその他,TOPIX Small 2,E33881,オープングループ株式会社,2月末日,有
6578,コレックホールディングス,スタンダード（内国株式）,サービス業,情報通信・サービスその他,-,E33928,株式会社コレックホールディングス,2月末日,有
6584,三櫻工業,プライム（内国株式）,輸送用機器,自動車・輸送機,TOPIX Small 2,E01753,三櫻工業株式会社,3月31日,有
6586,マキタ,プライム（内国株式）,機械,機械,TOPIX Mid400,E01920,株式会社マキタ,3月31日,有
6588,東芝テック,プライム（内国株式）,電気機器,電機・精密,TOPIX Small 1,E01884,東芝テック株式会社,3月31日,有
6590,芝浦メカトロニクス,プライム（内国株式）,電気機器,電機・精密,TOPIX Small 1,E01757,芝浦メカトロニクス株式会社,3月31日,有
6592,マブチモーター,プライム（内国株式）,電気機器,電機・精密,TOPIX Mid400,E01944,マブチモーター株式会社,12月31日,有
6594,ニデック,プライム（内国株式）,電気機器,電機・精密,-,E01975,ニデック株式会社,3月31日,有
6599,エブレン,スタンダード（内国株式）,電気機器,電機・精密,-,E35555,エブレン株式会社,3月31日,有
6614,シキノハイテック,スタンダード（内国株式）,電気機器,電機・精密,-,E36368,株式会社シキノハイテック,3月31日,無
6615,ユー・エム・シー・エレクトロニクス,プライム（内国株式）,電気機器,電機・精密,TOPIX Small 2,E32169,ユー・エム・シー・エレクトロニクス株式会社,3月31日,有
6616,トレックス・セミコンダクター,プライム（内国株式）,電気機器,電機・精密,TOPIX Small 2,E30479,トレックス・セミコンダクター株式会社,3月末日,有
6617,東光高岳,プライム（内国株式）,電気機器,電機・精密,TOPIX Small 2,E26713,株式会社東光高岳,3月末日,有
6619,ダブル・スコープ,プライム（内国株式）,電気機器,電機・精密,TOPIX Small 2,E26082,ダブル・スコープ株式会社,1月31日,有
6620,宮越ホールディングス,プライム（内国株式）,不動産業,不動産,TOPIX Small 2,E25665,宮越ホールディングス株式会社,3月31日,有
6622,ダイヘン,プライム（内国株式）,電気機器,電機・精密,TOPIX Small 1,E01750,株式会社ダイヘン,3月31日,有
6625,ＪＡＬＣＯホールディングス,スタンダード（内国株式）,不動産業,不動産,-,E25686,ＪＡＬＣＯホールディングス株式会社,3月31日,有
6626,ＳＥＭＩＴＥＣ,スタンダード（内国株式）,電気機器,電機・精密,-,E25386,ＳＥＭＩＴＥＣ株式会社,3月31日,有
6627,テラプローブ,スタンダード（内国株式）,電気機器,電機・精密,-,E24994,株式会社テラプローブ,12月末日,有
6629,テクノホライゾン,スタンダード（内国株式）,電気機器,電機・精密,-,E23871,テクノホライゾン株式会社,3月31日,有
6630,ヤーマン,プライム（内国株式）,電気機器,電機・精密,TOPIX Small 1,E23829,ヤーマン株式会社,12月末日,有
6632,ＪＶＣケンウッド,プライム（内国株式）,電気機器,電機・精密,TOPIX Mid400,E21320,株式会社ＪＶＣケンウッド,3月31日,有
6633,ＣＧＳホールディングス,スタンダード（内国株式）,電気機器,電機・精密,-,E02120,株式会社ＣＧＳホールディングス,12月31日,有
6634,ＪＮグループ,スタンダード（内国株式）,電気機器,電機・精密,-,E05702,株式会社ＪＮグループ,11月30日,有
6635,大日光・エンジニアリング,スタンダード（内国株式）,電気機器,電機・精密,-,E02116,株式会社大日光・エンジニアリング,12月31日,有
6637,寺崎電気産業,スタンダード（内国株式）,電気機器,電機・精密,-,E01764,寺崎電気産業株式会社,3月31日,有
6638,ミマキエンジニアリング,プライム（内国株式）,電気機器,電機・精密,TOPIX Small 2,E02114,株式会社ミマキエンジニアリング,3月31日,有
6643,戸上電機製作所,スタンダード（内国株式）,電気機器,電機・精密,-,E01747,株式会社戸上電機製作所,3月31日,有
6644,大崎電気工業,プライム（内国株式）,電気機器,電機・精密,TOPIX Small 2,E01752,大崎電気工業株式会社,3月31日,有
6645,オムロン,プライム（内国株式）,電気機器,電機・精密,TOPIX Mid400,E01755,オムロン株式会社,3月31日,有
6647,森尾電機,スタンダード（内国株式）,電気機器,電機・精密,-,E01912,森尾電機株式会社,3月31日,有
6648,かわでん,スタンダード（内国株式）,電気機器,電機・精密,-,E01754,株式会社かわでん,3月31日,無
6651,日東工業,プライム（内国株式）,電気機器,電機・精密,TOPIX Small 1,E01759,日東工業株式会社,3月31日,有
6652,ＩＤＥＣ,プライム（内国株式）,電気機器,電機・精密,TOPIX Small 1,E01951,ＩＤＥＣ株式会社,3月31日,有
6653,正興電機製作所,プライム（内国株式）,電気機器,電機・精密,-,E01760,株式会社正興電機製作所,12月31日,有
6654,不二電機工業,スタンダード（内国株式）,電気機器,電機・精密,-,E02007,不二電機工業株式会社,1月31日,無
6656,インスペック,スタンダード（内国株式）,電気機器,電機・精密,-,E02356,インスペック株式会社,4月30日,有
6658,シライ電子工業,スタンダード（内国株式）,電気機器,電機・精密,-,E02109,シライ電子工業株式会社,3月31日,有
6659,メディアリンクス,スタンダード（内国株式）,電気機器,電機・精密,-,E01875,株式会社メディアリンクス,3月31日,有
6662,ユビテック,スタンダード（内国株式）,電気機器,電機・精密,-,E02100,株式会社ユビテック,6月30日,有
6663,太洋テクノレックス,スタンダード（内国株式）,電気機器,電機・精密,-,E02097,太洋テクノレックス株式会社,12月20日,有
6664,オプトエレクトロニクス,スタンダード（内国株式）,電気機器,電機・精密,-,E02095,株式会社オプトエレクトロニクス,11月30日,有
6666,リバーエレテック,スタンダード（内国株式）,電気機器,電機・精密,-,E02093,リバーエレテック株式会社,3月31日,有
6668,アドテック　プラズマ　テクノロジー,スタンダード（内国株式）,電気機器,電機・精密,-,E02092,株式会社アドテックプラズマテクノロジー,8月31日,有
6674,ジーエス・ユアサ　コーポレーション,プライム（内国株式）,電気機器,電機・精密,TOPIX Mid400,E02089,株式会社　ジーエス・ユアサ　コーポレーション,3月31日,有
6675,サクサ,スタンダード（内国株式）,電気機器,電機・精密,-,E01874,サクサ株式会社,3月31日,有
6676,ＢＵＦＦＡＬＯ,スタンダード（内国株式）,電気機器,電機・精密,TOPIX Small 2,E02086,株式会社バッファロー,3月31日,有
6677,エスケーエレクトロニクス,スタンダード（内国株式）,電気機器,電機・精密,-,E02346,株式会社エスケーエレクトロニクス,9月30日,有
6678,テクノメディカ,スタンダード（内国株式）,電気機器,電機・精密,TOPIX Small 2,E02345,株式会社テクノメディカ,3月31日,無
6694,ズーム,スタンダード（内国株式）,電気機器,電機・精密,-,E33025,株式会社ズーム,12月31日,有
6699,ダイヤモンドエレクトリックホールディングス,スタンダード（内国株式）,電気機器,電機・精密,TOPIX Small 2,E34065,ダイヤモンドエレクトリックホールディングス株式会社,3月31日,有
6701,日本電気,プライム（内国株式）,電気機器,電機・精密,TOPIX Large70,E01765,日本電気株式会社,3月31日,有
6702,富士通,プライム（内国株式）,電気機器,電機・精密,TOPIX Large70,E01766,富士通株式会社,3月31日,有
6703,沖電気工業,プライム（内国株式）,電気機器,電機・精密,TOPIX Small 1,E01767,沖電気工業株式会社,3月31日,有
6706,電気興業,プライム（内国株式）,電気機器,電機・精密,TOPIX Small 2,E01897,電気興業株式会社,3月31日,有
6707,サンケン電気,プライム（内国株式）,電気機器,電機・精密,TOPIX Mid400,E01790,サンケン電気株式会社,3月31日,有
6718,アイホン,プライム（内国株式）,電気機器,電機・精密,TOPIX Small 2,E01849,アイホン株式会社,3月31日,有
6721,ウインテスト,スタンダード（内国株式）,電気機器,電機・精密,-,E02083,ウインテスト株式会社,12月31日,有
6723,ルネサスエレクトロニクス,プライム（内国株式）,電気機器,電機・精密,TOPIX Large70,E02081,ルネサスエレクトロニクス株式会社,12月31日,有
6724,セイコーエプソン,プライム（内国株式）,電気機器,電機・精密,TOPIX Mid400,E01873,セイコーエプソン株式会社,3月31日,有
6727,ワコム,プライム（内国株式）,電気機器,電機・精密,TOPIX Small 1,E02059,株式会社ワコム,3月31日,有
6728,アルバック,プライム（内国株式）,電気機器,電機・精密,TOPIX Mid400,E01589,株式会社　アルバック,6月30日,有
6730,アクセル,スタンダード（内国株式）,電気機器,電機・精密,TOPIX Small 2,E02077,株式会社アクセル,3月31日,有
6731,ピクセラ,スタンダード（内国株式）,電気機器,電機・精密,-,E02075,株式会社ピクセラ,9月30日,有
6736,サン電子,スタンダード（内国株式）,電気機器,電機・精密,-,E02070,サン電子株式会社,3月31日,有
6737,ＥＩＺＯ,プライム（内国株式）,電気機器,電機・精密,TOPIX Small 1,E02069,ＥＩＺＯ株式会社,3月31日,有
6740,ジャパンディスプレイ,プライム（内国株式）,電気機器,電機・精密,TOPIX Small 2,E30481,株式会社ジャパンディスプレイ,3月末日,有
6741,日本信号,プライム（内国株式）,電気機器,電機・精密,TOPIX Small 2,E01769,日本信号株式会社,3月31日,有
6742,京三製作所,プライム（内国株式）,電気機器,電機・精密,TOPIX Small 2,E01770,株式会社京三製作所,3月31日,有
6743,大同信号,スタンダード（内国株式）,電気機器,電機・精密,-,E01816,大同信号株式会社,3月31日,有
6744,能美防災,プライム（内国株式）,電気機器,電機・精密,TOPIX Small 1,E01803,能美防災株式会社,3月31日,有
6745,ホーチキ,プライム（内国株式）,電気機器,電機・精密,TOPIX Small 2,E01802,ホーチキ株式会社,3月31日,有
6748,星和電機,スタンダード（内国株式）,電気機器,電機・精密,-,E01984,星和電機株式会社,12月31日,有
6750,エレコム,プライム（内国株式）,電気機器,電機・精密,TOPIX Small 1,E02066,エレコム株式会社,3月31日,有
6752,パナソニック　ホールディングス,プライム（内国株式）,電気機器,電機・精密,TOPIX Large70,E01772,パナソニックホールディングス株式会社,3月31日,有
6753,シャープ,プライム（内国株式）,電気機器,電機・精密,TOPIX Mid400,E01773,シャープ株式会社,3月31日,有
6754,アンリツ,プライム（内国株式）,電気機器,電機・精密,TOPIX Mid400,E01774,アンリツ株式会社,3月31日,有
6757,ＯＳＧコーポレーション,スタンダード（内国株式）,電気機器,電機・精密,-,E02065,株式会社ＯＳＧコーポレーション,1月31日,有
6758,ソニーグループ,プライム（内国株式）,電気機器,電機・精密,TOPIX Core30,E01777,ソニーグループ株式会社,3月31日,有
6762,ＴＤＫ,プライム（内国株式）,電気機器,電機・精密,TOPIX Large70,E01780,ＴＤＫ株式会社,3月31日,有
6763,帝国通信工業,プライム（内国株式）,電気機器,電機・精密,TOPIX Small 2,E01782,帝国通信工業株式会社,3月31日,有
6768,タムラ製作所,プライム（内国株式）,電気機器,電機・精密,TOPIX Small 1,E01786,株式会社タムラ製作所,3月31日,有
6769,ザインエレクトロニクス,スタンダード（内国株式）,電気機器,電機・精密,-,E02062,ザインエレクトロニクス株式会社,12月31日,有
6770,アルプスアルパイン,プライム（内国株式）,電気機器,電機・精密,TOPIX Mid400,E01793,アルプスアルパイン株式会社,3月31日,有
6771,池上通信機,スタンダード（内国株式）,電気機器,電機・精密,-,E01819,池上通信機株式会社,3月31日,有
6772,東京コスモス電機,スタンダード（内国株式）,電気機器,電機・精密,-,E01811,東京コスモス電機株式会社,3月31日,有
6775,ＴＢグループ,スタンダード（内国株式）,電気機器,電機・精密,-,E01795,株式会社ＴＢグループ,3月31日,有
6776,天昇電気工業,スタンダード（内国株式）,化学,素材・化学,-,E01813,天昇電気工業株式会社,3月31日,有
6777,ｓａｎｔｅｃ　Ｈｏｌｄｉｎｇｓ,スタンダード（内国株式）,電気機器,電機・精密,-,E01870,ｓａｎｔｅｃ　Ｈｏｌｄｉｎｇｓ株式会社,3月31日,有
6778,アルチザネットワークス,スタンダード（内国株式）,電気機器,電機・精密,-,E02342,株式会社アルチザネットワークス,7月31日,有
6779,日本電波工業,プライム（内国株式）,電気機器,電機・精密,TOPIX Small 2,E01807,日本電波工業株式会社,3月31日,有
6785,鈴木,プライム（内国株式）,電気機器,電機・精密,TOPIX Small 2,E02058,株式会社鈴木,6月30日,有
6786,ＲＶＨ,スタンダード（内国株式）,サービス業,情報通信・サービスその他,-,E02057,株式会社ＲＶＨ,3月31日,有
6787,メイコー,プライム（内国株式）,電気機器,電機・精密,TOPIX Small 1,E02056,株式会社メイコー,3月31日,有
6788,日本トリム,プライム（内国株式）,電気機器,電機・精密,TOPIX Small 2,E02333,株式会社日本トリム,3月31日,有
6794,フォスター電機,プライム（内国株式）,電気機器,電機・精密,TOPIX Small 2,E01797,フォスター電機株式会社,3月31日,有
6797,名古屋電機工業,スタンダード（内国株式）,電気機器,電機・精密,-,E02055,名古屋電機工業株式会社,3月31日,無
6798,ＳＭＫ,プライム（内国株式）,電気機器,電機・精密,TOPIX Small 2,E01805,ＳＭＫ株式会社,3月31日,有
6800,ヨコオ,プライム（内国株式）,電気機器,電機・精密,TOPIX Small 2,E01808,株式会社ヨコオ,3月31日,有
6803,ティアック,スタンダード（内国株式）,電気機器,電機・精密,-,E01932,ティアック株式会社,3月31日,有
6804,ホシデン,プライム（内国株式）,電気機器,電機・精密,TOPIX Small 1,E01815,ホシデン株式会社,3月31日,有
6806,ヒロセ電機,プライム（内国株式）,電気機器,電機・精密,TOPIX Mid400,E01939,ヒロセ電機株式会社,3月31日,有
6807,日本航空電子工業,プライム（内国株式）,電気機器,電機・精密,TOPIX Small 1,E01828,日本航空電子工業株式会社,3月31日,有
6809,ＴＯＡ,プライム（内国株式）,電気機器,電機・精密,TOPIX Small 2,E01831,ＴＯＡ株式会社,3月31日,有
6810,マクセル,プライム（内国株式）,電気機器,電機・精密,TOPIX Small 1,E01947,マクセル株式会社,3月末日,有
6814,古野電気,プライム（内国株式）,電気機器,電機・精密,TOPIX Small 1,E01839,古野電気株式会社,2月末日,有
6817,スミダコーポレーション,プライム（内国株式）,電気機器,電機・精密,TOPIX Small 2,E01971,スミダコーポレーション株式会社,12月31日,有
6819,伊豆シャボテンリゾート,スタンダード（内国株式）,サービス業,情報通信・サービスその他,-,E01987,伊豆シャボテンリゾート株式会社,3月31日,有
6820,アイコム,プライム（内国株式）,電気機器,電機・精密,TOPIX Small 2,E01850,アイコム株式会社,3月31日,有
6822,大井電気,スタンダード（内国株式）,電気機器,電機・精密,-,E01859,大井電気株式会社,3月31日,有
6823,リオン,プライム（内国株式）,電気機器,電機・精密,TOPIX Small 2,E01842,リオン株式会社,3月31日,有
6824,新コスモス電機,スタンダード（内国株式）,電気機器,電機・精密,-,E02027,新コスモス電機株式会社,3月31日,有
6832,アオイ電子,スタンダード（内国株式）,電気機器,電機・精密,-,E02051,アオイ電子株式会社,3月31日,有
6834,精工技研,スタンダード（内国株式）,電気機器,電機・精密,-,E01717,株式会社　精工技研,3月31日,有
6835,アライドテレシスホールディングス,スタンダード（内国株式）,電気機器,電機・精密,-,E01867,アライドテレシスホールディングス株式会社,12月31日,有
6836,ぷらっとホーム,スタンダード（内国株式）,電気機器,電機・精密,-,E03346,ぷらっとホーム株式会社,3月31日,無
6837,京写,スタンダード（内国株式）,電気機器,電機・精密,-,E02048,株式会社京写,3月31日,有
6838,多摩川ホールディングス,スタンダード（内国株式）,電気機器,電機・精密,-,E01864,株式会社多摩川ホールディングス,10月31日,有
6840,ＡＫＩＢＡホールディングス,スタンダード（内国株式）,電気機器,電機・精密,-,E02045,株式会社ＡＫＩＢＡホールディングス,3月31日,有
6841,横河電機,プライム（内国株式）,電気機器,電機・精密,TOPIX Mid400,E01878,横河電機株式会社,3月31日,有
6844,新電元工業,プライム（内国株式）,電気機器,電機・精密,TOPIX Small 2,E01887,新電元工業株式会社,3月31日,有
6845,アズビル,プライム（内国株式）,電気機器,電機・精密,TOPIX Mid400,E01879,アズビル株式会社,3月31日,有
6848,東亜ディーケーケー,スタンダード（内国株式）,電気機器,電機・精密,-,E01798,東亜ディーケーケー株式会社,3月31日,有
6849,日本光電工業,プライム（内国株式）,電気機器,電機・精密,TOPIX Mid400,E01903,日本光電工業株式会社,3月31日,有
6850,チノー,プライム（内国株式）,電気機器,電機・精密,TOPIX Small 2,E02286,株式会社チノー,3月31日,有
6853,共和電業,スタンダード（内国株式）,電気機器,電機・精密,-,E01921,株式会社共和電業,12月31日,有
6855,日本電子材料,スタンダード（内国株式）,電気機器,電機・精密,TOPIX Small 2,E02043,日本電子材料株式会社,3月31日,有
6856,堀場製作所,プライム（内国株式）,電気機器,電機・精密,TOPIX Mid400,E01901,株式会社堀場製作所,12月31日,有
6857,アドバンテスト,プライム（内国株式）,電気機器,電機・精密,TOPIX Core30,E01950,株式会社アドバンテスト,3月31日,有
6858,小野測器,スタンダード（内国株式）,電気機器,電機・精密,-,E02306,株式会社小野測器,12月31日,有
6859,エスペック,プライム（内国株式）,電気機器,電機・精密,TOPIX Small 1,E02307,エスペック株式会社,3月31日,有
6861,キーエンス,プライム（内国株式）,電気機器,電機・精密,TOPIX Core30,E01967,株式会社キーエンス,3月20日,有
6862,ミナトホールディングス,スタンダード（内国株式）,電気機器,電機・精密,-,E01977,ミナトホールディングス株式会社,3月31日,有
6863,ニレコ,スタンダード（内国株式）,電気機器,電機・精密,-,E02411,株式会社ニレコ,3月31日,有
6864,エヌエフホールディングス,スタンダード（内国株式）,電気機器,電機・精密,-,E01847,株式会社エヌエフホールディングス,3月31日,有
6866,日置電機,プライム（内国株式）,電気機器,電機・精密,TOPIX Small 1,E01999,日置電機株式会社,12月31日,有
6867,リーダー電子,スタンダード（内国株式）,電気機器,電機・精密,-,E02005,リーダー電子株式会社,3月31日,有
6869,シスメックス,プライム（内国株式）,電気機器,電機・精密,TOPIX Mid400,E02015,シスメックス株式会社,3月31日,有
6870,日本フェンオール,スタンダード（内国株式）,電気機器,電機・精密,-,E02020,日本フェンオール株式会社,12月31日,有
6871,日本マイクロニクス,プライム（内国株式）,電気機器,電機・精密,TOPIX Small 1,E02030,株式会社日本マイクロニクス,12月31日,有
6874,協立電機,スタンダード（内国株式）,電気機器,電機・精密,-,E02039,協立電機株式会社,6月30日,有
6875,メガチップス,プライム（内国株式）,電気機器,電機・精密,TOPIX Small 1,E02042,株式会社メガチップス,3月31日,有
6877,ＯＢＡＲＡ　ＧＲＯＵＰ,スタンダード（内国株式）,電気機器,電機・精密,TOPIX Small 2,E02040,ＯＢＡＲＡ　ＧＲＯＵＰ株式会社,9月30日,有
6882,三社電機製作所,スタンダード（内国株式）,電気機器,電機・精密,-,E01821,株式会社三社電機製作所,3月31日,有
6888,アクモス,スタンダード（内国株式）,情報・通信業,情報通信・サービスその他,-,E02324,アクモス株式会社,6月30日,有
6890,フェローテック,スタンダード（内国株式）,電気機器,電機・精密,-,E02024,株式会社フェローテック,3月31日,有
6894,パルステック工業,スタンダード（内国株式）,電気機器,電機・精密,-,E02021,パルステック工業株式会社,3月31日,有
6897,ツインバード,スタンダード（内国株式）,電気機器,電機・精密,-,E02017,株式会社ツインバード,2月28日,無
6898,トミタ電機,スタンダード（内国株式）,電気機器,電機・精密,-,E02016,トミタ電機株式会社,1月31日,有
6899,ＡＳＴＩ,スタンダード（内国株式）,電気機器,電機・精密,-,E02013,ＡＳＴＩ株式会社,3月31日,有
6902,デンソー,プライム（内国株式）,輸送用機器,自動車・輸送機,TOPIX Large70,E01892,株式会社デンソー,3月31日,有
6904,原田工業,スタンダード（内国株式）,電気機器,電機・精密,-,E01857,原田工業株式会社,3月31日,有
6905,コーセル,プライム（内国株式）,電気機器,電機・精密,TOPIX Small 2,E01856,コーセル株式会社,5月20日,有
6907,ジオマテック,スタンダード（内国株式）,電気機器,電機・精密,-,E02431,ジオマテック株式会社,3月31日,有
6908,イリソ電子工業,プライム（内国株式）,電気機器,電機・精密,TOPIX Small 1,E02009,イリソ電子工業株式会社,3月31日,有
6912,菊水ホールディングス,スタンダード（内国株式）,電気機器,電機・精密,-,E02004,菊水ホールディングス株式会社,3月31日,有
6914,オプテックスグループ,プライム（内国株式）,電気機器,電機・精密,TOPIX Small 1,E01998,オプテックスグループ株式会社,12月31日,有
6915,千代田インテグレ,スタンダード（内国株式）,電気機器,電機・精密,TOPIX Small 2,E01995,千代田インテグレ株式会社,12月31日,有
6918,アバールデータ,スタンダード（内国株式）,電気機器,電機・精密,-,E01993,株式会社アバールデータ,3月31日,無
6919,ケル,スタンダード（内国株式）,電気機器,電機・精密,-,E01992,ケル株式会社,3月31日,有
6920,レーザーテック,プライム（内国株式）,電気機器,電機・精密,TOPIX Large70,E01991,レーザーテック株式会社,6月30日,有
6923,スタンレー電気,プライム（内国株式）,電気機器,電機・精密,TOPIX Mid400,E01880,スタンレー電気株式会社,3月31日,有
6925,ウシオ電機,プライム（内国株式）,電気機器,電機・精密,TOPIX Mid400,E01929,ウシオ電機株式会社,3月31日,有
6926,岡谷電機産業,スタンダード（内国株式）,電気機器,電機・精密,-,E01928,岡谷電機産業株式会社,3月31日,有
6927,ヘリオス　テクノ　ホールディング,スタンダード（内国株式）,電気機器,電機・精密,-,E02076,ヘリオス　テクノ　ホールディング株式会社,3月31日,有
6928,エノモト,スタンダード（内国株式）,電気機器,電機・精密,-,E01989,株式会社エノモト,3月31日,有
6929,日本セラミック,プライム（内国株式）,電気機器,電機・精密,TOPIX Small 1,E01988,日本セラミック株式会社,12月31日,有
6932,遠藤照明,スタンダード（内国株式）,電気機器,電機・精密,-,E01986,株式会社遠藤照明,3月31日,有
6941,山一電機,プライム（内国株式）,電気機器,電機・精密,TOPIX Small 1,E01979,山一電機株式会社,3月31日,有
6942,ソフィアホールディングス,スタンダード（内国株式）,情報・通信業,情報通信・サービスその他,-,E01978,株式会社ソフィアホールディングス,3月31日,有
6943,ＮＫＫスイッチズ,スタンダード（内国株式）,電気機器,電機・精密,-,E01974,ＮＫＫスイッチズ株式会社,3月31日,有
6946,日本アビオニクス,スタンダード（内国株式）,電気機器,電機・精密,-,E01968,日本アビオニクス株式会社,3月31日,有
6947,図研,プライム（内国株式）,電気機器,電機・精密,TOPIX Small 1,E01966,株式会社図研,3月31日,有
6951,日本電子,プライム（内国株式）,電気機器,電機・精密,TOPIX Mid400,E01905,日本電子株式会社,3月31日,有
6952,カシオ計算機,プライム（内国株式）,電気機器,電機・精密,TOPIX Mid400,E01935,カシオ計算機株式会社,3月31日,有
6954,ファナック,プライム（内国株式）,電気機器,電機・精密,TOPIX Large70,E01946,ファナック株式会社,3月31日,有
6955,ＦＤＫ,スタンダード（内国株式）,電気機器,電機・精密,-,E01896,ＦＤＫ株式会社,3月31日,有
6958,日本シイエムケイ,プライム（内国株式）,電気機器,電機・精密,TOPIX Small 2,E01959,日本シイエムケイ株式会社,3月31日,有
6960,フクダ電子,スタンダード（内国株式）,電気機器,電機・精密,-,E02304,フクダ電子株式会社,3月31日,有
6961,エンプラス,プライム（内国株式）,電気機器,電機・精密,TOPIX Small 2,E02390,株式会社エンプラス,3月31日,有
6962,大真空,プライム（内国株式）,電気機器,電機・精密,TOPIX Small 2,E01952,株式会社大真空,3月31日,有
6963,ローム,プライム（内国株式）,電気機器,電機・精密,TOPIX Mid400,E01953,ローム株式会社,3月31日,有
6964,サンコー,スタンダード（内国株式）,電気機器,電機・精密,-,E01954,株式会社サンコー,3月31日,有
6965,浜松ホトニクス,プライム（内国株式）,電気機器,電機・精密,TOPIX Mid400,E01955,浜松ホトニクス株式会社,9月30日,有
6966,三井ハイテック,プライム（内国株式）,電気機器,電機・精密,TOPIX Small 1,E02293,株式会社三井ハイテック,1月31日,有
6969,松尾電機,スタンダード（内国株式）,電気機器,電機・精密,-,E01933,松尾電機株式会社,3月31日,無
6971,京セラ,プライム（内国株式）,電気機器,電機・精密,TOPIX Large70,E01182,京セラ株式会社,3月31日,有
6976,太陽誘電,プライム（内国株式）,電気機器,電機・精密,TOPIX Mid400,E01824,太陽誘電株式会社,3月31日,有
6977,日本抵抗器製作所,スタンダード（内国株式）,電気機器,電機・精密,-,E01906,株式会社日本抵抗器製作所,12月31日,有
6981,村田製作所,プライム（内国株式）,電気機器,電機・精密,TOPIX Large70,E01914,株式会社村田製作所,3月31日,有
6982,リード,スタンダード（内国株式）,輸送用機器,自動車・輸送機,-,E01916,株式会社リード,3月31日,無
6986,双葉電子工業,プライム（内国株式）,電気機器,電機・精密,TOPIX Small 2,E01841,双葉電子工業株式会社,3月31日,有
6988,日東電工,プライム（内国株式）,化学,素材・化学,TOPIX Mid400,E01888,日東電工株式会社,3月31日,有
6989,北陸電気工業,スタンダード（内国株式）,電気機器,電機・精密,-,E01817,北陸電気工業株式会社,3月31日,有
6993,大黒屋ホールディングス,スタンダード（内国株式）,小売業,小売,-,E01891,大黒屋ホールディングス株式会社,3月31日,有
6994,指月電機製作所,スタンダード（内国株式）,電気機器,電機・精密,-,E01899,株式会社指月電機製作所,3月31日,有
6995,東海理化電機製作所,プライム（内国株式）,輸送用機器,自動車・輸送機,TOPIX Small 1,E01898,株式会社東海理化電機製作所,3月31日,有
6996,ニチコン,プライム（内国株式）,電気機器,電機・精密,TOPIX Small 1,E01904,ニチコン株式会社,3月31日,有
6997,日本ケミコン,プライム（内国株式）,電気機器,電機・精密,TOPIX Small 2,E01926,日本ケミコン株式会社,3月31日,有
6998,日本タングステン,スタンダード（内国株式）,電気機器,電機・精密,-,E01907,日本タングステン株式会社,3月31日,有
6999,ＫＯＡ,プライム（内国株式）,電気機器,電機・精密,TOPIX Small 1,E01902,ＫＯＡ株式会社,3月31日,有
7003,三井Ｅ＆Ｓ,プライム（内国株式）,機械,機械,TOPIX Mid400,E02123,株式会社三井Ｅ＆Ｓ,3月31日,有
7004,カナデビア,プライム（内国株式）,機械,機械,TOPIX Small 1,E02124,カナデビア株式会社,3月31日,有
7011,三菱重工業,プライム（内国株式）,機械,機械,TOPIX Core30,E02126,三菱重工業株式会社,3月31日,有
7012,川崎重工業,プライム（内国株式）,輸送用機器,自動車・輸送機,TOPIX Mid400,E02127,川崎重工業株式会社,3月31日,有
7013,ＩＨＩ,プライム（内国株式）,機械,機械,TOPIX Mid400,E02128,株式会社ＩＨＩ,3月31日,有
7014,名村造船所,スタンダード（内国株式）,輸送用機器,自動車・輸送機,TOPIX Small 1,E02129,株式会社名村造船所,3月31日,有
7018,内海造船,スタンダード（内国株式）,輸送用機器,自動車・輸送機,-,E02131,内海造船株式会社,3月31日,有
7021,ニッチツ,スタンダード（内国株式）,機械,機械,-,E00035,株式会社ニッチツ,3月31日,有
7022,サノヤスホールディングス,スタンダード（内国株式）,機械,機械,-,E25662,サノヤスホールディングス株式会社,3月31日,有
7030,スプリックス,スタンダード（内国株式）,サービス業,情報通信・サービスその他,-,E34053,株式会社スプリックス,9月30日,無
7033,マネジメントソリューションズ,プライム（内国株式）,サービス業,情報通信・サービスその他,TOPIX Small 2,E34142,株式会社マネジメントソリューションズ,12月31日,有
7034,プロレド・パートナーズ,プライム（内国株式）,サービス業,情報通信・サービスその他,TOPIX Small 2,E34148,株式会社プロレド・パートナーズ,10月末日,有
7035,ａｎｄ　ｆａｃｔｏｒｙ,スタンダード（内国株式）,サービス業,情報通信・サービスその他,-,E34238,ａｎｄ　ｆａｃｔｏｒｙ株式会社,8月31日,有
7037,テノ．ホールディングス,スタンダード（内国株式）,サービス業,情報通信・サービスその他,-,E34276,株式会社テノ．ホールディングス,12月31日,有
7038,フロンティア・マネジメント,プライム（内国株式）,サービス業,情報通信・サービスその他,TOPIX Small 2,E34290,フロンティア・マネジメント株式会社,12月31日,有
7040,サン・ライフホールディング,スタンダード（内国株式）,サービス業,情報通信・サービスその他,-,E34097,株式会社サン・ライフホールディング,3月31日,無
7042,アクセスグループ・ホールディングス,スタンダード（内国株式）,サービス業,情報通信・サービスその他,-,E34379,株式会社アクセスグループ・ホールディングス,9月30日,有
7044,ピアラ,スタンダード（内国株式）,サービス業,情報通信・サービスその他,-,E34484,株式会社ピアラ,12月31日,有
7057,エヌ・シー・エヌ,スタンダード（内国株式）,サービス業,情報通信・サービスその他,-,E34716,株式会社エヌ・シー・エヌ,3月末日,有
7058,共栄セキュリティーサービス,スタンダード（内国株式）,サービス業,情報通信・サービスその他,-,E34722,共栄セキュリティーサービス株式会社,3月31日,有
7059,コプロ・ホールディングス,プライム（内国株式）,サービス業,情報通信・サービスその他,-,E34699,株式会社コプロ・ホールディングス,3月31日,有
7060,ギークス,スタンダード（内国株式）,サービス業,情報通信・サービスその他,-,E34720,ギークス株式会社,3月末日,有
7064,ハウテレビジョン,スタンダード（内国株式）,サービス業,情報通信・サービスその他,-,E34866,株式会社ハウテレビジョン,1月31日,有
7065,ユーピーアール,スタンダード（内国株式）,サービス業,情報通信・サービスその他,-,E31743,ユーピーアール株式会社,8月末日,有
7071,アンビスホールディングス,プライム（内国株式）,サービス業,情報通信・サービスその他,TOPIX Small 2,E35140,株式会社アンビスホールディングス,9月30日,有
7081,コーユーレンティア,スタンダード（内国株式）,サービス業,情報通信・サービスその他,-,E35139,コーユーレンティア株式会社,12月末日,有
7085,カーブスホールディングス,プライム（内国株式）,サービス業,情報通信・サービスその他,TOPIX Small 1,E35488,株式会社カーブスホールディングス,8月31日,有
7087,ウイルテック,スタンダード（内国株式）,サービス業,情報通信・サービスその他,-,E35470,株式会社ウイルテック,3月31日,有
7095,Ｍａｃｂｅｅ　Ｐｌａｎｅｔ,プライム（内国株式）,サービス業,情報通信・サービスその他,TOPIX Small 2,E35534,株式会社Ｍａｃｂｅｅ　Ｐｌａｎｅｔ,4月末日,有
7102,日本車輌製造,プライム（内国株式）,輸送用機器,自動車・輸送機,TOPIX Small 2,E02134,日本車輌製造株式会社,3月31日,有
7111,ＩＮＥＳＴ,スタンダード（内国株式）,卸売業,商社・卸売,-,E37831,ＩＮＥＳＴ株式会社,3月31日,有
7115,アルファパーチェス,スタンダード（内国株式）,卸売業,商社・卸売,-,E38118,株式会社アルファパーチェス,12月31日,無
7120,ＳＨＩＮＫＯ,スタンダード（内国株式）,卸売業,商社・卸売,-,E38443,株式会社ＳＨＩＮＫＯ,3月末日,無
7122,近畿車輛,スタンダード（内国株式）,輸送用機器,自動車・輸送機,-,E02138,近畿車輛株式会社,3月31日,有
7126,グローバルスタイル,スタンダード（内国株式）,小売業,小売,-,E36658,グローバルスタイル株式会社,7月末日,無
7127,一家ホールディングス,スタンダード（内国株式）,小売業,小売,-,E36757,株式会社一家ホールディングス,3月31日,有
7128,ユニソルホールディングス,プライム（内国株式）,卸売業,商社・卸売,TOPIX Small 1,E36707,ユニソルホールディングス株式会社,12月31日,有
7129,ミアヘルサホールディングス,スタンダード（内国株式）,小売業,小売,-,E36714,ミアヘルサホールディングス株式会社,3月31日,有
7130,ヤマエグループホールディングス,プライム（内国株式）,卸売業,商社・卸売,TOPIX Small 1,E36756,ヤマエグループホールディングス株式会社,3月31日,有
7131,のむら産業,スタンダード（内国株式）,卸売業,商社・卸売,-,E37082,のむら産業株式会社,10月末日,有
7134,アップガレージグループ,スタンダード（内国株式）,小売業,小売,-,E37143,株式会社アップガレージグループ,3月31日,有
7135,ジャパンクラフトホールディングス,スタンダード（内国株式）,小売業,小売,-,E36969,ジャパンクラフトホールディングス株式会社,6月30日,有
7148,ＦＰＧ,プライム（内国株式）,証券、商品先物取引業,金融（除く銀行）,TOPIX Small 1,E24651,株式会社ＦＰＧ,9月末日,有
7150,島根銀行,スタンダード（内国株式）,銀行業,銀行,-,E03679,株式会社島根銀行,3月31日,有
7157,ライフネット生命保険,プライム（内国株式）,保険業,金融（除く銀行）,TOPIX Small 1,E26327,ライフネット生命保険株式会社,3月31日,無
7161,じもとホールディングス,スタンダード（内国株式）,銀行業,銀行,-,E26686,株式会社じもとホールディングス,3月31日,有
7162,アストマックス,スタンダード（内国株式）,電気・ガス業,電力・ガス,-,E26813,アストマックス株式会社,3月31日,有
7164,全国保証,プライム（内国株式）,その他金融業,金融（除く銀行）,TOPIX Mid400,E09753,全国保証株式会社,3月31日,有
7167,めぶきフィナンシャルグループ,プライム（内国株式）,銀行業,銀行,TOPIX Mid400,E30103,株式会社めぶきフィナンシャルグループ,3月31日,有
7172,ジャパンインベストメントアドバイザー,プライム（内国株式）,証券、商品先物取引業,金融（除く銀行）,TOPIX Small 1,E30841,株式会社ジャパンインベストメントアドバイザー,12月31日,有
7173,東京きらぼしフィナンシャルグループ,プライム（内国株式）,銀行業,銀行,TOPIX Small 1,E30746,株式会社東京きらぼしフィナンシャルグループ,3月末日,有
7175,今村証券,スタンダード（内国株式）,証券、商品先物取引業,金融（除く銀行）,-,E30982,今村証券株式会社,3月末日,無
7177,ＧＭＯフィナンシャルホールディングス,スタンダード（内国株式）,証券、商品先物取引業,金融（除く銀行）,-,E26815,ＧＭＯフィナンシャルホールディングス株式会社,12月31日,有
7180,九州フィナンシャルグループ,プライム（内国株式）,銀行業,銀行,TOPIX Mid400,E31612,株式会社九州フィナンシャルグループ,3月31日,有
7181,かんぽ生命保険,プライム（内国株式）,保険業,金融（除く銀行）,TOPIX Mid400,E31755,株式会社かんぽ生命保険,3月末日,有
7182,ゆうちょ銀行,プライム（内国株式）,銀行業,銀行,TOPIX Large70,E31775,株式会社ゆうちょ銀行,3月末日,無
7183,あんしん保証,スタンダード（内国株式）,その他金融業,金融（除く銀行）,-,E31905,あんしん保証株式会社,3月末日,無
7184,富山第一銀行,プライム（内国株式）,銀行業,銀行,TOPIX Small 1,E03646,株式会社　富山第一銀行,3月31日,有
7185,ヒロセ通商,スタンダード（内国株式）,証券、商品先物取引業,金融（除く銀行）,-,E32109,ヒロセ通商株式会社,3月末日,有
7186,横浜フィナンシャルグループ,プライム（内国株式）,銀行業,銀行,TOPIX Mid400,E32022,株式会社横浜フィナンシャルグループ,3月31日,有
7187,ジェイリース,プライム（内国株式）,その他金融業,金融（除く銀行）,TOPIX Small 2,E32412,ジェイリース株式会社,3月31日,有
7189,西日本フィナンシャルホールディングス,プライム（内国株式）,銀行業,銀行,TOPIX Mid400,E32447,株式会社西日本フィナンシャルホールディングス,3月31日,有
7191,イントラスト,スタンダード（内国株式）,その他金融業,金融（除く銀行）,-,E32763,株式会社イントラスト,3月末日,無
7192,日本モーゲージサービス,スタンダード（内国株式）,その他金融業,金融（除く銀行）,-,E32803,日本モーゲージサービス株式会社,3月31日,有
7196,Ｃａｓａ,スタンダード（内国株式）,その他金融業,金融（除く銀行）,-,E33485,株式会社Ｃａｓａ,1月31日,無
7198,ＳＢＩアルヒ,プライム（内国株式）,その他金融業,金融（除く銀行）,TOPIX Small 2,E33625,ＳＢＩアルヒ株式会社,3月末日,有
7199,プレミアグループ,プライム（内国株式）,その他金融業,金融（除く銀行）,TOPIX Small 1,E33624,プレミアグループ株式会社,3月末日,有
7201,日産自動車,プライム（内国株式）,輸送用機器,自動車・輸送機,TOPIX Mid400,E02142,日産自動車株式会社,3月31日,有
7202,いすゞ自動車,プライム（内国株式）,輸送用機器,自動車・輸送機,TOPIX Mid400,E02143,いすゞ自動車株式会社,3月31日,有
7203,トヨタ自動車,プライム（内国株式）,輸送用機器,自動車・輸送機,TOPIX Core30,E02144,トヨタ自動車株式会社,3月31日,有
7208,カネミツ,スタンダード（内国株式）,輸送用機器,自動車・輸送機,-,E02248,株式会社カネミツ,3月31日,有
7211,三菱自動車工業,プライム（内国株式）,輸送用機器,自動車・輸送機,TOPIX Mid400,E02213,三菱自動車工業株式会社,3月31日,有
7212,エフテック,スタンダード（内国株式）,輸送用機器,自動車・輸送機,-,E02229,株式会社エフテック,3月31日,有
7213,レシップホールディングス,スタンダード（内国株式）,輸送用機器,自動車・輸送機,-,E02105,レシップホールディングス株式会社,3月31日,有
7214,ＧＭＢ,スタンダード（内国株式）,輸送用機器,自動車・輸送機,-,E02247,ＧＭＢ株式会社,3月31日,有
7215,ファルテック,スタンダード（内国株式）,輸送用機器,自動車・輸送機,-,E02246,株式会社ファルテック,3月31日,有
7217,テイン,スタンダード（内国株式）,輸送用機器,自動車・輸送機,-,E02242,株式会社テイン,3月31日,有
7218,田中精密工業,スタンダード（内国株式）,輸送用機器,自動車・輸送機,-,E02241,田中精密工業株式会社,3月31日,有
7219,エッチ・ケー・エス,スタンダード（内国株式）,輸送用機器,自動車・輸送機,-,E02238,株式会社エッチ・ケー・エス,8月31日,有
7220,武蔵精密工業,プライム（内国株式）,輸送用機器,自動車・輸送機,TOPIX Small 1,E02237,武蔵精密工業株式会社,3月31日,有
7222,日産車体,スタンダード（内国株式）,輸送用機器,自動車・輸送機,TOPIX Small 2,E02150,日産車体株式会社,3月31日,有
7224,新明和工業,プライム（内国株式）,輸送用機器,自動車・輸送機,TOPIX Small 1,E02252,新明和工業株式会社,3月31日,有
7226,極東開発工業,プライム（内国株式）,輸送用機器,自動車・輸送機,TOPIX Small 1,E02170,極東開発工業株式会社,3月31日,有
7228,デイトナ,スタンダード（内国株式）,輸送用機器,自動車・輸送機,-,E02877,株式会社デイトナ,12月31日,有
7231,トピー工業,プライム（内国株式）,輸送用機器,自動車・輸送機,TOPIX Small 2,E01230,トピー工業株式会社,3月31日,有
7235,東京ラヂエーター製造,スタンダード（内国株式）,輸送用機器,自動車・輸送機,-,E02158,東京ラヂエーター製造株式会社,3月31日,有
7236,ティラド,プライム（内国株式）,輸送用機器,自動車・輸送機,TOPIX Small 2,E02155,株式会社ティラド,3月31日,有
7238,曙ブレーキ工業,プライム（内国株式）,輸送用機器,自動車・輸送機,TOPIX Small 2,E02161,曙ブレーキ工業株式会社,3月31日,有
7239,タチエス,プライム（内国株式）,輸送用機器,自動車・輸送機,TOPIX Small 1,E02210,株式会社タチエス,3月31日,有
7240,ＮＯＫ,プライム（内国株式）,輸送用機器,自動車・輸送機,TOPIX Mid400,E02176,ＮＯＫ株式会社,3月31日,有
7241,フタバ産業,プライム（内国株式）,輸送用機器,自動車・輸送機,TOPIX Small 1,E02195,フタバ産業株式会社,3月31日,有
7242,カヤバ,プライム（内国株式）,輸送用機器,自動車・輸送機,TOPIX Small 1,E02147,カヤバ株式会社,3月31日,有
7244,市光工業,プライム（内国株式）,電気機器,電機・精密,TOPIX Small 2,E02177,市光工業株式会社,12月31日,有
7245,大同メタル工業,プライム（内国株式）,輸送用機器,自動車・輸送機,TOPIX Small 2,E02175,大同メタル工業株式会社,3月31日,有
7246,プレス工業,プライム（内国株式）,輸送用機器,自動車・輸送機,TOPIX Small 1,E02154,プレス工業株式会社,3月31日,有
7247,ミクニ,スタンダード（内国株式）,輸送用機器,自動車・輸送機,-,E02172,株式会社ミクニ,3月31日,有
7254,ユニバンス,スタンダード（内国株式）,輸送用機器,自動車・輸送機,-,E02183,株式会社ユニバンス,3月31日,有
7255,桜井製作所,スタンダード（内国株式）,輸送用機器,自動車・輸送機,-,E01644,株式会社　桜井製作所,3月31日,有
7256,河西工業,スタンダード（内国株式）,輸送用機器,自動車・輸送機,-,E02174,河西工業株式会社,3月31日,有
7259,アイシン,プライム（内国株式）,輸送用機器,自動車・輸送機,TOPIX Mid400,E01593,株式会社アイシン,3月31日,有
7261,マツダ,プライム（内国株式）,輸送用機器,自動車・輸送機,TOPIX Mid400,E02163,マツダ株式会社,3月31日,有
7264,ムロコーポレーション,スタンダード（内国株式）,輸送用機器,自動車・輸送機,-,E02234,株式会社ムロコーポレーション,3月31日,有
7265,エイケン工業,スタンダード（内国株式）,輸送用機器,自動車・輸送機,-,E02232,エイケン工業株式会社,10月31日,無
7266,今仙電機製作所,スタンダード（内国株式）,輸送用機器,自動車・輸送機,-,E02231,株式会社今仙電機製作所,3月31日,有
7267,本田技研工業,プライム（内国株式）,輸送用機器,自動車・輸送機,TOPIX Core30,E02166,本田技研工業株式会社,3月31日,有
7269,スズキ,プライム（内国株式）,輸送用機器,自動車・輸送機,TOPIX Large70,E02167,スズキ株式会社,3月31日,有
7270,ＳＵＢＡＲＵ,プライム（内国株式）,輸送用機器,自動車・輸送機,TOPIX Large70,E02152,株式会社ＳＵＢＡＲＵ,3月31日,有
7271,安永,スタンダード（内国株式）,輸送用機器,自動車・輸送機,-,E02227,株式会社安永,3月31日,有
7272,ヤマハ発動機,プライム（内国株式）,輸送用機器,自動車・輸送機,TOPIX Mid400,E02168,ヤマハ発動機株式会社,12月31日,有
7273,イクヨ,スタンダード（内国株式）,輸送用機器,自動車・輸送機,-,E02226,株式会社イクヨ,3月31日,無
7276,小糸製作所,プライム（内国株式）,電気機器,電機・精密,TOPIX Mid400,E02140,株式会社小糸製作所,3月31日,有
7277,ＴＢＫ,スタンダード（内国株式）,輸送用機器,自動車・輸送機,-,E02201,株式会社ＴＢＫ,3月31日,有
7278,エクセディ,プライム（内国株式）,輸送用機器,自動車・輸送機,TOPIX Small 1,E02203,株式会社エクセディ,3月31日,有
7279,ハイレックスコーポレーション,スタンダード（内国株式）,輸送用機器,自動車・輸送機,-,E02204,株式会社ハイレックスコーポレーション,10月31日,有
7280,ミツバ,プライム（内国株式）,電気機器,電機・精密,TOPIX Small 1,E02205,株式会社ミツバ,3月31日,有
7282,豊田合成,プライム（内国株式）,輸送用機器,自動車・輸送機,TOPIX Mid400,E01108,豊田合成株式会社,3月31日,有
7283,愛三工業,プライム（内国株式）,輸送用機器,自動車・輸送機,TOPIX Small 1,E02162,愛三工業株式会社,3月31日,有
7284,盟和産業,スタンダード（内国株式）,輸送用機器,自動車・輸送機,-,E02387,盟和産業株式会社,3月31日,有
7287,日本精機,スタンダード（内国株式）,輸送用機器,自動車・輸送機,-,E02214,日本精機株式会社,3月31日,有
7291,日本プラスト,スタンダード（内国株式）,輸送用機器,自動車・輸送機,-,E02216,日本プラスト株式会社,3月31日,有
7292,村上開明堂,スタンダード（内国株式）,輸送用機器,自動車・輸送機,-,E02217,株式会社村上開明堂,3月31日,有
7294,ヨロズ,プライム（内国株式）,輸送用機器,自動車・輸送機,TOPIX Small 2,E02219,株式会社ヨロズ,3月31日,有
7296,エフ・シー・シー,プライム（内国株式）,輸送用機器,自動車・輸送機,TOPIX Small 1,E02221,株式会社エフ・シー・シー,3月31日,有
7297,カーメイト,スタンダード（内国株式）,輸送用機器,自動車・輸送機,-,E02223,株式会社カーメイト,3月31日,有
7299,フジオーゼックス,スタンダード（内国株式）,輸送用機器,自動車・輸送機,-,E02225,フジオーゼックス株式会社,3月31日,有
7305,新家工業,スタンダード（内国株式）,鉄鋼,鉄鋼・非鉄,-,E02258,新家工業株式会社,3月31日,有
7309,シマノ,プライム（内国株式）,輸送用機器,自動車・輸送機,TOPIX Large70,E02257,株式会社シマノ,12月31日,有
7313,テイ・エス　テック,プライム（内国株式）,輸送用機器,自動車・輸送機,TOPIX Mid400,E02380,テイ・エス　テック株式会社,3月31日,有
7314,小田原機器,スタンダード（内国株式）,輸送用機器,自動車・輸送機,-,E22554,株式会社小田原機器,12月31日,有
7322,三十三フィナンシャルグループ,プライム（内国株式）,銀行業,銀行,TOPIX Small 2,E33693,株式会社三十三フィナンシャルグループ,3月31日,有
7327,第四北越フィナンシャルグループ,プライム（内国株式）,銀行業,銀行,TOPIX Small 1,E34113,株式会社第四北越フィナンシャルグループ,3月31日,有
7337,ひろぎんホールディングス,プライム（内国株式）,銀行業,銀行,TOPIX Mid400,E35810,株式会社ひろぎんホールディングス,3月31日,有
7347,マーキュリアホールディングス,プライム（内国株式）,証券、商品先物取引業,金融（除く銀行）,-,E36498,株式会社マーキュリアホールディングス,12月31日,有
7350,おきなわフィナンシャルグループ,プライム（内国株式）,銀行業,銀行,TOPIX Small 1,E36730,株式会社おきなわフィナンシャルグループ,3月31日,有
7354,ダイレクトマーケティングミックス,スタンダード（内国株式）,サービス業,情報通信・サービスその他,TOPIX Small 2,E35931,株式会社ダイレクトマーケティングミックス,12月末日,有
7357,ジオコード,スタンダード（内国株式）,サービス業,情報通信・サービスその他,-,E36078,株式会社ジオコード,2月末日,無
7358,ポピンズ,スタンダード（内国株式）,サービス業,情報通信・サービスその他,TOPIX Small 2,E35908,株式会社ポピンズ,12月31日,有
7366,ＬＩＴＡＬＩＣＯ,プライム（内国株式）,サービス業,情報通信・サービスその他,TOPIX Small 2,E36134,株式会社ＬＩＴＡＬＩＣＯ,3月31日,有
7367,セルム,スタンダード（内国株式）,サービス業,情報通信・サービスその他,-,E35610,株式会社セルム,3月末日,有
7368,表示灯,スタンダード（内国株式）,サービス業,情報通信・サービスその他,-,E36464,表示灯株式会社,3月31日,有
7377,ＤＮホールディングス,スタンダード（内国株式）,サービス業,情報通信・サービスその他,-,E36539,ＤＮホールディングス株式会社,6月30日,有
7380,十六フィナンシャルグループ,プライム（内国株式）,銀行業,銀行,TOPIX Small 1,E36703,株式会社十六フィナンシャルグループ,3月31日,有
7381,ＣＣＩグループ,プライム（内国株式）,銀行業,銀行,TOPIX Small 1,E36700,株式会社ＣＣＩグループ,3月31日,有
7383,ネットプロテクションズホールディングス,プライム（内国株式）,その他金融業,金融（除く銀行）,TOPIX Small 1,E37194,株式会社ネットプロテクションズホールディングス,3月31日,有
7384,プロクレアホールディングス,プライム（内国株式）,銀行業,銀行,TOPIX Small 2,E37412,株式会社プロクレアホールディングス,3月31日,有
7388,ＦＰパートナー,プライム（内国株式）,保険業,金融（除く銀行）,TOPIX Small 2,E37913,株式会社ＦＰパートナー,11月末日,無
7389,あいちフィナンシャルグループ,プライム（内国株式）,銀行業,銀行,TOPIX Small 1,E37781,株式会社あいちフィナンシャルグループ,3月31日,有
7399,ナンシン,スタンダード（内国株式）,輸送用機器,自動車・輸送機,-,E02447,株式会社ナンシン,3月31日,有
7412,アトム,スタンダード（内国株式）,小売業,小売,-,E03231,株式会社アトム,3月31日,無
7413,創健社,スタンダード（内国株式）,卸売業,商社・卸売,-,E02791,株式会社創健社,3月31日,有
7414,小野建,プライム（内国株式）,卸売業,商社・卸売,TOPIX Small 2,E01324,小野建株式会社,3月31日,有
7416,はるやまホールディングス,スタンダード（内国株式）,小売業,小売,-,E03233,株式会社はるやまホールディングス,3月31日,有
7417,南陽,スタンダード（内国株式）,卸売業,商社・卸売,-,E02792,株式会社南陽,3月31日,有
7419,ノジマ,プライム（内国株式）,小売業,小売,TOPIX Small 1,E03235,株式会社ノジマ,3月31日,有
7421,カッパ・クリエイト,プライム（内国株式）,小売業,小売,TOPIX Small 1,E03236,カッパ・クリエイト株式会社,3月31日,有
7422,東邦レマック,スタンダード（内国株式）,卸売業,商社・卸売,-,E02794,東邦レマック株式会社,12月20日,無
7425,初穂商事,スタンダード（内国株式）,卸売業,商社・卸売,-,E02797,初穂商事株式会社,12月31日,無
7426,山大,スタンダード（内国株式）,卸売業,商社・卸売,-,E02798,株式会社　山大,3月31日,有
7427,エコートレーディング,スタンダード（内国株式）,卸売業,商社・卸売,-,E02801,エコートレーディング株式会社,2月末日,有
7433,伯東,プライム（内国株式）,卸売業,商社・卸売,TOPIX Small 1,E02802,伯東株式会社,3月31日,有
7434,オータケ,スタンダード（内国株式）,卸売業,商社・卸売,-,E02803,株式会社オータケ,5月31日,無
7435,ナ・デックス,スタンダード（内国株式）,卸売業,商社・卸売,-,E02011,株式会社ナ・デックス,4月30日,有
7438,コンドーテック,プライム（内国株式）,卸売業,商社・卸売,TOPIX Small 2,E02804,コンドーテック株式会社,3月31日,有
7442,中山福,スタンダード（内国株式）,卸売業,商社・卸売,-,E02805,中山福株式会社,3月31日,無
7443,横浜魚類,スタンダード（内国株式）,卸売業,商社・卸売,-,E02806,横浜魚類株式会社,3月31日,有
7444,ハリマ共和物産,スタンダード（内国株式）,卸売業,商社・卸売,-,E02807,ハリマ共和物産株式会社,3月31日,有
7446,東北化学薬品,スタンダード（内国株式）,卸売業,商社・卸売,-,E02810,東北化学薬品株式会社,9月30日,有
7447,ナガイレーベン,プライム（内国株式）,卸売業,商社・卸売,TOPIX Small 2,E02809,ナガイレーベン株式会社,8月31日,有
7453,良品計画,プライム（内国株式）,小売業,小売,TOPIX Mid400,E03248,株式会社　良品計画,8月末日,有
7456,松田産業,プライム（内国株式）,卸売業,商社・卸売,TOPIX Small 1,E02821,松田産業株式会社,3月31日,有
7458,第一興商,プライム（内国株式）,卸売業,商社・卸売,TOPIX Mid400,E02824,株式会社第一興商,3月31日,有
7459,メディパルホールディングス,プライム（内国株式）,卸売業,商社・卸売,TOPIX Mid400,E02632,株式会社メディパルホールディングス,3月31日,有
7460,ヤギ,スタンダード（内国株式）,卸売業,商社・卸売,-,E02825,株式会社ヤギ,3月31日,有
7461,キムラ,スタンダード（内国株式）,卸売業,商社・卸売,-,E02823,株式会社キムラ,3月31日,有
7462,ＣＡＰＩＴＡ,スタンダード（内国株式）,小売業,小売,-,E03252,株式会社ＣＡＰＩＴＡ,3月31日,無
7463,アドヴァングループ,スタンダード（内国株式）,小売業,小売,TOPIX Small 2,E02826,株式会社アドヴァン,3月31日,有
7464,セフテック,スタンダード（内国株式）,卸売業,商社・卸売,-,E03251,セフテック株式会社,3月31日,有
7466,ＳＰＫ,プライム（内国株式）,卸売業,商社・卸売,TOPIX Small 2,E02827,ＳＰＫ株式会社,3月31日,有
7472,鳥羽洋行,スタンダード（内国株式）,卸売業,商社・卸売,-,E02833,株式会社鳥羽洋行,3月31日,無
7475,アルビス,プライム（内国株式）,小売業,小売,TOPIX Small 2,E02832,アルビス株式会社,3月31日,有
7476,アズワン,プライム（内国株式）,卸売業,商社・卸売,TOPIX Mid400,E02835,アズワン株式会社,3月31日,有
7477,ムラキ,スタンダード（内国株式）,卸売業,商社・卸売,-,E02836,ムラキ株式会社,3月31日,有
7480,スズデン,スタンダード（内国株式）,卸売業,商社・卸売,TOPIX Small 2,E02838,スズデン株式会社,3月31日,有
7481,尾家産業,スタンダード（内国株式）,卸売業,商社・卸売,-,E02837,尾家産業株式会社,3月31日,有
7482,シモジマ,プライム（内国株式）,卸売業,商社・卸売,TOPIX Small 2,E02839,株式会社シモジマ,3月31日,有
7483,ドウシシャ,プライム（内国株式）,卸売業,商社・卸売,TOPIX Small 2,E02840,株式会社ドウシシャ,3月31日,有
7486,サンリン,スタンダード（内国株式）,卸売業,商社・卸売,-,E02841,サンリン株式会社,3月31日,有
7487,小津産業,スタンダード（内国株式）,卸売業,商社・卸売,-,E02842,小津産業株式会社,5月31日,有
7490,日新商事,スタンダード（内国株式）,卸売業,商社・卸売,-,E02845,日新商事株式会社,3月31日,有
7494,コナカ,スタンダード（内国株式）,小売業,小売,-,E03259,株式会社コナカ,9月30日,有
7500,西川計測,スタンダード（内国株式）,卸売業,商社・卸売,-,E02847,西川計測株式会社,6月30日,無
7501,ティムコ,スタンダード（内国株式）,卸売業,商社・卸売,-,E02848,株式会社ティムコ,11月30日,無
7502,プラザホールディングス,スタンダード（内国株式）,サービス業,情報通信・サービスその他,-,E04960,株式会社プラザホールディングス,3月31日,有
7504,高速,プライム（内国株式）,卸売業,商社・卸売,TOPIX Small 2,E02850,株式会社高速,3月31日,有
7505,扶桑電通,スタンダード（内国株式）,卸売業,商社・卸売,-,E03264,扶桑電通株式会社,9月30日,無
7506,ハウス　オブ　ローゼ,スタンダード（内国株式）,小売業,小売,-,E03266,株式会社　ハウス　オブ　ローゼ,3月31日,無
7508,Ｇ‐７ホールディングス,プライム（内国株式）,小売業,小売,TOPIX Small 2,E03267,株式会社Ｇ‐７ホールディングス,3月31日,有
7509,アイエーグループ,スタンダード（内国株式）,小売業,小売,-,E03269,アイエーグループ株式会社,3月31日,有
7510,たけびし,プライム（内国株式）,卸売業,商社・卸売,TOPIX Small 2,E02851,株式会社たけびし,3月31日,有
7512,イオン北海道,スタンダード（内国株式）,小売業,小売,TOPIX Small 1,E03268,イオン北海道株式会社,2月末日,無
7513,コジマ,プライム（内国株式）,小売業,小売,TOPIX Small 1,E03270,株式会社コジマ,8月31日,有
7514,ヒマラヤ,スタンダード（内国株式）,小売業,小売,-,E03271,株式会社　ヒマラヤ,8月31日,有
7515,マルヨシセンター,スタンダード（内国株式）,小売業,小売,-,E03272,株式会社マルヨシセンター,2月末日,有
7516,コーナン商事,プライム（内国株式）,小売業,小売,TOPIX Small 1,E03273,コーナン商事株式会社,2月末日,有
7520,エコス,プライム（内国株式）,小売業,小売,TOPIX Small 2,E03274,株式会社エコス,2月末日,有
7521,ムサシ,スタンダード（内国株式）,卸売業,商社・卸売,-,E02855,株式会社ムサシ,3月31日,有
7522,ワタミ,プライム（内国株式）,小売業,小売,TOPIX Small 2,E03275,ワタミ株式会社,3月31日,有
7523,アールビバン,スタンダード（内国株式）,小売業,小売,-,E03276,アールビバン株式会社,3月31日,有
7524,マルシェ,スタンダード（内国株式）,小売業,小売,-,E03278,マルシェ株式会社,3月31日,有
7525,リックス,プライム（内国株式）,卸売業,商社・卸売,TOPIX Small 2,E02856,リックス株式会社,3月31日,有
7527,システムソフト,スタンダード（内国株式）,情報・通信業,情報通信・サービスその他,TOPIX Small 2,E02858,株式会社システムソフト,9月30日,有
7531,清和中央ホールディングス,スタンダード（内国株式）,卸売業,商社・卸売,-,E02861,清和中央ホールディングス株式会社,12月31日,有
7532,パン・パシフィック・インターナショナルホールディングス,プライム（内国株式）,小売業,小売,TOPIX Mid400,E03280,株式会社パン・パシフィック・インターナショナルホールディングス,6月30日,有
7537,丸文,プライム（内国株式）,卸売業,商社・卸売,TOPIX Small 2,E02864,丸文株式会社,3月31日,有
7538,大水,スタンダード（内国株式）,卸売業,商社・卸売,-,E02818,株式会社大水,3月31日,有
7539,アイナボホールディングス,スタンダード（内国株式）,卸売業,商社・卸売,-,E02865,株式会社アイナボホールディングス,9月30日,有
7544,スリーエフ,スタンダード（内国株式）,小売業,小売,-,E03286,株式会社スリーエフ,2月末日,有
7545,西松屋チェーン,プライム（内国株式）,小売業,小売,TOPIX Small 1,E03287,株式会社西松屋チェーン,2月20日,無
7550,ゼンショーホールディングス,プライム（内国株式）,小売業,小売,TOPIX Mid400,E03291,株式会社ゼンショーホールディングス,3月31日,有
7551,ウェッズ,スタンダード（内国株式）,輸送用機器,自動車・輸送機,-,E02870,株式会社ウェッズ,3月31日,有
7552,ハピネット,プライム（内国株式）,卸売業,商社・卸売,TOPIX Small 1,E02869,株式会社ハピネット,3月31日,有
7554,幸楽苑,プライム（内国株式）,小売業,小売,TOPIX Small 2,E03293,株式会社幸楽苑,3月31日,無
7555,大田花き,スタンダード（内国株式）,卸売業,商社・卸売,-,E02871,株式会社大田花き,3月31日,無
7561,ハークスレイ,スタンダード（内国株式）,小売業,小売,-,E03294,株式会社ハークスレイホールディングス,3月31日,有
7562,安楽亭,スタンダード（内国株式）,小売業,小売,-,E03295,株式会社安楽亭,3月31日,有
7564,ワークマン,スタンダード（内国株式）,小売業,小売,-,E03296,株式会社ワークマン,3月31日,無
7565,萬世電機,スタンダード（内国株式）,卸売業,商社・卸売,-,E02875,萬世電機株式会社,3月31日,有
7567,栄電子,スタンダード（内国株式）,卸売業,商社・卸売,-,E02878,株式会社栄電子,3月31日,有
7570,橋本総業ホールディングス,スタンダード（内国株式）,卸売業,商社・卸売,TOPIX Small 2,E02879,橋本総業ホールディングス株式会社,3月31日,有
7571,ヤマノホールディングス,スタンダード（内国株式）,小売業,小売,-,E03299,株式会社ヤマノホールディングス,3月31日,有
7575,日本ライフライン,プライム（内国株式）,卸売業,商社・卸売,TOPIX Small 1,E02881,日本ライフライン株式会社,3月31日,有
7578,ニチリョク,スタンダード（内国株式）,小売業,小売,-,E03304,株式会社ニチリョク,3月31日,無
7581,サイゼリヤ,プライム（内国株式）,小売業,小売,TOPIX Small 1,E03305,株式会社サイゼリヤ,8月31日,有
7585,かんなん丸,スタンダード（内国株式）,小売業,小売,-,E03306,株式会社かんなん丸,6月30日,有
7590,タカショー,スタンダード（内国株式）,卸売業,商社・卸売,TOPIX Small 2,E02888,株式会社タカショー,1月20日,有
7593,ＶＴホールディングス,プライム（内国株式）,小売業,小売,TOPIX Small 1,E02889,ＶＴホールディングス株式会社,3月31日,有
7595,アルゴグラフィックス,プライム（内国株式）,情報・通信業,情報通信・サービスその他,TOPIX Small 1,E05018,株式会社アルゴグラフィックス,3月31日,有
7596,魚力,プライム（内国株式）,小売業,小売,TOPIX Small 2,E03310,株式会社魚力,3月31日,有
7599,ＩＤＯＭ,プライム（内国株式）,卸売業,商社・卸売,TOPIX Small 1,E02892,株式会社ＩＤＯＭ,2月末日,有
7600,日本エム・ディ・エム,プライム（内国株式）,精密機器,電機・精密,TOPIX Small 2,E02894,株式会社　日本エム・ディ・エム,3月31日,有
7601,ポプラ,スタンダード（内国株式）,小売業,小売,-,E03312,株式会社ポプラ,2月末日,有
7602,レダックス,スタンダード（内国株式）,卸売業,商社・卸売,-,E02895,株式会社レダックス,3月31日,有
7603,ジーイエット,スタンダード（内国株式）,小売業,小売,-,E03313,ジーイエット株式会社,2月末日,無
7604,梅の花グループ,スタンダード（内国株式）,小売業,小売,-,E03314,株式会社梅の花グループ,4月30日,有
7606,ユナイテッドアローズ,プライム（内国株式）,小売業,小売,TOPIX Small 1,E03316,株式会社ユナイテッドアローズ,3月31日,有
7607,進和,プライム（内国株式）,卸売業,商社・卸売,TOPIX Small 2,E02896,株式会社進和,8月31日,有
7608,エスケイジャパン,スタンダード（内国株式）,卸売業,商社・卸売,-,E02897,株式会社エスケイジャパン,2月末日,有
7609,ダイトロン,プライム（内国株式）,卸売業,商社・卸売,TOPIX Small 2,E02898,ダイトロン株式会社,12月31日,有
7610,テイツー,スタンダード（内国株式）,小売業,小売,-,E03319,株式会社テイツー,2月末日,有
7611,ハイデイ日高,プライム（内国株式）,小売業,小売,TOPIX Small 1,E03318,株式会社ハイデイ日高,2月末日,無
7613,シークス,プライム（内国株式）,卸売業,商社・卸売,TOPIX Small 1,E02900,シークス株式会社,12月31日,有
7614,オーエムツーネットワーク,スタンダード（内国株式）,小売業,小売,-,E03317,株式会社オーエムツーネットワーク,1月31日,有
7615,京都きもの友禅ホールディングス,スタンダード（内国株式）,小売業,小売,-,E03320,株式会社京都きもの友禅ホールディングス,3月31日,有
7616,コロワイド,プライム（内国株式）,小売業,小売,TOPIX Mid400,E03321,株式会社　コロワイド,3月31日,有
7619,田中商事,スタンダード（内国株式）,卸売業,商社・卸売,-,E02902,田中商事株式会社,3月31日,有
7621,うかい,スタンダード（内国株式）,小売業,小売,-,E03324,株式会社うかい,3月31日,有
7624,ＮａＩＴＯ,スタンダード（内国株式）,卸売業,商社・卸売,-,E02903,株式会社ＮａＩＴＯ,2月末日,有
7625,グローバルダイニング,スタンダード（内国株式）,小売業,小売,-,E03327,株式会社グローバルダイニング,12月31日,有
7628,オーハシテクニカ,プライム（内国株式）,卸売業,商社・卸売,TOPIX Small 2,E02905,株式会社オーハシテクニカ,3月31日,有
7630,壱番屋,プライム（内国株式）,小売業,小売,TOPIX Small 1,E03329,株式会社壱番屋,2月28日,有
7634,星医療酸器,スタンダード（内国株式）,卸売業,商社・卸売,-,E03330,株式会社星医療酸器,3月31日,有
7636,ハンズマン,スタンダード（内国株式）,小売業,小売,-,E03331,株式会社ハンズマン,6月30日,無
7637,白銅,プライム（内国株式）,卸売業,商社・卸売,TOPIX Small 2,E03332,白銅株式会社,3月31日,有
7638,ＮＥＷ　ＡＲＴ　ＨＯＬＤＩＮＧＳ,スタンダード（内国株式）,小売業,小売,-,E03333,株式会社ＮＥＷ　ＡＲＴ　ＨＯＬＤＩＮＧＳ,3月31日,有
7640,トップカルチャー,スタンダード（内国株式）,小売業,小売,-,E03336,株式会社トップカルチャー,10月31日,有
7643,ダイイチ,スタンダード（内国株式）,小売業,小売,-,E03340,株式会社ダイイチ,9月30日,無
7646,ＰＬＡＮＴ,スタンダード（内国株式）,小売業,小売,-,E03343,株式会社ＰＬＡＮＴ,9月20日,無
7649,スギホールディングス,プライム（内国株式）,小売業,小売,TOPIX Mid400,E03344,スギホールディングス株式会社,2月末日,有
7670,オーウエル,スタンダード（内国株式）,卸売業,商社・卸売,-,E34470,オーウエル株式会社,3月末日,有
7673,ダイコー通産,スタンダード（内国株式）,卸売業,商社・卸売,-,E34644,ダイコー通産株式会社,5月31日,無
7677,ヤシマキザイ,スタンダード（内国株式）,卸売業,商社・卸売,-,E34499,株式会社ヤシマキザイ,3月31日,有
7678,あさくま,スタンダード（内国株式）,小売業,小売,-,E34704,株式会社あさくま,1月31日,有
7679,薬王堂ホールディングス,プライム（内国株式）,小売業,小売,TOPIX Small 2,E34943,株式会社薬王堂ホールディングス,2月末日,有
7681,レオクラン,スタンダード（内国株式）,卸売業,商社・卸売,-,E34455,株式会社レオクラン,9月30日,有
7682,浜木綿,スタンダード（内国株式）,小売業,小売,-,E35125,株式会社浜木綿,7月31日,無
7683,ダブルエー,プライム（内国株式）,小売業,小売,TOPIX Small 2,E35170,株式会社ダブルエー,1月31日,有
7686,ひとまいる,スタンダード（内国株式）,小売業,小売,-,E35334,株式会社ひとまいる,3月末日,有
7692,アースインフィニティ,スタンダード（内国株式）,電気・ガス業,電力・ガス,-,E35932,株式会社アースインフィニティ,7月末日,無
7698,アイスコ,スタンダード（内国株式）,卸売業,商社・卸売,-,E36435,株式会社アイスコ,3月31日,無
7701,島津製作所,プライム（内国株式）,精密機器,電機・精密,TOPIX Mid400,E02265,株式会社　島津製作所,3月31日,有
7702,ＪＭＳ,スタンダード（内国株式）,精密機器,電機・精密,TOPIX Small 2,E02303,株式会社ジェイ・エム・エス（称号　株式会社　ＪＭＳ）,3月31日,有
7709,クボテック,スタンダード（内国株式）,精密機器,電機・精密,-,E02337,クボテック株式会社,3月31日,有
7711,助川電気工業,スタンダード（内国株式）,精密機器,電機・精密,-,E01997,助川電気工業株式会社,9月30日,有
7713,シグマ光機,スタンダード（内国株式）,精密機器,電機・精密,-,E02323,シグマ光機株式会社,5月31日,有
7715,長野計器,プライム（内国株式）,精密機器,電機・精密,TOPIX Small 2,E02329,長野計器株式会社,3月31日,有
7716,ナカニシ,スタンダード（内国株式）,精密機器,電機・精密,-,E02331,株式会社ナカニシ,12月31日,有
7717,ブイ・テクノロジー,プライム（内国株式）,精密機器,電機・精密,TOPIX Small 2,E02334,株式会社ブイ・テクノロジー,3月31日,有
7719,東京衡機,スタンダード（内国株式）,精密機器,電機・精密,-,E01587,株式会社東京衡機,2月末日,有
7721,東京計器,プライム（内国株式）,精密機器,電機・精密,TOPIX Small 1,E02266,東京計器株式会社,3月31日,有
7722,国際計測器,スタンダード（内国株式）,精密機器,電機・精密,-,E02335,国際計測器株式会社,3月31日,有
7723,愛知時計電機,プライム（内国株式）,精密機器,電機・精密,TOPIX Small 2,E02267,愛知時計電機株式会社,3月31日,有
7725,インターアクション,プライム（内国株式）,精密機器,電機・精密,TOPIX Small 2,E02336,株式会社インターアクション,5月31日,有
7726,黒田精工,スタンダード（内国株式）,機械,機械,-,E02269,黒田精工株式会社,3月31日,有
7727,オーバル,スタンダード（内国株式）,精密機器,電機・精密,-,E02270,株式会社オーバル,3月31日,有
7729,東京精密,プライム（内国株式）,精密機器,電機・精密,TOPIX Mid400,E02289,株式会社東京精密,3月31日,有
7730,マニー,プライム（内国株式）,精密機器,電機・精密,TOPIX Small 1,E02340,マニー株式会社,8月31日,有
7731,ニコン,プライム（内国株式）,精密機器,電機・精密,TOPIX Mid400,E02271,株式会社ニコン,3月31日,有
7733,オリンパス,プライム（内国株式）,精密機器,電機・精密,TOPIX Large70,E02272,オリンパス株式会社,3月31日,有
7734,理研計器,プライム（内国株式）,精密機器,電機・精密,TOPIX Small 1,E02285,理研計器株式会社,3月31日,有
7735,ＳＣＲＥＥＮホールディングス,プライム（内国株式）,電気機器,電機・精密,TOPIX Mid400,E02288,株式会社ＳＣＲＥＥＮホールディングス,3月31日,有
7740,タムロン,プライム（内国株式）,精密機器,電機・精密,TOPIX Small 1,E02308,株式会社タムロン,12月31日,有
7741,ＨＯＹＡ,プライム（内国株式）,精密機器,電機・精密,TOPIX Core30,E01124,ＨＯＹＡ株式会社,3月31日,有
7743,シード,スタンダード（内国株式）,精密機器,電機・精密,-,E02414,株式会社シード,3月31日,有
7744,ノーリツ鋼機,プライム（内国株式）,精密機器,電機・精密,TOPIX Small 1,E02322,ノーリツ鋼機株式会社,12月31日,有
7745,Ａ＆Ｄホロンホールディングス,プライム（内国株式）,精密機器,電機・精密,TOPIX Small 1,E02344,株式会社Ａ＆Ｄホロンホールディングス,3月31日,無
7746,岡本硝子,スタンダード（内国株式）,精密機器,電機・精密,-,E01221,岡本硝子株式会社,3月31日,有
7747,朝日インテック,プライム（内国株式）,精密機器,電機・精密,TOPIX Mid400,E02349,朝日インテック株式会社,6月30日,有
7749,メディキット,スタンダード（内国株式）,精密機器,電機・精密,-,E02354,メディキット株式会社,3月31日,有
7751,キヤノン,プライム（内国株式）,電気機器,電機・精密,TOPIX Large70,E02274,キヤノン株式会社,12月31日,有
7752,リコー,プライム（内国株式）,電気機器,電機・精密,TOPIX Mid400,E02275,株式会社リコー,3月31日,有
7760,ＩＭＶ,スタンダード（内国株式）,精密機器,電機・精密,-,E02352,ＩＭＶ株式会社,9月30日,有
7762,シチズン時計,プライム（内国株式）,精密機器,電機・精密,TOPIX Small 1,E02281,シチズン時計株式会社,3月31日,有
7769,リズム,プライム（内国株式）,精密機器,電機・精密,-,E02294,リズム株式会社,3月31日,有
7771,日本精密,スタンダード（内国株式）,精密機器,電機・精密,-,E02325,日本精密株式会社,3月31日,有
7775,大研医器,スタンダード（内国株式）,精密機器,電機・精密,-,E22509,大研医器株式会社,3月31日,無
7780,メニコン,プライム（内国株式）,精密機器,電機・精密,TOPIX Small 1,E31560,株式会社メニコン,3月末日,有
7781,平山ホールディングス,スタンダード（内国株式）,精密機器,電機・精密,-,E31602,株式会社平山ホールディングス,6月30日,有
7782,シンシア,スタンダード（内国株式）,精密機器,電機・精密,-,E32784,株式会社シンシア,12月31日,有
7791,ドリームベッド,スタンダード（内国株式）,その他製品,情報通信・サービスその他,-,E36627,ドリームベッド株式会社,3月31日,無
7795,ＫＹＯＲＩＴＳＵ,スタンダード（内国株式）,その他製品,情報通信・サービスその他,-,E37814,株式会社ＫＹＯＲＩＴＳＵ,3月31日,無
7800,アミファ,スタンダード（内国株式）,その他製品,情報通信・サービスその他,-,E34028,株式会社アミファ,9月末日,無
7804,ビーアンドピー,スタンダード（内国株式）,その他製品,情報通信・サービスその他,-,E34800,株式会社ビーアンドピー,10月31日,無
7805,プリントネット,スタンダード（内国株式）,その他製品,情報通信・サービスその他,-,E34363,プリントネット株式会社,8月31日,無
7807,幸和製作所,スタンダード（内国株式）,その他製品,情報通信・サービスその他,-,E33491,株式会社幸和製作所,2月末日,有
7808,シー・エス・ランバー,スタンダード（内国株式）,その他製品,情報通信・サービスその他,-,E33497,株式会社シー・エス・ランバー,5月31日,有
7809,壽屋,スタンダード（内国株式）,その他製品,情報通信・サービスその他,-,E33392,株式会社壽屋,6月30日,無
7810,クロスフォー,スタンダード（内国株式）,その他製品,情報通信・サービスその他,-,E33313,株式会社クロスフォー,7月末日,有
7811,中本パックス,スタンダード（内国株式）,その他製品,情報通信・サービスその他,-,E31924,中本パックス株式会社,2月末日,有
7812,クレステック,スタンダード（内国株式）,その他製品,情報通信・サービスその他,-,E31622,株式会社クレステック,6月末日,有
7813,プラッツ,スタンダード（内国株式）,その他製品,情報通信・サービスその他,-,E31344,株式会社プラッツ,6月30日,有
7814,日本創発グループ,スタンダード（内国株式）,その他製品,情報通信・サービスその他,-,E30930,株式会社日本創発グループ,12月31日,有
7815,東京ボード工業,スタンダード（内国株式）,その他製品,情報通信・サービスその他,-,E31123,東京ボード工業株式会社,2月末日,有
7818,トランザクション,プライム（内国株式）,その他製品,情報通信・サービスその他,TOPIX Small 2,E24753,株式会社トランザクション,8月31日,有
7819,粧美堂,スタンダード（内国株式）,その他製品,情報通信・サービスその他,-,E23465,粧美堂株式会社,9月30日,有
7820,ニホンフラッシュ,プライム（内国株式）,その他製品,情報通信・サービスその他,TOPIX Small 2,E00640,ニホンフラッシュ株式会社,3月31日,有
7821,前田工繊,プライム（内国株式）,その他製品,情報通信・サービスその他,TOPIX Small 1,E02492,前田工繊株式会社,6月30日,有
7822,永大産業,スタンダード（内国株式）,その他製品,情報通信・サービスその他,-,E00631,永大産業株式会社,3月31日,有
7823,アートネイチャー,スタンダード（内国株式）,その他製品,情報通信・サービスその他,TOPIX Small 2,E03493,株式会社アートネイチャー,3月31日,有
7826,フルヤ金属,プライム（内国株式）,その他製品,情報通信・サービスその他,TOPIX Small 1,E02485,株式会社フルヤ金属,6月30日,無
7827,オービス,スタンダード（内国株式）,その他製品,情報通信・サービスその他,-,E00639,株式会社オービス,10月31日,有
7831,ウイルコホールディングス,スタンダード（内国株式）,その他製品,情報通信・サービスその他,-,E00748,株式会社ウイルコホールディングス,10月31日,有
7832,バンダイナムコホールディングス,プライム（内国株式）,その他製品,情報通信・サービスその他,TOPIX Large70,E02481,株式会社バンダイナムコホールディングス,3月31日,有
7833,アイフィスジャパン,スタンダード（内国株式）,その他製品,情報通信・サービスその他,-,E05512,株式会社アイフィスジャパン,12月31日,有
7836,アビックス,スタンダード（内国株式）,その他製品,情報通信・サービスその他,-,E02096,アビックス株式会社,3月31日,有
7837,アールシーコア,スタンダード（内国株式）,その他製品,情報通信・サービスその他,-,E02980,株式会社アールシーコア,3月31日,有
7839,ＳＨＯＥＩ,プライム（内国株式）,その他製品,情報通信・サービスその他,TOPIX Small 1,E02470,株式会社ＳＨＯＥＩ,9月30日,有
7840,フランスベッドホールディングス,プライム（内国株式）,その他製品,情報通信・サービスその他,TOPIX Small 2,E02472,フランスベッドホールディングス株式会社,3月31日,有
7841,遠藤製作所,スタンダード（内国株式）,その他製品,情報通信・サービスその他,-,E01459,株式会社遠藤製作所,12月31日,有
7844,マーベラス,プライム（内国株式）,情報・通信業,情報通信・サービスその他,TOPIX Small 2,E02467,株式会社マーベラス,3月31日,有
7846,パイロットコーポレーション,プライム（内国株式）,その他製品,情報通信・サービスその他,TOPIX Mid400,E02466,株式会社パイロットコーポレーション,12月31日,有
7847,グラファイトデザイン,スタンダード（内国株式）,その他製品,情報通信・サービスその他,-,E02464,株式会社グラファイトデザイン,2月末日,無
7849,スターツ出版,スタンダード（内国株式）,情報・通信業,情報通信・サービスその他,-,E00736,スターツ出版株式会社,12月31日,無
7850,総合商研,スタンダード（内国株式）,その他製品,情報通信・サービスその他,-,E00735,総合商研株式会社,7月31日,無
7851,カワセコンピュータサプライ,スタンダード（内国株式）,その他製品,情報通信・サービスその他,-,E02459,カワセコンピュータサプライ株式会社,3月31日,無
7856,萩原工業,プライム（内国株式）,その他製品,情報通信・サービスその他,TOPIX Small 2,E01053,萩原工業株式会社,10月31日,有
7857,セキ,スタンダード（内国株式）,その他製品,情報通信・サービスその他,-,E00730,セキ株式会社,3月31日,有
7859,アルメディオ,スタンダード（内国株式）,その他製品,情報通信・サービスその他,-,E02046,株式会社アルメディオ,3月31日,有
7860,エイベックス,プライム（内国株式）,情報・通信業,情報通信・サービスその他,TOPIX Small 1,E02453,エイベックス株式会社,3月31日,有
7863,平賀,スタンダード（内国株式）,その他製品,情報通信・サービスその他,-,E00734,株式会社平賀,3月31日,無
7864,フジシールインターナショナル,プライム（内国株式）,その他製品,情報通信・サービスその他,TOPIX Small 1,E00725,株式会社フジシールインターナショナル,3月31日,有
7865,ピープル,スタンダード（内国株式）,その他製品,情報通信・サービスその他,-,E02882,ピープル株式会社,1月20日,有
7867,タカラトミー,プライム（内国株式）,その他製品,情報通信・サービスその他,TOPIX Mid400,E02450,株式会社タカラトミー,3月31日,有
7868,広済堂ホールディングス,プライム（内国株式）,その他製品,情報通信・サービスその他,TOPIX Small 2,E00724,株式会社広済堂ホールディングス,3月31日,有
7871,フクビ化学工業,スタンダード（内国株式）,化学,素材・化学,-,E00829,フクビ化学工業株式会社,3月31日,有
7872,エステールホールディングス,スタンダード（内国株式）,その他製品,情報通信・サービスその他,-,E03281,エステールホールディングス株式会社,3月31日,有
7874,レック,プライム（内国株式）,化学,素材・化学,TOPIX Small 2,E02444,レック株式会社,3月31日,有
7875,竹田ｉＰホールディングス,スタンダード（内国株式）,その他製品,情報通信・サービスその他,-,E00720,竹田ｉＰホールディングス株式会社,3月31日,有
7877,永大化工,スタンダード（内国株式）,化学,素材・化学,-,E02441,永大化工株式会社,3月31日,有
7878,光・彩,スタンダード（内国株式）,その他製品,情報通信・サービスその他,-,E02439,株式会社光・彩,1月31日,無
7879,ノダ,スタンダード（内国株式）,その他製品,情報通信・サービスその他,-,E00636,株式会社ノダ,11月30日,有
7883,サンメッセ,スタンダード（内国株式）,その他製品,情報通信・サービスその他,-,E00719,サンメッセ株式会社,3月31日,有
7885,タカノ,スタンダード（内国株式）,その他製品,情報通信・サービスその他,-,E02435,タカノ株式会社,3月31日,有
7886,ヤマト　モビリティ　＆　Ｍｆｇ．,スタンダード（内国株式）,化学,素材・化学,-,E00867,ヤマト　モビリティ　＆　Ｍｆｇ．株式会社,3月31日,有
7887,南海プライウッド,スタンダード（内国株式）,その他製品,情報通信・サービスその他,-,E00635,南海プライウッド株式会社,3月31日,有
7888,三光合成,プライム（内国株式）,化学,素材・化学,TOPIX Small 2,E00866,三光合成株式会社,5月31日,有
7893,プロネクサス,プライム（内国株式）,その他製品,情報通信・サービスその他,TOPIX Small 2,E00716,株式会社プロネクサス,3月31日,有
7896,セブン工業,スタンダード（内国株式）,その他製品,情報通信・サービスその他,-,E00633,セブン工業株式会社,3月31日,無
7897,ホクシン,スタンダード（内国株式）,その他製品,情報通信・サービスその他,-,E00632,ホクシン株式会社,3月31日,無
7898,ウッドワン,スタンダード（内国株式）,その他製品,情報通信・サービスその他,-,E00630,株式会社ウッドワン,3月31日,有
7901,マツモト,スタンダード（内国株式）,その他製品,情報通信・サービスその他,-,E00715,株式会社マツモト,4月30日,無
7902,ソノコム,スタンダード（内国株式）,その他製品,情報通信・サービスその他,-,E02428,株式会社ソノコム,3月31日,無
7906,ヨネックス,スタンダード（内国株式）,その他製品,情報通信・サービスその他,-,E02427,ヨネックス株式会社,3月31日,有
7908,きもと,スタンダード（内国株式）,化学,素材・化学,-,E02425,株式会社きもと,3月31日,有
7911,ＴＯＰＰＡＮホールディングス,プライム（内国株式）,その他製品,情報通信・サービスその他,TOPIX Mid400,E00692,ＴＯＰＰＡＮホールディングス株式会社,3月31日,有
7912,大日本印刷,プライム（内国株式）,その他製品,情報通信・サービスその他,TOPIX Mid400,E00693,大日本印刷株式会社,3月31日,有
7914,共同印刷,プライム（内国株式）,その他製品,情報通信・サービスその他,TOPIX Small 2,E00695,共同印刷株式会社,3月31日,有
7915,ＮＩＳＳＨＡ,プライム（内国株式）,その他製品,情報通信・サービスその他,TOPIX Small 1,E00703,ＮＩＳＳＨＡ株式会社,12月31日,有
7916,光村印刷,スタンダード（内国株式）,その他製品,情報通信・サービスその他,-,E00696,光村印刷株式会社,3月31日,有
7917,ＺＡＣＲＯＳ,プライム（内国株式）,化学,素材・化学,TOPIX Small 2,E02423,ＺＡＣＲＯＳ株式会社,3月31日,有
7918,ヴィア・ホールディングス,スタンダード（内国株式）,小売業,小売,-,E00705,株式会社ヴィア・ホールディングス,3月31日,有
7919,野崎印刷紙業,スタンダード（内国株式）,その他製品,情報通信・サービスその他,-,E00652,野崎印刷紙業株式会社,3月31日,有
7921,ＴＡＫＡＲＡ　＆　ＣＯＭＰＡＮＹ,プライム（内国株式）,その他製品,情報通信・サービスその他,TOPIX Small 2,E00710,株式会社ＴＡＫＡＲＡ　＆　ＣＯＭＰＡＮＹ,5月31日,有
7927,ムトー精工,スタンダード（内国株式）,化学,素材・化学,-,E01032,ムトー精工株式会社,3月31日,有
7928,旭化学工業,スタンダード（内国株式）,化学,素材・化学,-,E01031,旭化学工業株式会社,8月31日,有
7931,未来工業,プライム（内国株式）,化学,素材・化学,TOPIX Small 2,E02002,未来工業株式会社,3月20日,有
7932,ニッピ,スタンダード（内国株式）,その他製品,情報通信・サービスその他,-,E01120,株式会社ニッピ,3月31日,有
7936,アシックス,プライム（内国株式）,その他製品,情報通信・サービスその他,TOPIX Large70,E02378,株式会社アシックス,12月31日,有
7937,ツツミ,スタンダード（内国株式）,その他製品,情報通信・サービスその他,TOPIX Small 2,E03180,株式会社ツツミ,3月31日,無
7938,リーガルコーポレーション,スタンダード（内国株式）,その他製品,情報通信・サービスその他,-,E01118,株式会社リーガルコーポレーション,3月31日,有
7939,研創,スタンダード（内国株式）,その他製品,情報通信・サービスその他,-,E01428,株式会社研創,3月31日,有
7940,ウェーブロックホールディングス,スタンダード（内国株式）,化学,素材・化学,-,E33050,ウェーブロックホールディングス株式会社,3月末日,有
7942,ＪＳＰ,プライム（内国株式）,化学,素材・化学,TOPIX Small 2,E00858,株式会社ジェイエスピー,3月31日,有
7943,ニチハ,プライム（内国株式）,ガラス・土石製品,建設・資材,TOPIX Small 1,E02415,ニチハ株式会社,3月31日,有
7944,ローランド,プライム（内国株式）,その他製品,情報通信・サービスその他,TOPIX Small 1,E01834,ローランド株式会社,12月31日,有
7946,光陽社,スタンダード（内国株式）,その他製品,情報通信・サービスその他,-,E00711,株式会社光陽社,3月31日,有
7947,エフピコ,プライム（内国株式）,化学,素材・化学,TOPIX Small 1,E02412,株式会社エフピコ,3月31日,有
7949,小松ウオール工業,プライム（内国株式）,その他製品,情報通信・サービスその他,TOPIX Small 2,E02408,小松ウオール工業株式会社,3月31日,無
7951,ヤマハ,プライム（内国株式）,その他製品,情報通信・サービスその他,TOPIX Mid400,E02362,ヤマハ株式会社,3月31日,有
7952,河合楽器製作所,プライム（内国株式）,その他製品,情報通信・サービスその他,TOPIX Small 2,E02363,株式会社河合楽器製作所,3月31日,有
7953,菊水化学工業,スタンダード（内国株式）,その他製品,情報通信・サービスその他,-,E00912,菊水化学工業株式会社,3月31日,有
7955,クリナップ,プライム（内国株式）,その他製品,情報通信・サービスその他,TOPIX Small 2,E02406,クリナップ株式会社,3月31日,有
7956,ピジョン,プライム（内国株式）,その他製品,情報通信・サービスその他,TOPIX Mid400,E02404,ピジョン株式会社,12月31日,有
7957,フジコピアン,スタンダード（内国株式）,その他製品,情報通信・サービスその他,-,E02402,フジコピアン株式会社,12月31日,有
7962,キングジム,プライム（内国株式）,その他製品,情報通信・サービスその他,TOPIX Small 2,E02398,株式会社キングジム,6月20日,有
7963,興研,スタンダード（内国株式）,その他製品,情報通信・サービスその他,-,E02396,興研株式会社,12月31日,無
7965,象印マホービン,プライム（内国株式）,電気機器,電機・精密,TOPIX Small 1,E02395,象印マホービン株式会社,11月20日,有
7966,リンテック,プライム（内国株式）,その他製品,情報通信・サービスその他,TOPIX Small 1,E02394,リンテック株式会社,3月31日,有
7970,信越ポリマー,プライム（内国株式）,化学,素材・化学,TOPIX Small 1,E02388,信越ポリマー株式会社,3月31日,有
7971,東リ,スタンダード（内国株式）,化学,素材・化学,-,E00995,東リ株式会社,3月31日,有
7972,イトーキ,プライム（内国株式）,その他製品,情報通信・サービスその他,TOPIX Small 1,E02371,株式会社イトーキ,12月31日,有
7974,任天堂,プライム（内国株式）,その他製品,情報通信・サービスその他,TOPIX Core30,E02367,任天堂株式会社,3月31日,有
7975,リヒトラブ,スタンダード（内国株式）,その他製品,情報通信・サービスその他,-,E00667,株式会社リヒトラブ,2月末日,有
7976,三菱鉛筆,プライム（内国株式）,その他製品,情報通信・サービスその他,TOPIX Small 1,E02366,三菱鉛筆株式会社,12月31日,有
7979,松風,プライム（内国株式）,精密機器,電機・精密,TOPIX Small 2,E01183,株式会社松風,3月31日,有
7980,重松製作所,スタンダード（内国株式）,その他製品,情報通信・サービスその他,-,E02383,株式会社　重松製作所,3月31日,無
7981,タカラスタンダード,プライム（内国株式）,その他製品,情報通信・サービスその他,TOPIX Small 1,E02373,タカラスタンダード株式会社,3月31日,有
7983,ミロク,スタンダード（内国株式）,その他製品,情報通信・サービスその他,-,E02376,株式会社ミロク,10月31日,有
7984,コクヨ,プライム（内国株式）,その他製品,情報通信・サービスその他,TOPIX Mid400,E00670,コクヨ株式会社,12月31日,有
7985,ネポン,スタンダード（内国株式）,金属製品,建設・資材,-,E02385,ネポン株式会社,3月31日,無
7986,日本アイ・エス・ケイ,スタンダード（内国株式）,その他製品,情報通信・サービスその他,-,E01656,日本アイ・エス・ケイ株式会社,12月31日,有
7987,ナカバヤシ,スタンダード（内国株式）,その他製品,情報通信・サービスその他,TOPIX Small 2,E00679,ナカバヤシ株式会社,3月31日,有
7988,ニフコ,プライム（内国株式）,化学,素材・化学,TOPIX Mid400,E02386,株式会社ニフコ,3月31日,有
7989,立川ブラインド工業,プライム（内国株式）,金属製品,建設・資材,TOPIX Small 2,E02389,立川ブラインド工業株式会社,12月31日,有
7990,グローブライド,プライム（内国株式）,その他製品,情報通信・サービスその他,TOPIX Small 1,E02382,グローブライド株式会社,3月31日,有
7991,マミヤ・オーピー,スタンダード（内国株式）,機械,機械,-,E02377,マミヤ・オーピー株式会社,3月31日,有
7992,セーラー万年筆,スタンダード（内国株式）,その他製品,情報通信・サービスその他,-,E02365,セーラー万年筆株式会社,12月31日,有
7994,オカムラ,プライム（内国株式）,その他製品,情報通信・サービスその他,TOPIX Small 1,E02369,株式会社オカムラ,3月31日,有
7995,バルカー,プライム（内国株式）,化学,素材・化学,TOPIX Small 1,E01164,株式会社バルカー,3月31日,有
7997,くろがね工作所,スタンダード（内国株式）,その他製品,情報通信・サービスその他,-,E02372,株式会社くろがね工作所,11月30日,有
8001,伊藤忠商事,プライム（内国株式）,卸売業,商社・卸売,TOPIX Core30,E02497,伊藤忠商事株式会社,3月31日,有
8002,丸紅,プライム（内国株式）,卸売業,商社・卸売,TOPIX Large70,E02498,丸紅株式会社,3月31日,有
8005,スクロール,プライム（内国株式）,小売業,小売,TOPIX Small 2,E03054,株式会社スクロール,3月31日,有
8006,ユアサ・フナショク,スタンダード（内国株式）,卸売業,商社・卸売,-,E00456,ユアサ・フナショク株式会社,3月31日,有
8007,高島,プライム（内国株式）,卸売業,商社・卸売,-,E02501,高島株式会社,3月31日,有
8008,ヨンドシーホールディングス,プライム（内国株式）,小売業,小売,TOPIX Small 1,E02621,株式会社ヨンドシーホールディングス,2月末日,有
8011,三陽商会,プライム（内国株式）,繊維製品,素材・化学,TOPIX Small 2,E00593,株式会社三陽商会,2月末日,有
8012,長瀬産業,プライム（内国株式）,卸売業,商社・卸売,TOPIX Mid400,E02552,長瀬産業株式会社,3月31日,有
8013,ナイガイ,スタンダード（内国株式）,繊維製品,素材・化学,-,E00571,株式会社ナイガイ,1月31日,有
8014,蝶理,プライム（内国株式）,卸売業,商社・卸売,TOPIX Small 2,E02509,蝶理株式会社,3月31日,有
8015,豊田通商,プライム（内国株式）,卸売業,商社・卸売,TOPIX Large70,E02505,豊田通商株式会社,3月31日,有
8016,オンワードホールディングス,プライム（内国株式）,繊維製品,素材・化学,TOPIX Small 1,E02521,株式会社オンワードホールディングス,2月末日,有
8018,三共生興,スタンダード（内国株式）,卸売業,商社・卸売,TOPIX Small 2,E02534,三共生興株式会社,3月31日,有
8020,兼松,プライム（内国株式）,卸売業,商社・卸売,TOPIX Mid400,E02506,兼松株式会社,3月31日,有
8022,美津濃,プライム（内国株式）,その他製品,情報通信・サービスその他,TOPIX Small 1,E03036,美津濃株式会社,3月31日,有
8023,ＤＡＩＫＯ　ＸＴＥＣＨ,スタンダード（内国株式）,情報・通信業,情報通信・サービスその他,-,E02683,ＤＡＩＫＯ　ＸＴＥＣＨ株式会社,3月31日,有
8025,ツカモトコーポレーション,スタンダード（内国株式）,卸売業,商社・卸売,-,E02588,株式会社ツカモトコーポレーション,3月31日,有
8029,ルックホールディングス,スタンダード（内国株式）,繊維製品,素材・化学,TOPIX Small 2,E00604,株式会社ルックホールディングス,12月31日,有
8030,中央魚類,スタンダード（内国株式）,卸売業,商社・卸売,-,E02566,中央魚類株式会社,3月31日,有
8031,三井物産,プライム（内国株式）,卸売業,商社・卸売,TOPIX Core30,E02513,三井物産株式会社,3月31日,有
8032,日本紙パルプ商事,プライム（内国株式）,卸売業,商社・卸売,TOPIX Small 2,E02510,日本紙パルプ商事株式会社,3月31日,有
8035,東京エレクトロン,プライム（内国株式）,電気機器,電機・精密,TOPIX Core30,E02652,東京エレクトロン株式会社,3月31日,有
8037,カメイ,プライム（内国株式）,卸売業,商社・卸売,TOPIX Small 2,E02682,カメイ株式会社,3月31日,有
8039,築地魚市場,スタンダード（内国株式）,卸売業,商社・卸売,-,E02571,築地魚市場株式会社,3月31日,有
8040,東京ソワール,スタンダード（内国株式）,繊維製品,素材・化学,-,E02679,株式会社東京ソワール,12月31日,無
8041,ＯＵＧホールディングス,スタンダード（内国株式）,卸売業,商社・卸売,-,E02530,ＯＵＧホールディングス株式会社,3月31日,有
8043,スターゼン,プライム（内国株式）,卸売業,商社・卸売,TOPIX Small 2,E02574,スターゼン株式会社,3月31日,有
8045,横浜丸魚,スタンダード（内国株式）,卸売業,商社・卸売,-,E02615,横浜丸魚株式会社,3月31日,有
8046,丸藤シートパイル,スタンダード（内国株式）,卸売業,商社・卸売,-,E02616,丸藤シートパイル株式会社,3月31日,有
8050,セイコーグループ,プライム（内国株式）,精密機器,電機・精密,TOPIX Small 1,E02280,セイコーグループ株式会社,3月31日,有
8051,山善,プライム（内国株式）,卸売業,商社・卸売,TOPIX Small 1,E02560,株式会社山善,3月31日,有
8052,椿本興業,プライム（内国株式）,卸売業,商社・卸売,TOPIX Small 2,E02572,椿本興業株式会社,3月31日,有
8053,住友商事,プライム（内国株式）,卸売業,商社・卸売,TOPIX Large70,E02528,住友商事株式会社,3月31日,有
8056,ＢＩＰＲＯＧＹ,プライム（内国株式）,情報・通信業,情報通信・サービスその他,TOPIX Mid400,E02611,ＢＩＰＲＯＧＹ株式会社,3月31日,有
8057,内田洋行,プライム（内国株式）,卸売業,商社・卸売,TOPIX Small 1,E02515,株式会社内田洋行,7月20日,有
8058,三菱商事,プライム（内国株式）,卸売業,商社・卸売,TOPIX Core30,E02529,三菱商事株式会社,3月31日,有
8059,第一実業,プライム（内国株式）,卸売業,商社・卸売,TOPIX Small 2,E02578,第一実業株式会社,3月31日,有
8060,キヤノンマーケティングジャパン,プライム（内国株式）,卸売業,商社・卸売,TOPIX Mid400,E02644,キヤノンマーケティングジャパン株式会社,12月31日,有
8061,西華産業,プライム（内国株式）,卸売業,商社・卸売,TOPIX Small 1,E02512,西華産業株式会社,3月31日,有
8065,佐藤商事,プライム（内国株式）,卸売業,商社・卸売,TOPIX Small 2,E02535,佐藤商事株式会社,3月31日,有
8066,三谷商事,スタンダード（内国株式）,卸売業,商社・卸売,-,E02602,三谷商事株式会社,3月31日,有
8070,東京産業,プライム（内国株式）,卸売業,商社・卸売,TOPIX Small 2,E02527,東京産業株式会社,3月31日,有
8074,ＹＵＡＳＡ,プライム（内国株式）,卸売業,商社・卸売,TOPIX Small 1,E02525,株式会社ＹＵＡＳＡ,3月31日,有
8075,神鋼商事,プライム（内国株式）,卸売業,商社・卸売,TOPIX Small 2,E02522,神鋼商事株式会社,3月31日,有
8076,カノークス,スタンダード（内国株式）,卸売業,商社・卸売,-,E02561,株式会社カノークス,3月31日,有
8077,トルク,スタンダード（内国株式）,卸売業,商社・卸売,-,E02570,トルク株式会社,10月31日,有
8078,阪和興業,プライム（内国株式）,卸売業,商社・卸売,TOPIX Small 1,E02554,阪和興業株式会社,3月31日,有
8079,正栄食品工業,プライム（内国株式）,卸売業,商社・卸売,TOPIX Small 1,E02681,正栄食品工業株式会社,10月31日,有
8081,カナデン,プライム（内国株式）,卸売業,商社・卸売,TOPIX Small 2,E02580,株式会社カナデン,3月31日,有
8084,ＲＹＯＤＥＮ,プライム（内国株式）,卸売業,商社・卸売,TOPIX Small 2,E02518,株式会社ＲＹＯＤＥＮ,3月31日,有
8085,ナラサキ産業,スタンダード（内国株式）,卸売業,商社・卸売,-,E02579,ナラサキ産業株式会社,3月31日,有
8086,ニプロ,プライム（内国株式）,精密機器,電機・精密,TOPIX Mid400,E02688,ニプロ株式会社,3月31日,有
8088,岩谷産業,プライム（内国株式）,卸売業,商社・卸売,TOPIX Mid400,E02567,岩谷産業株式会社,3月31日,有
8089,ナイス,スタンダード（内国株式）,卸売業,商社・卸売,-,E02584,ナイス株式会社,3月31日,有
8091,ニチモウ,プライム（内国株式）,卸売業,商社・卸売,-,E00570,ニチモウ株式会社,3月31日,有
8093,極東貿易,プライム（内国株式）,卸売業,商社・卸売,TOPIX Small 2,E02503,極東貿易株式会社,3月31日,有
8095,アステナホールディングス,プライム（内国株式）,卸売業,商社・卸売,TOPIX Small 2,E02585,アステナホールディングス株式会社,11月30日,有
8097,三愛オブリ,プライム（内国株式）,卸売業,商社・卸売,TOPIX Small 1,E04331,三愛オブリ株式会社,3月31日,有
8098,稲畑産業,プライム（内国株式）,卸売業,商社・卸売,TOPIX Small 1,E02517,稲畑産業株式会社,3月31日,有
8101,ＧＳＩクレオス,プライム（内国株式）,卸売業,商社・卸売,TOPIX Small 2,E02549,株式会社ＧＳＩクレオス,3月31日,有
8103,明和産業,プライム（内国株式）,卸売業,商社・卸売,TOPIX Small 2,E02563,明和産業株式会社,3月31日,有
8104,クワザワホールディングス,スタンダード（内国株式）,卸売業,商社・卸売,-,E02610,クワザワホールディングス株式会社,3月31日,有
8105,Ｂｉｔｃｏｉｎ　Ｊａｐａｎ,スタンダード（内国株式）,卸売業,商社・卸売,-,E02627,Ｂｉｔｃｏｉｎ　Ｊａｐａｎ株式会社,3月31日,有
8107,キムラタン,スタンダード（内国株式）,繊維製品,素材・化学,-,E02628,株式会社キムラタン,3月31日,有
8111,ゴールドウイン,プライム（内国株式）,繊維製品,素材・化学,TOPIX Mid400,E00603,株式会社ゴールドウイン,3月31日,有
8113,ユニ・チャーム,プライム（内国株式）,化学,素材・化学,TOPIX Large70,E00678,ユニ・チャーム株式会社,12月31日,有
8115,ムーンバット,スタンダード（内国株式）,卸売業,商社・卸売,-,E02639,ムーンバット株式会社,3月31日,有
8117,中央自動車工業,スタンダード（内国株式）,卸売業,商社・卸売,-,E02642,中央自動車工業株式会社,3月31日,有
8118,キング,スタンダード（内国株式）,繊維製品,素材・化学,-,E02645,株式会社　キング,3月31日,有
8119,三栄コーポレーション,スタンダード（内国株式）,卸売業,商社・卸売,-,E02647,株式会社三栄コーポレーション,3月31日,有
8123,川辺,スタンダード（内国株式）,卸売業,商社・卸売,-,E02650,川辺株式会社,3月31日,有
8125,ワキタ,プライム（内国株式）,卸売業,商社・卸売,TOPIX Small 1,E02618,株式会社ワキタ,2月末日,有
8127,ヤマトインターナショナル,スタンダード（内国株式）,繊維製品,素材・化学,-,E00600,ヤマトインターナショナル株式会社,8月31日,有
8129,東邦ホールディングス,プライム（内国株式）,卸売業,商社・卸売,TOPIX Mid400,E02608,東邦ホールディングス株式会社,3月31日,有
8130,サンゲツ,プライム（内国株式）,卸売業,商社・卸売,TOPIX Small 1,E03071,株式会社サンゲツ,3月31日,有
8131,ミツウロコグループホールディングス,スタンダード（内国株式）,卸売業,商社・卸売,TOPIX Small 2,E01074,株式会社ミツウロコグループホールディングス,3月31日,有
8132,シナネンホールディングス,プライム（内国株式）,卸売業,商社・卸売,TOPIX Small 2,E01075,シナネンホールディングス株式会社,3月31日,有
8133,伊藤忠エネクス,プライム（内国株式）,卸売業,商社・卸売,TOPIX Small 1,E02643,伊藤忠エネクス株式会社,3月31日,有
8135,ゼット,スタンダード（内国株式）,卸売業,商社・卸売,-,E03076,ゼット株式会社,3月31日,有
8136,サンリオ,プライム（内国株式）,卸売業,商社・卸売,TOPIX Mid400,E02655,株式会社サンリオ,3月31日,有
8137,サンワテクノス,プライム（内国株式）,卸売業,商社・卸売,TOPIX Small 2,E02656,サンワテクノス株式会社,3月31日,有
8138,三京化成,スタンダード（内国株式）,卸売業,商社・卸売,-,E02658,三京化成株式会社,3月31日,有
8139,ナガホリ,スタンダード（内国株式）,卸売業,商社・卸売,-,E02660,株式会社ナガホリ,3月31日,有
8141,新光商事,プライム（内国株式）,卸売業,商社・卸売,TOPIX Small 2,E02664,新光商事株式会社,3月31日,有
8142,トーホー,プライム（内国株式）,卸売業,商社・卸売,TOPIX Small 2,E02665,株式会社トーホー,1月31日,有
8143,ラピーヌ,スタンダード（内国株式）,繊維製品,素材・化学,-,E00605,株式会社ラピーヌ,2月末日,有
8144,デンキョーグループホールディングス,スタンダード（内国株式）,卸売業,商社・卸売,-,E02666,株式会社デンキョーグループホールディングス,3月31日,有
8147,トミタ,スタンダード（内国株式）,卸売業,商社・卸売,-,E02668,株式会社トミタ,3月31日,有
8150,三信電気,プライム（内国株式）,卸売業,商社・卸売,TOPIX Small 2,E02671,三信電気株式会社,3月31日,有
8151,東陽テクニカ,プライム（内国株式）,卸売業,商社・卸売,TOPIX Small 2,E02672,株式会社東陽テクニカ,9月30日,有
8152,ソマール,スタンダード（内国株式）,卸売業,商社・卸売,-,E02673,ソマール株式会社,3月31日,有
8153,モスフードサービス,プライム（内国株式）,卸売業,商社・卸売,TOPIX Small 1,E02675,株式会社モスフードサービス,3月31日,有
8154,加賀電子,プライム（内国株式）,卸売業,商社・卸売,TOPIX Small 1,E02676,加賀電子株式会社,3月31日,有
8157,都築電気,プライム（内国株式）,情報・通信業,情報通信・サービスその他,TOPIX Small 2,E00157,都築電気株式会社,3月31日,有
8158,ソーダニッカ,プライム（内国株式）,卸売業,商社・卸売,TOPIX Small 2,E02635,ソーダニッカ株式会社,3月31日,有
8159,立花エレテック,プライム（内国株式）,卸売業,商社・卸売,TOPIX Small 2,E02678,株式会社立花エレテック,3月31日,有
8160,木曽路,プライム（内国株式）,小売業,小売,TOPIX Small 1,E03121,株式会社　木曽路,3月31日,有
8163,ＳＲＳホールディングス,プライム（内国株式）,小売業,小売,TOPIX Small 2,E03090,ＳＲＳホールディングス株式会社,3月31日,有
8165,千趣会,スタンダード（内国株式）,小売業,小売,TOPIX Small 2,E03092,株式会社千趣会,12月31日,有
8166,タカキュー,スタンダード（内国株式）,小売業,小売,-,E03093,株式会社タカキュー,2月末日,無
8167,リテールパートナーズ,プライム（内国株式）,小売業,小売,TOPIX Small 2,E03094,株式会社リテールパートナーズ,2月末日,有
8173,Ｊｏｓｈｉｎ,プライム（内国株式）,小売業,小売,TOPIX Small 1,E03052,株式会社Ｊｏｓｈｉｎ,3月31日,有
8174,日本瓦斯,プライム（内国株式）,小売業,小売,TOPIX Mid400,E03051,日本瓦斯株式会社,3月31日,有
8179,ロイヤルホールディングス,プライム（内国株式）,小売業,小売,TOPIX Small 1,E04783,ロイヤルホールディングス株式会社,12月31日,有
8181,東天紅,スタンダード（内国株式）,小売業,小売,-,E04784,株式会社東天紅,2月末日,無
8185,チヨダ,プライム（内国株式）,小売業,小売,TOPIX Small 2,E03077,株式会社チヨダ,2月末日,有
8194,ライフコーポレーション,プライム（内国株式）,小売業,小売,TOPIX Small 1,E03083,株式会社ライフコーポレーション,2月末日,有
8198,マックスバリュ東海,スタンダード（内国株式）,小売業,小売,-,E03087,マックスバリュ東海株式会社,2月末日,有
8200,リンガーハット,プライム（内国株式）,小売業,小売,TOPIX Small 1,E03099,株式会社リンガーハット,2月末日,有
8202,ラオックスホールディングス,スタンダード（内国株式）,小売業,小売,-,E03101,ラオックスホールディングス株式会社,12月31日,有
8203,ＭｒＭａｘＨＤ,プライム（内国株式）,小売業,小売,TOPIX Small 2,E03103,株式会社ミスターマックス・ホールディングス,2月末日,有
8207,テンアライド,スタンダード（内国株式）,小売業,小売,-,E03108,テンアライド株式会社,3月31日,有
8214,ＡＯＫＩホールディングス,プライム（内国株式）,小売業,小売,TOPIX Small 1,E03116,株式会社ＡＯＫＩホールディングス,3月31日,有
8217,オークワ,プライム（内国株式）,小売業,小売,TOPIX Small 2,E03119,株式会社オークワ,2月20日,有
8218,コメリ,プライム（内国株式）,小売業,小売,TOPIX Small 1,E03120,株式会社コメリ,3月31日,有
8219,青山商事,プライム（内国株式）,小売業,小売,TOPIX Small 1,E03124,青山商事株式会社,3月31日,有
8225,タカチホ,スタンダード（内国株式）,卸売業,商社・卸売,-,E02787,株式会社タカチホ,3月31日,有
8226,理経,スタンダード（内国株式）,卸売業,商社・卸売,-,E02699,株式会社　理経,3月31日,有
8227,しまむら,プライム（内国株式）,小売業,小売,TOPIX Mid400,E03137,株式会社しまむら,2月20日,有
8230,はせがわ,スタンダード（内国株式）,小売業,小売,-,E03134,株式会社はせがわ,3月31日,有
8233,高島屋,プライム（内国株式）,小売業,小売,TOPIX Mid400,E03013,株式会社髙島屋,2月末日,有
8237,松屋,プライム（内国株式）,小売業,小売,TOPIX Small 1,E03017,株式会社松屋,2月末日,有
8242,エイチ・ツー・オー　リテイリング,プライム（内国株式）,小売業,小売,TOPIX Mid400,E03020,エイチ・ツー・オー　リテイリング株式会社,3月31日,有
8244,近鉄百貨店,スタンダード（内国株式）,小売業,小売,TOPIX Small 2,E03021,株式会社近鉄百貨店,2月末日,有
8247,大和,スタンダード（内国株式）,小売業,小売,-,E03025,株式会社大和,2月末日,有
8252,丸井グループ,プライム（内国株式）,小売業,小売,TOPIX Mid400,E03040,株式会社　丸井グループ,3月31日,有
8253,クレディセゾン,プライム（内国株式）,その他金融業,金融（除く銀行）,TOPIX Mid400,E03041,株式会社クレディセゾン,3月31日,有
8254,さいか屋,スタンダード（内国株式）,小売業,小売,-,E03044,株式会社さいか屋,8月末日,有
8255,アクシアル　リテイリング,プライム（内国株式）,小売業,小売,TOPIX Small 2,E03133,アクシアル　リテイリング株式会社,3月31日,有
8260,井筒屋,スタンダード（内国株式）,小売業,小売,-,E03032,株式会社井筒屋,2月末日,有
8267,イオン,プライム（内国株式）,小売業,小売,TOPIX Large70,E03061,イオン株式会社,2月末日,有
8273,イズミ,プライム（内国株式）,小売業,小売,TOPIX Small 1,E03068,株式会社イズミ,2月末日,有
8275,フォーバル,スタンダード（内国株式）,卸売業,商社・卸売,TOPIX Small 2,E02693,株式会社フォーバル,3月31日,有
8276,平和堂,プライム（内国株式）,小売業,小売,TOPIX Small 1,E03081,株式会社　平和堂,2月20日,有
8278,フジ,プライム（内国株式）,小売業,小売,TOPIX Small 1,E03118,株式会社フジ,2月末日,有
8281,ゼビオホールディングス,プライム（内国株式）,小売業,小売,TOPIX Small 1,E03129,ゼビオホールディングス株式会社,3月31日,有
8282,ケーズホールディングス,プライム（内国株式）,小売業,小売,TOPIX Mid400,E03128,株式会社ケーズホールディングス,3月31日,有
8283,ＰＡＬＴＡＣ,プライム（内国株式）,卸売業,商社・卸売,TOPIX Mid400,E02691,株式会社ＰＡＬＴＡＣ,3月31日,無
8285,三谷産業,スタンダード（内国株式）,卸売業,商社・卸売,TOPIX Small 2,E02692,三谷産業株式会社,3月31日,有
8291,日産東京販売ホールディングス,スタンダード（内国株式）,小売業,小売,-,E02544,日産東京販売ホールディングス株式会社,3月31日,有
8303,ＳＢＩ新生銀行,プライム（内国株式）,銀行業,銀行,TOPIX Mid400,E03530,株式会社ＳＢＩ新生銀行,3月31日,有
8304,あおぞら銀行,プライム（内国株式）,銀行業,銀行,TOPIX Mid400,E03531,株式会社あおぞら銀行,3月31日,有
8306,三菱ＵＦＪフィナンシャル・グループ,プライム（内国株式）,銀行業,銀行,TOPIX Core30,E03606,株式会社三菱ＵＦＪフィナンシャル・グループ,3月31日,有
8308,りそなホールディングス,プライム（内国株式）,銀行業,銀行,TOPIX Large70,E03610,株式会社　りそなホールディングス,3月31日,有
8309,三井住友トラストグループ,プライム（内国株式）,銀行業,銀行,TOPIX Large70,E03611,三井住友トラストグループ株式会社,3月31日,有
8316,三井住友フィナンシャルグループ,プライム（内国株式）,銀行業,銀行,TOPIX Core30,E03614,株式会社三井住友フィナンシャルグループ,3月31日,有
8331,千葉銀行,プライム（内国株式）,銀行業,銀行,TOPIX Mid400,E03556,株式会社千葉銀行,3月31日,有
8334,群馬銀行,プライム（内国株式）,銀行業,銀行,TOPIX Mid400,E03554,株式会社　群馬銀行,3月31日,有
8336,武蔵野銀行,プライム（内国株式）,銀行業,銀行,TOPIX Small 1,E03555,株式会社武蔵野銀行,3月31日,有
8337,千葉興業銀行,プライム（内国株式）,銀行業,銀行,TOPIX Small 1,E03557,株式会社千葉興業銀行,3月31日,有
8338,筑波銀行,プライム（内国株式）,銀行業,銀行,TOPIX Small 2,E03552,株式会社筑波銀行,3月31日,有
8341,七十七銀行,プライム（内国株式）,銀行業,銀行,TOPIX Mid400,E03545,株式会社七十七銀行,3月31日,有
8343,秋田銀行,プライム（内国株式）,銀行業,銀行,TOPIX Small 2,E03546,株式会社秋田銀行,3月31日,有
8344,山形銀行,プライム（内国株式）,銀行業,銀行,TOPIX Small 2,E03549,株式会社山形銀行,3月31日,有
8345,岩手銀行,プライム（内国株式）,銀行業,銀行,TOPIX Small 2,E03543,株式会社岩手銀行,3月31日,有
8346,東邦銀行,プライム（内国株式）,銀行業,銀行,TOPIX Small 1,E03550,株式会社東邦銀行,3月31日,有
8349,東北銀行,スタンダード（内国株式）,銀行業,銀行,-,E03544,株式会社　東北銀行,3月31日,有
8354,ふくおかフィナンシャルグループ,プライム（内国株式）,銀行業,銀行,TOPIX Mid400,E03624,株式会社ふくおかフィナンシャルグループ,3月31日,有
8358,スルガ銀行,プライム（内国株式）,銀行業,銀行,TOPIX Small 1,E03571,スルガ銀行株式会社,3月31日,有
8359,八十二長野銀行,プライム（内国株式）,銀行業,銀行,TOPIX Mid400,E03563,株式会社八十二長野銀行,3月31日,有
8360,山梨中央銀行,プライム（内国株式）,銀行業,銀行,TOPIX Small 1,E03562,株式会社　山梨中央銀行,3月31日,有
8361,大垣共立銀行,プライム（内国株式）,銀行業,銀行,TOPIX Small 1,E03568,株式会社　大垣共立銀行,3月31日,有
8362,福井銀行,プライム（内国株式）,銀行業,銀行,TOPIX Small 2,E03567,株式会社福井銀行,3月31日,有
8364,清水銀行,プライム（内国株式）,銀行業,銀行,TOPIX Small 2,E03572,株式会社清水銀行,3月31日,有
8365,富山銀行,スタンダード（内国株式）,銀行業,銀行,-,E03565,株式会社　富山銀行,3月31日,有
8366,滋賀銀行,プライム（内国株式）,銀行業,銀行,TOPIX Small 1,E03575,株式会社滋賀銀行,3月31日,有
8367,南都銀行,プライム（内国株式）,銀行業,銀行,TOPIX Small 1,E03580,株式会社南都銀行,3月31日,有
8368,百五銀行,プライム（内国株式）,銀行業,銀行,TOPIX Small 1,E03574,株式会社　百五銀行,3月31日,有
8370,紀陽銀行,プライム（内国株式）,銀行業,銀行,TOPIX Small 1,E03581,株式会社紀陽銀行,3月31日,有
8377,ほくほくフィナンシャルグループ,プライム（内国株式）,銀行業,銀行,TOPIX Mid400,E03618,株式会社ほくほくフィナンシャルグループ,3月31日,有
8381,山陰合同銀行,プライム（内国株式）,銀行業,銀行,TOPIX Small 1,E03583,株式会社山陰合同銀行,3月31日,有
8383,鳥取銀行,スタンダード（内国株式）,銀行業,銀行,-,E03582,株式会社　鳥取銀行,3月31日,有
8386,百十四銀行,プライム（内国株式）,銀行業,銀行,TOPIX Small 1,E03588,株式会社百十四銀行,3月31日,有
8387,四国銀行,プライム（内国株式）,銀行業,銀行,TOPIX Small 2,E03590,株式会社四国銀行,3月31日,有
8388,阿波銀行,プライム（内国株式）,銀行業,銀行,TOPIX Small 1,E03587,株式会社阿波銀行,3月31日,有
8392,大分銀行,プライム（内国株式）,銀行業,銀行,TOPIX Small 2,E03596,株式会社大分銀行,3月31日,有
8393,宮崎銀行,プライム（内国株式）,銀行業,銀行,TOPIX Small 2,E03597,株式会社宮崎銀行,3月31日,有
8395,佐賀銀行,プライム（内国株式）,銀行業,銀行,TOPIX Small 2,E03599,株式会社佐賀銀行,3月31日,有
8399,琉球銀行,プライム（内国株式）,銀行業,銀行,TOPIX Small 1,E03602,株式会社琉球銀行,3月31日,有
8410,セブン銀行,プライム（内国株式）,銀行業,銀行,TOPIX Mid400,E03623,株式会社セブン銀行,3月31日,有
8411,みずほフィナンシャルグループ,プライム（内国株式）,銀行業,銀行,TOPIX Core30,E03615,株式会社みずほフィナンシャルグループ,3月31日,有
8416,高知銀行,スタンダード（内国株式）,銀行業,銀行,-,E03664,株式会社高知銀行,3月31日,有
8418,山口フィナンシャルグループ,プライム（内国株式）,銀行業,銀行,TOPIX Mid400,E03622,株式会社山口フィナンシャルグループ,3月31日,有
8424,芙蓉総合リース,プライム（内国株式）,その他金融業,金融（除く銀行）,TOPIX Mid400,E05438,芙蓉総合リース株式会社,3月31日,有
8425,みずほリース,プライム（内国株式）,その他金融業,金融（除く銀行）,TOPIX Small 1,E05426,みずほリース株式会社,3月31日,有
8439,東京センチュリー,プライム（内国株式）,その他金融業,金融（除く銀行）,TOPIX Mid400,E05346,東京センチュリー株式会社,3月31日,有
8473,ＳＢＩホールディングス,プライム（内国株式）,証券、商品先物取引業,金融（除く銀行）,TOPIX Mid400,E05159,ＳＢＩホールディングス株式会社,3月31日,有
8508,Ｊトラスト,スタンダード（内国株式）,その他金融業,金融（除く銀行）,-,E03724,Ｊトラスト株式会社,12月31日,有
8511,日本証券金融,プライム（内国株式）,その他金融業,金融（除く銀行）,TOPIX Small 1,E03688,日本証券金融株式会社,3月31日,有
8518,日本アジア投資,スタンダード（内国株式）,証券、商品先物取引業,金融（除く銀行）,-,E03695,日本アジア投資株式会社,3月31日,有
8522,名古屋銀行,プライム（内国株式）,銀行業,銀行,TOPIX Small 1,E03652,株式会社　名古屋銀行,3月31日,有
8524,北洋銀行,プライム（内国株式）,銀行業,銀行,TOPIX Small 1,E03632,株式会社北洋銀行,3月31日,有
8537,大光銀行,スタンダード（内国株式）,銀行業,銀行,-,E03645,株式会社大光銀行,3月31日,有
8541,愛媛銀行,プライム（内国株式）,銀行業,銀行,TOPIX Small 2,E03663,株式会社　愛媛銀行,3月31日,有
8542,トマト銀行,スタンダード（内国株式）,銀行業,銀行,-,E03678,株式会社トマト銀行,3月31日,有
8544,京葉銀行,プライム（内国株式）,銀行業,銀行,TOPIX Small 1,E03641,株式会社　京葉銀行,3月31日,有
8550,栃木銀行,プライム（内国株式）,銀行業,銀行,TOPIX Small 2,E03639,株式会社　栃木銀行,3月31日,有
8551,北日本銀行,プライム（内国株式）,銀行業,銀行,TOPIX Small 2,E03634,株式会社　北日本銀行,3月31日,有
8558,東和銀行,プライム（内国株式）,銀行業,銀行,TOPIX Small 2,E03640,株式会社東和銀行,3月31日,有
8562,福島銀行,スタンダード（内国株式）,銀行業,銀行,-,E03637,株式会社　福島銀行,3月31日,有
8563,大東銀行,スタンダード（内国株式）,銀行業,銀行,-,E03674,株式会社大東銀行,3月31日,有
8566,リコーリース,プライム（内国株式）,その他金融業,金融（除く銀行）,TOPIX Small 1,E04946,リコーリース株式会社,3月31日,有
8570,イオンフィナンシャルサービス,プライム（内国株式）,その他金融業,金融（除く銀行）,TOPIX Mid400,E04912,イオンフィナンシャルサービス株式会社,2月末日,有
8572,アコム,スタンダード（内国株式）,その他金融業,金融（除く銀行）,TOPIX Mid400,E03693,アコム株式会社,3月31日,有
8584,ジャックス,プライム（内国株式）,その他金融業,金融（除く銀行）,TOPIX Small 1,E04768,株式会社ジャックス,3月31日,有
8585,オリエントコーポレーション,プライム（内国株式）,その他金融業,金融（除く銀行）,TOPIX Small 1,E04775,株式会社オリエントコーポレーション,3月31日,有
8591,オリックス,プライム（内国株式）,その他金融業,金融（除く銀行）,TOPIX Large70,E04762,オリックス株式会社,3月31日,有
8593,三菱ＨＣキャピタル,プライム（内国株式）,その他金融業,金融（除く銀行）,TOPIX Mid400,E04788,三菱ＨＣキャピタル株式会社,3月31日,有
8595,ジャフコ　グループ,プライム（内国株式）,証券、商品先物取引業,金融（除く銀行）,TOPIX Mid400,E04806,ジャフコ　グループ株式会社,3月31日,有
8596,九州リースサービス,スタンダード（内国株式）,その他金融業,金融（除く銀行）,-,E04821,株式会社九州リースサービス,3月31日,有
8600,トモニホールディングス,プライム（内国株式）,銀行業,銀行,TOPIX Small 1,E23820,トモニホールディングス株式会社,3月末日,有
8601,大和証券グループ本社,プライム（内国株式）,証券、商品先物取引業,金融（除く銀行）,TOPIX Mid400,E03753,株式会社大和証券グループ本社,3月31日,有
8604,野村ホールディングス,プライム（内国株式）,証券、商品先物取引業,金融（除く銀行）,TOPIX Large70,E03752,野村ホールディングス株式会社,3月31日,有
8609,岡三証券グループ,プライム（内国株式）,証券、商品先物取引業,金融（除く銀行）,TOPIX Small 1,E03756,株式会社岡三証券グループ,3月31日,有
8613,丸三証券,プライム（内国株式）,証券、商品先物取引業,金融（除く銀行）,TOPIX Small 1,E03760,丸三証券株式会社,3月31日,有
8614,東洋証券,プライム（内国株式）,証券、商品先物取引業,金融（除く銀行）,TOPIX Small 2,E03768,東洋証券株式会社,3月31日,有
8616,東海東京フィナンシャル・ホールディングス,プライム（内国株式）,証券、商品先物取引業,金融（除く銀行）,TOPIX Small 1,E03764,東海東京フィナンシャル・ホールディングス株式会社,3月31日,有
8617,光世証券,スタンダード（内国株式）,証券、商品先物取引業,金融（除く銀行）,-,E03793,光世証券株式会社,3月31日,無
8622,水戸証券,プライム（内国株式）,証券、商品先物取引業,金融（除く銀行）,TOPIX Small 2,E03762,水戸証券株式会社,3月31日,無
8624,いちよし証券,プライム（内国株式）,証券、商品先物取引業,金融（除く銀行）,TOPIX Small 2,E03772,いちよし証券株式会社,3月31日,有
8628,松井証券,プライム（内国株式）,証券、商品先物取引業,金融（除く銀行）,TOPIX Small 1,E03807,松井証券株式会社,3月31日,無
8630,ＳＯＭＰＯホールディングス,プライム（内国株式）,保険業,金融（除く銀行）,TOPIX Large70,E23924,ＳＯＭＰＯホールディングス株式会社,3月31日,有
8697,日本取引所グループ,プライム（内国株式）,その他金融業,金融（除く銀行）,TOPIX Large70,E03814,株式会社日本取引所グループ,3月31日,有
8698,マネックスグループ,プライム（内国株式）,証券、商品先物取引業,金融（除く銀行）,TOPIX Small 1,E03815,マネックスグループ株式会社,3月31日,有
8699,ＨＳホールディングス,スタンダード（内国株式）,証券、商品先物取引業,金融（除く銀行）,-,E03770,ＨＳホールディングス株式会社,3月31日,有
8700,丸八証券,スタンダード（内国株式）,証券、商品先物取引業,金融（除く銀行）,-,E03792,丸八証券株式会社,3月31日,無
8704,トレイダーズホールディングス,スタンダード（内国株式）,証券、商品先物取引業,金融（除く銀行）,-,E03819,トレイダーズホールディングス株式会社,3月31日,有
8705,日産証券グループ,スタンダード（内国株式）,証券、商品先物取引業,金融（除く銀行）,-,E03739,日産証券グループ株式会社,3月31日,有
8706,極東証券,プライム（内国株式）,証券、商品先物取引業,金融（除く銀行）,TOPIX Small 1,E03784,極東証券株式会社,3月31日,有
8707,岩井コスモホールディングス,プライム（内国株式）,証券、商品先物取引業,金融（除く銀行）,TOPIX Small 1,E03788,岩井コスモホールディングス株式会社,3月31日,有
8708,アイザワ証券グループ,プライム（内国株式）,証券、商品先物取引業,金融（除く銀行）,TOPIX Small 2,E03763,アイザワ証券グループ株式会社,3月31日,有
8713,フィデアホールディングス,プライム（内国株式）,銀行業,銀行,TOPIX Small 2,E23187,フィデアホールディングス株式会社,3月31日,有
8714,池田泉州ホールディングス,プライム（内国株式）,銀行業,銀行,TOPIX Small 1,E23250,株式会社池田泉州ホールディングス,3月31日,有
8715,アニコム　ホールディングス,プライム（内国株式）,保険業,金融（除く銀行）,TOPIX Small 1,E24073,アニコム　ホールディングス株式会社,3月末日,有
8725,ＭＳ＆ＡＤインシュアランスグループホールディングス,プライム（内国株式）,保険業,金融（除く銀行）,TOPIX Large70,E03854,ＭＳ＆ＡＤインシュアランスグループホールディングス株式会社,3月31日,有
8729,ソニーフィナンシャルグループ,プライム（内国株式）,保険業,金融（除く銀行）,TOPIX Core30,E05714,ソニーフィナンシャルグループ株式会社,3月末日,有
8737,あかつき本社,スタンダード（内国株式）,証券、商品先物取引業,金融（除く銀行）,-,E03733,株式会社あかつき本社,3月31日,有
8739,スパークス・グループ,プライム（内国株式）,証券、商品先物取引業,金融（除く銀行）,TOPIX Small 2,E05242,スパークス・グループ株式会社,3月31日,有
8742,小林洋行,スタンダード（内国株式）,証券、商品先物取引業,金融（除く銀行）,-,E03723,株式会社小林洋行,3月31日,有
8746,ｕｎｂａｎｋｅｄ,スタンダード（内国株式）,証券、商品先物取引業,金融（除く銀行）,-,E03717,ｕｎｂａｎｋｅｄ株式会社,3月31日,有
8747,豊トラスティ証券,スタンダード（内国株式）,証券、商品先物取引業,金融（除く銀行）,-,E03716,豊トラスティ証券株式会社,3月31日,有
8750,第一ライフグループ,プライム（内国株式）,保険業,金融（除く銀行）,TOPIX Large70,E06141,株式会社第一ライフグループ,3月31日,有
8766,東京海上ホールディングス,プライム（内国株式）,保険業,金融（除く銀行）,TOPIX Core30,E03847,東京海上ホールディングス株式会社,3月末日,有
8769,アドバンテッジリスクマネジメント,スタンダード（内国株式）,サービス業,情報通信・サービスその他,-,E05648,株式会社アドバンテッジリスクマネジメント,3月31日,有
8771,イー・ギャランティ,プライム（内国株式）,その他金融業,金融（除く銀行）,TOPIX Small 1,E05665,イー・ギャランティ株式会社,3月31日,有
8772,アサックス,スタンダード（内国株式）,その他金融業,金融（除く銀行）,-,E03746,株式会社アサックス,3月31日,無
8783,ａｂｃ,スタンダード（内国株式）,その他金融業,金融（除く銀行）,-,E03740,ａｂｃ株式会社,8月31日,有
8789,フィンテック　グローバル,スタンダード（内国株式）,その他金融業,金融（除く銀行）,-,E05492,フィンテック　グローバル株式会社,9月30日,有
8793,ＮＥＣキャピタルソリューション,プライム（内国株式）,その他金融業,金融（除く銀行）,TOPIX Small 2,E05462,ＮＥＣキャピタルソリューション株式会社,3月31日,有
8795,Ｔ＆Ｄホールディングス,プライム（内国株式）,保険業,金融（除く銀行）,TOPIX Mid400,E03851,株式会社Ｔ＆Ｄホールディングス,3月31日,有
8798,アドバンスクリエイト,プライム（内国株式）,保険業,金融（除く銀行）,TOPIX Small 2,E05280,株式会社アドバンスクリエイト,9月30日,有
8801,三井不動産,プライム（内国株式）,不動産業,不動産,TOPIX Large70,E03855,三井不動産株式会社,3月31日,有
8802,三菱地所,プライム（内国株式）,不動産業,不動産,TOPIX Large70,E03856,三菱地所株式会社,3月末日,有
8803,平和不動産,プライム（内国株式）,不動産業,不動産,TOPIX Small 1,E03858,平和不動産株式会社,3月31日,有
8804,東京建物,プライム（内国株式）,不動産業,不動産,TOPIX Mid400,E03859,東京建物株式会社,12月31日,有
8818,京阪神ビルディング,プライム（内国株式）,不動産業,不動産,TOPIX Small 2,E03867,京阪神ビルディング株式会社,3月31日,有
8830,住友不動産,プライム（内国株式）,不動産業,不動産,TOPIX Large70,E03907,住友不動産株式会社,3月31日,有
8835,太平洋興発,スタンダード（内国株式）,卸売業,商社・卸売,-,E00034,太平洋興発株式会社,3月31日,有
8836,ＲＩＳＥ,スタンダード（内国株式）,不動産業,不動産,-,E00165,株式会社ＲＩＳＥ,3月31日,有
8841,テーオーシー,スタンダード（内国株式）,不動産業,不動産,TOPIX Small 2,E00926,株式会社テーオーシー,3月31日,有
8844,コスモスイニシア,スタンダード（内国株式）,不動産業,不動産,-,E03938,株式会社コスモスイニシア,3月31日,有
8848,レオパレス２１,プライム（内国株式）,不動産業,不動産,TOPIX Small 1,E03943,株式会社レオパレス２１,3月31日,有
8850,スターツコーポレーション,プライム（内国株式）,不動産業,不動産,TOPIX Small 1,E03945,スターツコーポレーション株式会社,3月31日,有
8860,フジ住宅,プライム（内国株式）,不動産業,不動産,TOPIX Small 2,E03953,フジ住宅株式会社,3月31日,有
8864,空港施設,スタンダード（内国株式）,不動産業,不動産,TOPIX Small 2,E03958,空港施設株式会社,3月31日,有
8869,明和地所,スタンダード（内国株式）,不動産業,不動産,TOPIX Small 2,E03967,明和地所株式会社,3月31日,有
8871,ゴールドクレスト,スタンダード（内国株式）,不動産業,不動産,TOPIX Small 1,E03971,株式会社ゴールドクレスト,3月31日,有
8876,リログループ,プライム（内国株式）,サービス業,情報通信・サービスその他,TOPIX Mid400,E05047,株式会社リログループ,3月31日,有
8877,エスリード,プライム（内国株式）,不動産業,不動産,TOPIX Small 2,E03977,エスリード株式会社,3月31日,有
8881,日神グループホールディングス,プライム（内国株式）,不動産業,不動産,TOPIX Small 2,E03984,株式会社日神グループホールディングス,3月31日,有
8887,シーラホールディングス,スタンダード（内国株式）,不動産業,不動産,-,E03989,株式会社シーラホールディングス,5月31日,有
8891,ＡＭＧホールディングス,スタンダード（内国株式）,不動産業,不動産,-,E03991,ＡＭＧホールディングス株式会社,3月31日,有
8892,エスコン,プライム（内国株式）,不動産業,不動産,TOPIX Small 1,E03992,株式会社エスコン,3月31日,有
8894,ＲＥＶＯＬＵＴＩＯＮ,スタンダード（内国株式）,不動産業,不動産,-,E03993,株式会社ＲＥＶＯＬＵＴＩＯＮ,10月31日,有
8897,ＭＩＲＡＲＴＨホールディングス,プライム（内国株式）,不動産業,不動産,TOPIX Small 1,E03997,ＭＩＲＡＲＴＨホールディングス株式会社,3月31日,有
8898,センチュリー２１・ジャパン,スタンダード（内国株式）,不動産業,不動産,-,E05238,株式会社センチュリー２１・ジャパン,3月31日,無
8904,ＡＶＡＮＴＩＡ,スタンダード（内国株式）,不動産業,不動産,-,E00311,株式会社ＡＶＡＮＴＩＡ,8月31日,有
8908,毎日コムネット,スタンダード（内国株式）,不動産業,不動産,-,E05313,株式会社毎日コムネット,5月31日,有
8912,エリアクエスト,スタンダード（内国株式）,不動産業,不動産,-,E04008,株式会社エリアクエスト,6月30日,有
8914,エリアリンク,スタンダード（内国株式）,不動産業,不動産,-,E04011,エリアリンク株式会社,12月31日,有
8917,ファースト住建,スタンダード（内国株式）,不動産業,不動産,-,E04013,ファースト住建株式会社,10月31日,無
8918,ランド,スタンダード（内国株式）,不動産業,不動産,TOPIX Small 2,E04015,株式会社ランド,2月末日,有
8919,カチタス,プライム（内国株式）,不動産業,不動産,TOPIX Small 1,E33622,株式会社カチタス,3月31日,有
8920,東祥,スタンダード（内国株式）,サービス業,情報通信・サービスその他,TOPIX Small 2,E04018,株式会社　東　祥,3月31日,有
8923,トーセイ,プライム（内国株式）,不動産業,不動産,TOPIX Small 1,E04021,トーセイ株式会社,11月30日,有
8927,明豊エンタープライズ,スタンダード（内国株式）,不動産業,不動産,-,E04024,株式会社明豊エンタープライズ,7月31日,有
8928,穴吹興産,スタンダード（内国株式）,不動産業,不動産,-,E04025,穴吹興産株式会社,6月30日,有
8929,青山財産ネットワークス,スタンダード（内国株式）,不動産業,不動産,-,E05407,株式会社青山財産ネットワークス,12月31日,有
8931,和田興産,スタンダード（内国株式）,不動産業,不動産,-,E04029,和田興産株式会社,2月末日,無
8934,サンフロンティア不動産,プライム（内国株式）,不動産業,不動産,TOPIX Small 1,E04031,サンフロンティア不動産株式会社,3月31日,有
8935,ＦＪネクストホールディングス,プライム（内国株式）,不動産業,不動産,TOPIX Small 2,E04032,株式会社ＦＪネクストホールディングス,3月31日,有
8944,ランドビジネス,スタンダード（内国株式）,不動産業,不動産,-,E04038,株式会社ランドビジネス,9月30日,無
8945,サンネクスタグループ,スタンダード（内国株式）,不動産業,不動産,-,E05505,サンネクスタグループ株式会社,6月30日,有
8946,ＡＳＩＡＮ　ＳＴＡＲ,スタンダード（内国株式）,不動産業,不動産,-,E04039,株式会社ＡＳＩＡＮ　ＳＴＡＲ,12月31日,有
8995,誠建設工業,スタンダード（内国株式）,不動産業,不動産,-,E04049,株式会社誠建設工業,3月31日,有
8996,ハウスフリーダム,スタンダード（内国株式）,不動産業,不動産,-,E04048,株式会社ハウスフリーダム,12月31日,有
8999,グランディハウス,プライム（内国株式）,不動産業,不動産,TOPIX Small 2,E04044,グランディハウス株式会社,3月31日,有
9001,東武鉄道,プライム（内国株式）,陸運業,運輸・物流,TOPIX Mid400,E04094,東武鉄道株式会社,3月31日,有
9003,相鉄ホールディングス,プライム（内国株式）,陸運業,運輸・物流,TOPIX Mid400,E04097,相鉄ホールディングス株式会社,3月31日,有
9005,東急,プライム（内国株式）,陸運業,運輸・物流,TOPIX Mid400,E04090,東急株式会社,3月31日,有
9006,京浜急行電鉄,プライム（内国株式）,陸運業,運輸・物流,TOPIX Mid400,E04089,京浜急行電鉄株式会社,3月31日,有
9007,小田急電鉄,プライム（内国株式）,陸運業,運輸・物流,TOPIX Mid400,E04088,小田急電鉄株式会社,3月31日,有
9008,京王電鉄,プライム（内国株式）,陸運業,運輸・物流,TOPIX Mid400,E04092,京王電鉄株式会社,3月31日,有
9009,京成電鉄,プライム（内国株式）,陸運業,運輸・物流,TOPIX Mid400,E04091,京成電鉄株式会社,3月31日,有
9010,富士急行,プライム（内国株式）,陸運業,運輸・物流,TOPIX Small 1,E04093,富士急行株式会社,3月31日,有
9012,秩父鉄道,スタンダード（内国株式）,陸運業,運輸・物流,-,E04136,秩父鉄道株式会社,3月31日,有
9017,新潟交通,スタンダード（内国株式）,陸運業,運輸・物流,-,E04155,新潟交通株式会社,3月31日,有
9020,東日本旅客鉄道,プライム（内国株式）,陸運業,運輸・物流,TOPIX Large70,E04147,東日本旅客鉄道株式会社,3月31日,有
9021,西日本旅客鉄道,プライム（内国株式）,陸運業,運輸・物流,TOPIX Large70,E04148,西日本旅客鉄道株式会社,3月31日,有
9022,東海旅客鉄道,プライム（内国株式）,陸運業,運輸・物流,TOPIX Large70,E04149,東海旅客鉄道株式会社,3月31日,有
9023,東京地下鉄,プライム（内国株式）,陸運業,運輸・物流,TOPIX Mid400,E04153,東京地下鉄株式会社,3月31日,有
9024,西武ホールディングス,プライム（内国株式）,陸運業,運輸・物流,TOPIX Mid400,E04154,株式会社西武ホールディングス,3月31日,有
9025,鴻池運輸,プライム（内国株式）,陸運業,運輸・物流,TOPIX Small 1,E04341,鴻池運輸株式会社,3月31日,有
9028,ゼロ,スタンダード（内国株式）,陸運業,運輸・物流,-,E04230,株式会社ゼロ,6月30日,有
9029,ヒガシホールディングス,スタンダード（内国株式）,陸運業,運輸・物流,-,E04228,株式会社ヒガシホールディングス,3月31日,有
9031,西日本鉄道,プライム（内国株式）,陸運業,運輸・物流,TOPIX Mid400,E04110,西日本鉄道株式会社,3月31日,有
9033,広島電鉄,スタンダード（内国株式）,陸運業,運輸・物流,-,E04123,広島電鉄株式会社,3月31日,有
9034,南総通運,スタンダード（内国株式）,陸運業,運輸・物流,-,E04223,南総通運株式会社,3月31日,有
9036,東部ネットワーク,スタンダード（内国株式）,陸運業,運輸・物流,-,E04221,東部ネットワーク株式会社,3月31日,無
9037,ハマキョウレックス,プライム（内国株式）,陸運業,運輸・物流,TOPIX Small 1,E04220,株式会社ハマキョウレックス,3月31日,有
9039,サカイ引越センター,プライム（内国株式）,陸運業,運輸・物流,TOPIX Small 1,E04218,株式会社サカイ引越センター,3月31日,有
9041,近鉄グループホールディングス,プライム（内国株式）,陸運業,運輸・物流,TOPIX Mid400,E04102,近鉄グループホールディングス株式会社,3月31日,有
9042,阪急阪神ホールディングス,プライム（内国株式）,陸運業,運輸・物流,TOPIX Mid400,E04103,阪急阪神ホールディングス株式会社,3月31日,有
9044,ＮＡＮＫＡＩ,プライム（内国株式）,陸運業,運輸・物流,TOPIX Mid400,E04106,株式会社ＮＡＮＫＡＩ,3月31日,有
9045,京阪ホールディングス,プライム（内国株式）,陸運業,運輸・物流,TOPIX Mid400,E04105,京阪ホールディングス株式会社,3月31日,有
9046,神戸電鉄,スタンダード（内国株式）,陸運業,運輸・物流,TOPIX Small 2,E04109,神戸電鉄株式会社,3月31日,有
9048,名古屋鉄道,プライム（内国株式）,陸運業,運輸・物流,TOPIX Mid400,E04101,名古屋鉄道株式会社,3月31日,有
9049,京福電気鉄道,スタンダード（内国株式）,陸運業,運輸・物流,-,E04108,京福電気鉄道株式会社,3月31日,有
9051,センコン物流,スタンダード（内国株式）,陸運業,運輸・物流,-,E04215,センコン物流株式会社,3月31日,有
9052,山陽電気鉄道,プライム（内国株式）,陸運業,運輸・物流,TOPIX Small 2,E04125,山陽電気鉄道株式会社,3月31日,有
9057,遠州トラック,スタンダード（内国株式）,陸運業,運輸・物流,-,E04209,遠州トラック株式会社,3月31日,有
9059,カンダホールディングス,スタンダード（内国株式）,陸運業,運輸・物流,-,E04194,カンダホールディングス株式会社,3月31日,有
9060,日本ロジテム,スタンダード（内国株式）,陸運業,運輸・物流,-,E04206,日本ロジテム株式会社,3月31日,有
9063,岡山県貨物運送,スタンダード（内国株式）,陸運業,運輸・物流,-,E04195,岡山県貨物運送株式会社,3月31日,有
9064,ヤマトホールディングス,プライム（内国株式）,陸運業,運輸・物流,TOPIX Mid400,E04187,ヤマトホールディングス株式会社,3月31日,有
9065,山九,プライム（内国株式）,陸運業,運輸・物流,TOPIX Mid400,E04324,山九株式会社,3月31日,有
9068,丸全昭和運輸,プライム（内国株式）,陸運業,運輸・物流,TOPIX Small 1,E04178,丸全昭和運輸株式会社,3月31日,有
9069,センコーグループホールディングス,プライム（内国株式）,陸運業,運輸・物流,TOPIX Mid400,E04179,センコーグループホールディングス株式会社,3月31日,有
9072,ニッコンホールディングス,プライム（内国株式）,陸運業,運輸・物流,TOPIX Mid400,E04191,ニッコンホールディングス株式会社,3月31日,有
9073,京極運輸商事,スタンダード（内国株式）,陸運業,運輸・物流,-,E04197,京極運輸商事株式会社,3月31日,有
9074,日本石油輸送,スタンダード（内国株式）,陸運業,運輸・物流,-,E04327,日本石油輸送株式会社,3月31日,有
9075,福山通運,プライム（内国株式）,陸運業,運輸・物流,TOPIX Small 1,E04334,福山通運株式会社,3月31日,有
9076,セイノーホールディングス,プライム（内国株式）,陸運業,運輸・物流,TOPIX Mid400,E04198,セイノーホールディングス株式会社,3月31日,有
9081,神奈川中央交通,プライム（内国株式）,陸運業,運輸・物流,TOPIX Small 2,E04158,神奈川中央交通株式会社,3月31日,有
9082,大和自動車交通,スタンダード（内国株式）,陸運業,運輸・物流,-,E04159,大和自動車交通株式会社,3月31日,有
9083,神姫バス,スタンダード（内国株式）,陸運業,運輸・物流,-,E04160,神姫バス株式会社,3月31日,有
9087,タカセ,スタンダード（内国株式）,陸運業,運輸・物流,-,E04354,タカセ株式会社,3月31日,有
9090,ＡＺ－ＣＯＭ丸和ホールディングス,プライム（内国株式）,陸運業,運輸・物流,TOPIX Small 1,E30443,ＡＺ－ＣＯＭ丸和ホールディングス株式会社,3月末日,有
9101,日本郵船,プライム（内国株式）,海運業,運輸・物流,TOPIX Large70,E04235,日本郵船株式会社,3月31日,有
9104,商船三井,プライム（内国株式）,海運業,運輸・物流,TOPIX Large70,E04236,株式会社　商船三井,3月31日,有
9107,川崎汽船,プライム（内国株式）,海運業,運輸・物流,TOPIX Mid400,E04237,川崎汽船株式会社,3月31日,有
9110,ＮＳユナイテッド海運,プライム（内国株式）,海運業,運輸・物流,TOPIX Small 1,E04239,ＮＳユナイテッド海運株式会社,3月31日,有
9115,明海グループ,スタンダード（内国株式）,海運業,運輸・物流,-,E04242,明海グループ株式会社,3月31日,有
9119,飯野海運,プライム（内国株式）,海運業,運輸・物流,TOPIX Small 1,E04243,飯野海運株式会社,3月31日,有
9127,玉井商船,スタンダード（内国株式）,海運業,運輸・物流,-,E04246,玉井商船株式会社,3月31日,有
9130,共栄タンカー,スタンダード（内国株式）,海運業,運輸・物流,-,E04251,共栄タンカー株式会社,3月31日,有
9142,九州旅客鉄道,プライム（内国株式）,陸運業,運輸・物流,TOPIX Mid400,E32679,九州旅客鉄道株式会社,3月31日,有
9143,ＳＧホールディングス,プライム（内国株式）,陸運業,運輸・物流,TOPIX Mid400,E32292,ＳＧホールディングス株式会社,3月31日,有
9145,ビーイングホールディングス,スタンダード（内国株式）,陸運業,運輸・物流,-,E36140,株式会社ビーイングホールディングス,12月末日,有
9147,ＮＩＰＰＯＮ　ＥＸＰＲＥＳＳホールディングス,プライム（内国株式）,陸運業,運輸・物流,TOPIX Mid400,E36706,ＮＩＰＰＯＮ　ＥＸＰＲＥＳＳホールディングス株式会社,12月31日,有
9160,オンザページ,スタンダード（内国株式）,サービス業,情報通信・サービスその他,-,E32664,株式会社オンザページ,12月末日,有
9171,栗林商船,スタンダード（内国株式）,海運業,運輸・物流,-,E04254,栗林商船株式会社,3月31日,有
9173,東海汽船,スタンダード（内国株式）,海運業,運輸・物流,-,E04256,東海汽船株式会社,12月31日,有
9193,東京汽船,スタンダード（内国株式）,倉庫・運輸関連業,運輸・物流,-,E04336,東京汽船株式会社,3月31日,有
9201,日本航空,プライム（内国株式）,空運業,運輸・物流,TOPIX Mid400,E04272,日本航空株式会社,3月31日,有
9202,ＡＮＡホールディングス,プライム（内国株式）,空運業,運輸・物流,TOPIX Large70,E04273,ＡＮＡホールディングス株式会社,3月31日,有
9206,スターフライヤー,スタンダード（内国株式）,空運業,運輸・物流,-,E26084,株式会社スターフライヤー,3月31日,無
9213,セイファート,スタンダード（内国株式）,サービス業,情報通信・サービスその他,-,E37304,株式会社セイファート,12月末日,有
9216,ビーウィズ,プライム（内国株式）,サービス業,情報通信・サービスその他,TOPIX Small 2,E37399,ビーウィズ株式会社,5月末日,有
9220,エフビー介護サービス,スタンダード（内国株式）,サービス業,情報通信・サービスその他,-,E37523,エフビー介護サービス株式会社,3月31日,有
9221,フルハシＥＰＯ,スタンダード（内国株式）,サービス業,情報通信・サービスその他,-,E37560,フルハシＥＰＯ株式会社,3月31日,有
9229,サンウェルズ,プライム（内国株式）,サービス業,情報通信・サービスその他,TOPIX Small 2,E37719,株式会社サンウェルズ,3月31日,無
9233,アジア航測,スタンダード（内国株式）,空運業,運輸・物流,-,E04275,アジア航測株式会社,9月30日,有
9247,ＴＲＥホールディングス,プライム（内国株式）,サービス業,情報通信・サービスその他,TOPIX Small 1,E36751,ＴＲＥホールディングス株式会社,3月31日,有
9248,人・夢・技術グループ,スタンダード（内国株式）,サービス業,情報通信・サービスその他,TOPIX Small 2,E36223,人・夢・技術グループ株式会社,9月30日,有
9249,日本エコシステム,スタンダード（内国株式）,サービス業,情報通信・サービスその他,-,E36968,日本エコシステム株式会社,9月30日,有
9262,シルバーライフ,スタンダード（内国株式）,小売業,小売,TOPIX Small 2,E33282,株式会社シルバーライフ,7月末日,無
9264,ポエック,スタンダード（内国株式）,卸売業,商社・卸売,-,E33514,ポエック株式会社,8月31日,有
9265,ヤマシタヘルスケアホールディングス,スタンダード（内国株式）,卸売業,商社・卸売,-,E33393,ヤマシタヘルスケアホールディングス株式会社,5月31日,有
9267,Ｇｅｎｋｙ　ＤｒｕｇＳｔｏｒｅｓ,プライム（内国株式）,小売業,小売,TOPIX Small 1,E33416,Ｇｅｎｋｙ　ＤｒｕｇＳｔｏｒｅｓ株式会社,6月20日,有
9268,オプティマスグループ,スタンダード（内国株式）,卸売業,商社・卸売,-,E33616,株式会社オプティマスグループ,3月末日,有
9273,コーア商事ホールディングス,プライム（内国株式）,卸売業,商社・卸売,TOPIX Small 2,E34071,コーア商事ホールディングス株式会社,6月末日,有
9274,ＫＰＰグループホールディングス,プライム（内国株式）,卸売業,商社・卸売,TOPIX Small 1,E02516,ＫＰＰグループホールディングス株式会社,3月31日,有
9278,ブックオフグループホールディングス,プライム（内国株式）,小売業,小売,TOPIX Small 2,E34102,ブックオフグループホールディングス株式会社,5月31日,有
9279,ギフトホールディングス,プライム（内国株式）,小売業,小売,TOPIX Small 2,E34336,株式会社ギフトホールディングス,10月末日,有
9301,三菱倉庫,プライム（内国株式）,倉庫・運輸関連業,運輸・物流,TOPIX Mid400,E04283,三菱倉庫株式会社,3月31日,有
9302,三井倉庫ホールディングス,プライム（内国株式）,倉庫・運輸関連業,運輸・物流,TOPIX Mid400,E04284,三井倉庫ホールディングス株式会社,3月31日,有
9303,住友倉庫,プライム（内国株式）,倉庫・運輸関連業,運輸・物流,TOPIX Small 1,E04285,株式会社住友倉庫,3月31日,有
9304,澁澤倉庫,プライム（内国株式）,倉庫・運輸関連業,運輸・物流,TOPIX Small 2,E04286,澁澤倉庫株式会社,3月31日,有
9305,ヤマタネ,プライム（内国株式）,卸売業,商社・卸売,TOPIX Small 2,E04291,株式会社ヤマタネ,3月31日,有
9306,東陽倉庫,スタンダード（内国株式）,倉庫・運輸関連業,運輸・物流,-,E04287,東陽倉庫株式会社,3月31日,有
9307,杉村倉庫,スタンダード（内国株式）,倉庫・運輸関連業,運輸・物流,-,E04294,株式会社杉村倉庫,3月31日,有
9308,乾汽船,スタンダード（内国株式）,海運業,運輸・物流,TOPIX Small 2,E04288,乾汽船株式会社,3月31日,有
9310,日本トランスシティ,プライム（内国株式）,倉庫・運輸関連業,運輸・物流,TOPIX Small 2,E04289,日本トランスシティ株式会社,3月31日,有
9311,アサガミ,スタンダード（内国株式）,倉庫・運輸関連業,運輸・物流,-,E04323,アサガミ株式会社,3月31日,有
9312,ケイヒン,スタンダード（内国株式）,倉庫・運輸関連業,運輸・物流,-,E04293,ケイヒン株式会社,3月31日,有
9313,丸八倉庫,スタンダード（内国株式）,倉庫・運輸関連業,運輸・物流,-,E04296,丸八倉庫株式会社,11月30日,有
9319,中央倉庫,プライム（内国株式）,倉庫・運輸関連業,運輸・物流,TOPIX Small 2,E04304,株式会社中央倉庫,3月31日,有
9322,川西倉庫,スタンダード（内国株式）,倉庫・運輸関連業,運輸・物流,-,E04317,川西倉庫株式会社,3月31日,有
9324,安田倉庫,プライム（内国株式）,倉庫・運輸関連業,運輸・物流,TOPIX Small 2,E04290,安田倉庫株式会社,3月31日,有
9325,ファイズホールディングス,スタンダード（内国株式）,倉庫・運輸関連業,運輸・物流,-,E32990,ファイズホールディングス株式会社,3月31日,有
9327,イー・ロジット,スタンダード（内国株式）,倉庫・運輸関連業,運輸・物流,-,E36405,株式会社イー・ロジット,3月31日,無
9332,ＮＩＳＳＯホールディングス,プライム（内国株式）,サービス業,情報通信・サービスその他,TOPIX Small 2,E38723,ＮＩＳＳＯホールディングス株式会社,3月31日,有
9336,大栄環境,プライム（内国株式）,サービス業,情報通信・サービスその他,TOPIX Small 1,E38148,大栄環境株式会社,3月末日,有
9339,コーチ・エィ,スタンダード（内国株式）,サービス業,情報通信・サービスその他,-,E38178,株式会社コーチ・エィ,12月末日,有
9340,アソインターナショナル,スタンダード（内国株式）,サービス業,情報通信・サービスその他,-,E38139,株式会社アソインターナショナル,6月30日,有
9341,ＧＥＮＯＶＡ,プライム（内国株式）,サービス業,情報通信・サービスその他,TOPIX Small 2,E38215,株式会社ＧＥＮＯＶＡ,3月31日,有
9347,日本管財ホールディングス,プライム（内国株式）,サービス業,情報通信・サービスその他,TOPIX Small 2,E37788,日本管財ホールディングス株式会社,3月31日,有
9351,東洋埠頭,スタンダード（内国株式）,倉庫・運輸関連業,運輸・物流,-,E04321,東洋埠頭株式会社,3月31日,有
9353,櫻島埠頭,スタンダード（内国株式）,倉庫・運輸関連業,運輸・物流,-,E04322,櫻島埠頭株式会社,3月31日,有
9355,リンコーコーポレーション,スタンダード（内国株式）,倉庫・運輸関連業,運輸・物流,-,E04326,株式会社リンコーコーポレーション,3月31日,有
9360,鈴与シンワート,スタンダード（内国株式）,情報・通信業,情報通信・サービスその他,-,E04337,鈴与シンワート株式会社,3月31日,有
9361,伏木海陸運送,スタンダード（内国株式）,倉庫・運輸関連業,運輸・物流,-,E04339,伏木海陸運送株式会社,6月30日,有
9362,兵機海運,スタンダード（内国株式）,倉庫・運輸関連業,運輸・物流,-,E04342,兵機海運株式会社,3月31日,無
9363,大運,スタンダード（内国株式）,倉庫・運輸関連業,運輸・物流,-,E04247,株式会社大運,3月31日,無
9364,上組,プライム（内国株式）,倉庫・運輸関連業,運輸・物流,TOPIX Mid400,E04345,株式会社上組,3月31日,有
9365,トレーディア,スタンダード（内国株式）,倉庫・運輸関連業,運輸・物流,-,E04346,トレーディア株式会社,3月31日,有
9366,サンリツ,スタンダード（内国株式）,倉庫・運輸関連業,運輸・物流,-,E04353,株式会社サンリツ,3月31日,有
9367,大東港運,スタンダード（内国株式）,倉庫・運輸関連業,運輸・物流,-,E04356,大東港運株式会社,3月31日,有
9368,キムラユニティー,スタンダード（内国株式）,倉庫・運輸関連業,運輸・物流,-,E04357,キムラユニティー株式会社,3月31日,有
9369,キユーソー流通システム,スタンダード（内国株式）,倉庫・運輸関連業,運輸・物流,TOPIX Small 2,E04213,株式会社キユーソー流通システム,11月30日,有
9376,ユーラシア旅行社,スタンダード（内国株式）,サービス業,情報通信・サービスその他,-,E04365,株式会社ユーラシア旅行社,9月30日,有
9380,東海運,スタンダード（内国株式）,倉庫・運輸関連業,運輸・物流,-,E04329,東海運株式会社,3月31日,有
9381,エーアイテイー,プライム（内国株式）,倉庫・運輸関連業,運輸・物流,TOPIX Small 2,E04369,株式会社エーアイテイー,2月末日,有
9385,ショーエイコーポレーション,スタンダード（内国株式）,化学,素材・化学,-,E21815,株式会社ショーエイコーポレーション,3月31日,有
9401,ＴＢＳホールディングス,プライム（内国株式）,情報・通信業,情報通信・サービスその他,TOPIX Mid400,E04375,株式会社ＴＢＳホールディングス,3月31日,有
9404,日本テレビホールディングス,プライム（内国株式）,情報・通信業,情報通信・サービスその他,TOPIX Mid400,E04410,日本テレビホールディングス株式会社,3月31日,有
9405,朝日放送グループホールディングス,プライム（内国株式）,情報・通信業,情報通信・サービスその他,TOPIX Small 2,E04380,朝日放送グループホールディングス株式会社,3月31日,有
9408,ＢＳＮメディアホールディングス,スタンダード（内国株式）,情報・通信業,情報通信・サービスその他,-,E04399,株式会社ＢＳＮメディアホールディングス,3月31日,有
9409,テレビ朝日ホールディングス,プライム（内国株式）,情報・通信業,情報通信・サービスその他,TOPIX Small 1,E04414,株式会社テレビ朝日ホールディングス,3月31日,有
9412,スカパーＪＳＡＴ,プライム（内国株式）,情報・通信業,情報通信・サービスその他,TOPIX Small 1,E04497,スカパーＪＳＡＴ株式会社,3月31日,有
9413,テレビ東京ホールディングス,プライム（内国株式）,情報・通信業,情報通信・サービスその他,TOPIX Small 1,E24545,株式会社テレビ東京ホールディングス,3月31日,有
9414,日本ＢＳ放送,スタンダード（内国株式）,情報・通信業,情報通信・サービスその他,-,E30454,日本ＢＳ放送株式会社,8月31日,有
9416,ビジョン,プライム（内国株式）,情報・通信業,情報通信・サービスその他,TOPIX Small 1,E30010,株式会社ビジョン,12月31日,有
9417,スマートバリュー,スタンダード（内国株式）,情報・通信業,情報通信・サービスその他,-,E31524,株式会社スマートバリュー,6月30日,無
9418,Ｕ－ＮＥＸＴ　ＨＯＬＤＩＮＧＳ,プライム（内国株式）,情報・通信業,情報通信・サービスその他,TOPIX Small 1,E31052,株式会社Ｕ－ＮＥＸＴ　ＨＯＬＤＩＮＧＳ,8月31日,有
9419,ワイヤレスゲート,スタンダード（内国株式）,情報・通信業,情報通信・サービスその他,-,E26675,株式会社ワイヤレスゲート,12月末日,有
9421,エヌジェイホールディングス,スタンダード（内国株式）,情報・通信業,情報通信・サービスその他,-,E05570,株式会社エヌジェイホールディングス,6月30日,有
9423,フォーバル・リアルストレート,スタンダード（内国株式）,情報・通信業,情報通信・サービスその他,-,E05528,株式会社フォーバル・リアルストレート,3月31日,有
9424,日本通信,プライム（内国株式）,情報・通信業,情報通信・サービスその他,TOPIX Small 2,E04473,日本通信株式会社,3月31日,有
9425,ＲｅＹｕｕ　Ｊａｐａｎ,スタンダード（内国株式）,情報・通信業,情報通信・サービスその他,-,E05481,ＲｅＹｕｕ　Ｊａｐａｎ株式会社,10月31日,無
9428,クロップス,スタンダード（内国株式）,情報・通信業,情報通信・サービスその他,-,E05504,株式会社クロップス,3月31日,有
9432,ＮＴＴ,プライム（内国株式）,情報・通信業,情報通信・サービスその他,TOPIX Core30,E04430,ＮＴＴ株式会社,3月31日,有
9433,ＫＤＤＩ,プライム（内国株式）,情報・通信業,情報通信・サービスその他,TOPIX Core30,E04425,ＫＤＤＩ株式会社,3月31日,有
9434,ソフトバンク,プライム（内国株式）,情報・通信業,情報通信・サービスその他,TOPIX Core30,E04426,ソフトバンク株式会社,3月31日,有
9435,光通信,プライム（内国株式）,情報・通信業,情報通信・サービスその他,TOPIX Mid400,E04948,株式会社光通信,3月31日,有
9436,沖縄セルラー電話,スタンダード（内国株式）,情報・通信業,情報通信・サービスその他,-,E04460,沖縄セルラー電話株式会社,3月31日,有
9438,エムティーアイ,プライム（内国株式）,情報・通信業,情報通信・サービスその他,TOPIX Small 2,E05049,株式会社エムティーアイ,9月30日,有
9439,エム・エイチ・グループ,スタンダード（内国株式）,サービス業,情報通信・サービスその他,-,E05055,株式会社エム・エイチ・グループ,6月30日,有
9441,ベルパーク,スタンダード（内国株式）,情報・通信業,情報通信・サービスその他,-,E03342,株式会社ベルパーク,12月31日,有
9444,トーシンホールディングス,スタンダード（内国株式）,情報・通信業,情報通信・サービスその他,-,E05137,株式会社トーシンホールディングス,4月30日,有
9445,フォーバルテレコム,スタンダード（内国株式）,情報・通信業,情報通信・サービスその他,-,E04476,株式会社フォーバルテレコム,3月31日,有
9446,サカイホールディングス,スタンダード（内国株式）,情報・通信業,情報通信・サービスその他,-,E05181,株式会社サカイホールディングス,9月30日,有
9449,ＧＭＯインターネットグループ,プライム（内国株式）,情報・通信業,情報通信・サービスその他,TOPIX Mid400,E05041,ＧＭＯインターネットグループ株式会社,12月31日,有
9450,ファイバーゲート,スタンダード（内国株式）,情報・通信業,情報通信・サービスその他,TOPIX Small 2,E33839,株式会社ファイバーゲート,6月30日,有
9466,アイドママーケティングコミュニケーション,スタンダード（内国株式）,情報・通信業,情報通信・サービスその他,-,E32198,株式会社アイドママーケティングコミュニケーション,3月31日,有
9468,ＫＡＤＯＫＡＷＡ,プライム（内国株式）,情報・通信業,情報通信・サービスその他,TOPIX Mid400,E30731,株式会社ＫＡＤＯＫＡＷＡ,3月31日,有
9470,学研ホールディングス,プライム（内国株式）,情報・通信業,情報通信・サービスその他,TOPIX Small 2,E00707,株式会社学研ホールディングス,9月30日,有
9474,ゼンリン,プライム（内国株式）,情報・通信業,情報通信・サービスその他,TOPIX Small 2,E00717,株式会社ゼンリン,3月31日,有
9475,昭文社ホールディングス,スタンダード（内国株式）,情報・通信業,情報通信・サービスその他,-,E00721,株式会社昭文社ホールディングス,3月31日,有
9476,中央経済社ホールディングス,スタンダード（内国株式）,情報・通信業,情報通信・サービスその他,-,E00723,株式会社中央経済社ホールディングス,9月30日,有
9478,ＳＥホールディングス・アンド・インキュベーションズ,スタンダード（内国株式）,情報・通信業,情報通信・サービスその他,-,E00728,ＳＥホールディングス・アンド・インキュベーションズ株式会社,3月31日,有
9501,東京電力ホールディングス,プライム（内国株式）,電気・ガス業,電力・ガス,TOPIX Mid400,E04498,東京電力ホールディングス株式会社,3月31日,有
9502,中部電力,プライム（内国株式）,電気・ガス業,電力・ガス,TOPIX Mid400,E04502,中部電力株式会社,3月31日,有
9503,関西電力,プライム（内国株式）,電気・ガス業,電力・ガス,TOPIX Mid400,E04499,関西電力株式会社,3月31日,有
9504,中国電力,プライム（内国株式）,電気・ガス業,電力・ガス,TOPIX Mid400,E04504,中国電力株式会社,3月31日,有
9505,北陸電力,プライム（内国株式）,電気・ガス業,電力・ガス,TOPIX Mid400,E04503,北陸電力株式会社,3月31日,有
9506,東北電力,プライム（内国株式）,電気・ガス業,電力・ガス,TOPIX Mid400,E04501,東北電力株式会社,3月31日,有
9507,四国電力,プライム（内国株式）,電気・ガス業,電力・ガス,TOPIX Mid400,E04505,四国電力株式会社,3月31日,有
9508,九州電力,プライム（内国株式）,電気・ガス業,電力・ガス,TOPIX Mid400,E04506,九州電力株式会社,3月31日,有
9509,北海道電力,プライム（内国株式）,電気・ガス業,電力・ガス,TOPIX Mid400,E04500,北海道電力株式会社,3月31日,有
9511,沖縄電力,プライム（内国株式）,電気・ガス業,電力・ガス,TOPIX Small 1,E04509,沖縄電力株式会社,3月31日,有
9513,電源開発,プライム（内国株式）,電気・ガス業,電力・ガス,TOPIX Mid400,E04510,電源開発株式会社,3月31日,有
9514,エフオン,スタンダード（内国株式）,電気・ガス業,電力・ガス,TOPIX Small 2,E05470,株式会社エフオン,6月30日,有
9517,イーレックス,プライム（内国株式）,電気・ガス業,電力・ガス,TOPIX Small 2,E31065,イーレックス株式会社,3月末日,有
9519,レノバ,プライム（内国株式）,電気・ガス業,電力・ガス,TOPIX Small 1,E32967,株式会社レノバ,3月末日,有
9531,東京瓦斯,プライム（内国株式）,電気・ガス業,電力・ガス,TOPIX Mid400,E04514,東京瓦斯株式会社,3月31日,有
9532,大阪瓦斯,プライム（内国株式）,電気・ガス業,電力・ガス,TOPIX Mid400,E04520,大阪瓦斯株式会社,3月31日,有
9533,東邦瓦斯,プライム（内国株式）,電気・ガス業,電力・ガス,TOPIX Mid400,E04517,東邦瓦斯株式会社,3月31日,有
9534,北海道瓦斯,プライム（内国株式）,電気・ガス業,電力・ガス,TOPIX Small 2,E04511,北海道瓦斯株式会社,3月31日,有
9535,広島ガス,プライム（内国株式）,電気・ガス業,電力・ガス,TOPIX Small 2,E04521,広島ガス株式会社,3月31日,有
9536,西部ガスホールディングス,プライム（内国株式）,電気・ガス業,電力・ガス,TOPIX Small 2,E04523,西部ガスホールディングス株式会社,3月31日,有
9537,北陸瓦斯,スタンダード（内国株式）,電気・ガス業,電力・ガス,-,E04519,北陸瓦斯株式会社,3月31日,有
9539,京葉瓦斯,スタンダード（内国株式）,電気・ガス業,電力・ガス,-,E04515,京葉瓦斯株式会社,12月31日,有
9543,静岡ガス,プライム（内国株式）,電気・ガス業,電力・ガス,TOPIX Small 1,E04516,静岡ガス株式会社,12月31日,有
9551,メタウォーター,プライム（内国株式）,電気・ガス業,電力・ガス,TOPIX Small 1,E31064,メタウォーター株式会社,3月31日,有
9552,クオンツ総研ホールディングス,プライム（内国株式）,サービス業,情報通信・サービスその他,TOPIX Small 1,E37733,株式会社クオンツ総研ホールディングス,9月30日,有
9564,ＦＣＥ,スタンダード（内国株式）,サービス業,情報通信・サービスその他,-,E38007,株式会社ＦＣＥ,9月30日,有
9601,松竹,プライム（内国株式）,情報・通信業,情報通信・サービスその他,TOPIX Small 1,E04582,松竹株式会社,2月末日,有
9602,東宝,プライム（内国株式）,情報・通信業,情報通信・サービスその他,TOPIX Mid400,E04583,東宝株式会社,2月末日,有
9603,エイチ・アイ・エス,プライム（内国株式）,サービス業,情報通信・サービスその他,TOPIX Small 1,E04358,株式会社エイチ・アイ・エス,10月31日,有
9605,東映,プライム（内国株式）,情報・通信業,情報通信・サービスその他,TOPIX Small 1,E04585,東映株式会社,3月31日,有
9610,ウィルソン・ラーニング　ワールドワイド,スタンダード（内国株式）,サービス業,情報通信・サービスその他,-,E04916,ウィルソン・ラーニング　ワールドワイド株式会社,3月31日,有
9612,ラックランド,プライム（内国株式）,サービス業,情報通信・サービスその他,TOPIX Small 2,E04914,株式会社ラックランド,12月31日,有
9616,共立メンテナンス,プライム（内国株式）,サービス業,情報通信・サービスその他,TOPIX Mid400,E04908,株式会社共立メンテナンス,3月31日,有
9619,イチネンホールディングス,プライム（内国株式）,サービス業,情報通信・サービスその他,TOPIX Small 2,E04904,株式会社イチネンホールディングス,3月31日,有
9621,建設技術研究所,プライム（内国株式）,サービス業,情報通信・サービスその他,TOPIX Small 1,E04903,株式会社建設技術研究所,12月31日,有
9622,スペース,プライム（内国株式）,サービス業,情報通信・サービスその他,TOPIX Small 2,E04902,株式会社スペース,12月31日,無
9625,セレスポ,スタンダード（内国株式）,サービス業,情報通信・サービスその他,-,E04899,株式会社セレスポ,3月31日,無
9627,アインホールディングス,プライム（内国株式）,小売業,小売,TOPIX Mid400,E04896,株式会社アインホールディングス,4月30日,有
9628,燦ホールディングス,プライム（内国株式）,サービス業,情報通信・サービスその他,TOPIX Small 2,E04895,燦ホールディングス株式会社,8月31日,有
9629,ピー・シー・エー,プライム（内国株式）,情報・通信業,情報通信・サービスその他,TOPIX Small 2,E04894,ピー・シー・エー株式会社,3月31日,有
9632,スバル興業,スタンダード（内国株式）,サービス業,情報通信・サービスその他,TOPIX Small 2,E04599,スバル興業株式会社,1月31日,有
9633,東京テアトル,スタンダード（内国株式）,不動産業,不動産,-,E04589,東京テアトル株式会社,3月31日,有
9635,武蔵野興業,スタンダード（内国株式）,サービス業,情報通信・サービスその他,-,E04591,武蔵野興業株式会社,3月31日,有
9636,きんえい,スタンダード（内国株式）,サービス業,情報通信・サービスその他,-,E04592,株式会社きんえい,1月31日,無
9639,三協フロンテア,スタンダード（内国株式）,サービス業,情報通信・サービスその他,-,E04890,三協フロンテア株式会社,3月31日,無
9640,セゾンテクノロジー,スタンダード（内国株式）,情報・通信業,情報通信・サービスその他,-,E04889,株式会社セゾンテクノロジー,3月31日,有
9644,タナベコンサルティンググループ,プライム（内国株式）,サービス業,情報通信・サービスその他,TOPIX Small 2,E04887,株式会社タナベコンサルティンググループ,3月31日,有
9647,協和コンサルタンツ,スタンダード（内国株式）,サービス業,情報通信・サービスその他,-,E04884,株式会社協和コンサルタンツ,11月30日,有
9651,日本プロセス,スタンダード（内国株式）,情報・通信業,情報通信・サービスその他,-,E04873,日本プロセス株式会社,5月31日,有
9656,グリーンランドリゾート,スタンダード（内国株式）,サービス業,情報通信・サービスその他,-,E04693,グリーンランドリゾート株式会社,12月31日,有
9658,ビジネスブレイン太田昭和,プライム（内国株式）,情報・通信業,情報通信・サービスその他,TOPIX Small 2,E04869,株式会社ビジネスブレイン太田昭和,3月31日,有
9661,歌舞伎座,スタンダード（内国株式）,サービス業,情報通信・サービスその他,-,E04606,株式会社歌舞伎座,2月末日,有
9663,ナガワ,プライム（内国株式）,サービス業,情報通信・サービスその他,TOPIX Small 2,E04867,株式会社ナガワ,3月31日,有
9672,東京都競馬,プライム（内国株式）,サービス業,情報通信・サービスその他,TOPIX Small 1,E04603,東京都競馬株式会社,12月31日,有
9678,カナモト,プライム（内国株式）,サービス業,情報通信・サービスその他,TOPIX Small 1,E04862,株式会社カナモト,10月31日,有
9679,ホウライ,スタンダード（内国株式）,サービス業,情報通信・サービスその他,-,E04691,ホウライ株式会社,9月30日,無
9682,ＤＴＳ,プライム（内国株式）,情報・通信業,情報通信・サービスその他,TOPIX Small 1,E04861,株式会社ＤＴＳ,3月31日,有
9684,スクウェア・エニックス・ホールディングス,プライム（内国株式）,情報・通信業,情報通信・サービスその他,TOPIX Mid400,E04859,株式会社スクウェア・エニックス・ホールディングス,3月31日,有
9685,ＫＹＣＯＭホールディングス,スタンダード（内国株式）,情報・通信業,情報通信・サービスその他,-,E04858,ＫＹＣＯＭホールディングス株式会社,3月31日,有
9686,東洋テック,スタンダード（内国株式）,サービス業,情報通信・サービスその他,-,E04857,東洋テック株式会社,3月31日,有
9687,ＫＳＫ,スタンダード（内国株式）,情報・通信業,情報通信・サービスその他,-,E04856,株式会社ＫＳＫ,3月31日,有
9691,両毛システムズ,スタンダード（内国株式）,情報・通信業,情報通信・サービスその他,-,E04855,株式会社両毛システムズ,3月31日,有
9692,シーイーシー,プライム（内国株式）,情報・通信業,情報通信・サービスその他,TOPIX Small 1,E04853,株式会社シーイーシー,1月31日,有
9697,カプコン,プライム（内国株式）,情報・通信業,情報通信・サービスその他,TOPIX Mid400,E02417,株式会社カプコン,3月31日,有
9698,クレオ,スタンダード（内国株式）,情報・通信業,情報通信・サービスその他,-,E04849,株式会社クレオ,3月31日,有
9699,ニシオホールディングス,プライム（内国株式）,サービス業,情報通信・サービスその他,TOPIX Small 1,E04848,ニシオホールディングス株式会社,9月30日,有
9701,東京會舘,スタンダード（内国株式）,サービス業,情報通信・サービスその他,-,E04535,株式会社東京會舘,3月31日,有
9702,アイ・エス・ビー,プライム（内国株式）,情報・通信業,情報通信・サービスその他,TOPIX Small 2,E04846,株式会社アイ・エス・ビー,12月31日,有
9704,アゴーラ　ホスピタリティー　グループ,スタンダード（内国株式）,サービス業,情報通信・サービスその他,-,E04538,株式会社アゴーラホスピタリティーグループ,12月31日,有
9706,日本空港ビルデング,プライム（内国株式）,不動産業,不動産,TOPIX Mid400,E03863,日本空港ビルデング株式会社,3月31日,有
9708,帝国ホテル,スタンダード（内国株式）,サービス業,情報通信・サービスその他,-,E04539,株式会社帝国ホテル,3月31日,有
9709,ＮＣＳ＆Ａ,スタンダード（内国株式）,情報・通信業,情報通信・サービスその他,-,E04841,ＮＣＳ＆Ａ株式会社,3月31日,有
9713,ロイヤルホテル,スタンダード（内国株式）,サービス業,情報通信・サービスその他,-,E04540,株式会社ロイヤルホテル,3月31日,有
9715,トランス・コスモス,プライム（内国株式）,サービス業,情報通信・サービスその他,TOPIX Small 1,E04837,トランス・コスモス株式会社,3月31日,有
9716,乃村工藝社,プライム（内国株式）,サービス業,情報通信・サービスその他,TOPIX Small 1,E04835,株式会社乃村工藝社,2月末日,有
9720,ホテル、ニューグランド,スタンダード（内国株式）,サービス業,情報通信・サービスその他,-,E04566,株式会社ホテル、ニューグランド,11月30日,無
9722,藤田観光,プライム（内国株式）,サービス業,情報通信・サービスその他,TOPIX Small 1,E04560,藤田観光株式会社,12月31日,有
9723,京都ホテル,スタンダード（内国株式）,サービス業,情報通信・サービスその他,-,E04550,株式会社京都ホテル,3月31日,無
9726,ＫＮＴ－ＣＴホールディングス,スタンダード（内国株式）,サービス業,情報通信・サービスその他,TOPIX Small 2,E04348,ＫＮＴ－ＣＴホールディングス株式会社,3月31日,有
9729,トーカイ,プライム（内国株式）,サービス業,情報通信・サービスその他,TOPIX Small 2,E04826,株式会社トーカイ,3月31日,有
9731,白洋舎,スタンダード（内国株式）,サービス業,情報通信・サービスその他,-,E04754,株式会社白洋舍,12月31日,有
9733,ナガセ,スタンダード（内国株式）,サービス業,情報通信・サービスその他,-,E04824,株式会社ナガセ,3月31日,有
9735,セコム,プライム（内国株式）,サービス業,情報通信・サービスその他,TOPIX Large70,E04773,セコム株式会社,3月31日,有
9739,ＮＳＷ,プライム（内国株式）,情報・通信業,情報通信・サービスその他,TOPIX Small 2,E04952,ＮＳＷ株式会社,3月31日,有
9740,セントラル警備保障,プライム（内国株式）,サービス業,情報通信・サービスその他,TOPIX Small 2,E04799,セントラル警備保障株式会社,2月末日,有
9742,アイネス,プライム（内国株式）,情報・通信業,情報通信・サービスその他,TOPIX Small 2,E04803,株式会社アイネス,3月31日,有
9743,丹青社,プライム（内国株式）,サービス業,情報通信・サービスその他,TOPIX Small 1,E00208,株式会社丹青社,1月31日,有
9744,メイテックグループホールディングス,プライム（内国株式）,サービス業,情報通信・サービスその他,TOPIX Mid400,E04804,株式会社メイテックグループホールディングス,3月31日,有
9746,ＴＫＣ,プライム（内国株式）,情報・通信業,情報通信・サービスその他,TOPIX Small 1,E04807,株式会社　ＴＫＣ,9月30日,有
9753,アイエックス・ナレッジ,スタンダード（内国株式）,情報・通信業,情報通信・サービスその他,-,E04815,アイエックス・ナレッジ株式会社,3月31日,有
9755,応用地質,プライム（内国株式）,サービス業,情報通信・サービスその他,TOPIX Small 2,E04816,応用地質株式会社,12月31日,有
9757,船井総研ホールディングス,プライム（内国株式）,サービス業,情報通信・サービスその他,TOPIX Small 1,E04817,株式会社船井総研ホールディングス,12月31日,有
9759,ＮＳＤ,プライム（内国株式）,情報・通信業,情報通信・サービスその他,TOPIX Mid400,E04822,株式会社ＮＳＤ,3月31日,有
9760,進学会ホールディングス,スタンダード（内国株式）,サービス業,情報通信・サービスその他,-,E04823,株式会社　進学会ホールディングス,3月31日,有
9761,東海リース,スタンダード（内国株式）,サービス業,情報通信・サービスその他,-,E04800,東海リース株式会社,3月31日,有
9763,丸建リース,スタンダード（内国株式）,卸売業,商社・卸売,-,E04777,丸建リース株式会社,3月31日,有
9765,オオバ,プライム（内国株式）,サービス業,情報通信・サービスその他,-,E04764,株式会社オオバ,5月31日,有
9766,コナミグループ,プライム（内国株式）,情報・通信業,情報通信・サービスその他,TOPIX Mid400,E01956,コナミグループ株式会社,3月31日,有
9767,日建工学,スタンダード（内国株式）,サービス業,情報通信・サービスその他,-,E00187,日建工学株式会社,3月31日,有
9768,いであ,スタンダード（内国株式）,サービス業,情報通信・サービスその他,-,E04795,いであ株式会社,12月31日,有
9769,学究社,プライム（内国株式）,サービス業,情報通信・サービスその他,TOPIX Small 2,E04796,株式会社学究社,3月31日,有
9778,昴,スタンダード（内国株式）,サービス業,情報通信・サービスその他,-,E04941,株式会社昴,2月末日,無
9780,ハリマビステム,スタンダード（内国株式）,サービス業,情報通信・サービスその他,-,E04944,株式会社ハリマビステム,3月31日,有
9782,ディーエムエス,スタンダード（内国株式）,サービス業,情報通信・サービスその他,-,E04940,株式会社ディーエムエス,3月31日,有
9788,ナック,プライム（内国株式）,サービス業,情報通信・サービスその他,TOPIX Small 2,E04934,株式会社ナック,3月31日,有
9790,福井コンピュータホールディングス,プライム（内国株式）,情報・通信業,情報通信・サービスその他,TOPIX Small 2,E04933,福井コンピュータホールディングス株式会社,3月31日,有
9791,ビケンテクノ,スタンダード（内国株式）,サービス業,情報通信・サービスその他,-,E04932,株式会社ビケンテクノ,3月31日,有
9793,ダイセキ,プライム（内国株式）,サービス業,情報通信・サービスその他,TOPIX Small 1,E04931,株式会社ダイセキ,2月末日,有
9795,ステップ,プライム（内国株式）,サービス業,情報通信・サービスその他,TOPIX Small 2,E04925,株式会社ステップ,9月30日,無
9799,旭情報サービス,スタンダード（内国株式）,情報・通信業,情報通信・サービスその他,-,E04920,旭情報サービス株式会社,3月31日,無
9812,テーオーホールディングス,スタンダード（内国株式）,小売業,小売,-,E03169,株式会社テーオーホールディングス,5月31日,有
9816,ストライダーズ,スタンダード（内国株式）,不動産業,不動産,-,E02738,株式会社　ストライダーズ,3月31日,有
9818,大丸エナウィン,スタンダード（内国株式）,卸売業,商社・卸売,-,E02739,大丸エナウィン株式会社,3月31日,有
9820,エムティジェネックス,スタンダード（内国株式）,不動産業,不動産,-,E02740,エムティジェネックス株式会社,3月31日,有
9823,マミーマートホールディングス,スタンダード（内国株式）,小売業,小売,-,E03173,株式会社マミーマートホールディングス,9月30日,有
9824,泉州電業,プライム（内国株式）,卸売業,商社・卸売,TOPIX Small 1,E02742,泉州電業株式会社,10月31日,有
9827,リリカラ,スタンダード（内国株式）,卸売業,商社・卸売,-,E02743,リリカラ株式会社,12月31日,無
9828,Ｇｅｎｋｉ　Ｇｌｏｂａｌ　Ｄｉｎｉｎｇ　Ｃｏｎｃｅｐｔｓ,スタンダード（内国株式）,小売業,小売,TOPIX Small 1,E03176,株式会社Ｇｅｎｋｉ　Ｇｌｏｂａｌ　Ｄｉｎｉｎｇ　Ｃｏｎｃｅｐｔｓ,3月31日,有
9830,トラスコ中山,プライム（内国株式）,卸売業,商社・卸売,TOPIX Small 1,E02701,トラスコ中山株式会社,12月31日,無
9831,ヤマダホールディングス,プライム（内国株式）,小売業,小売,TOPIX Mid400,E03139,株式会社ヤマダホールディングス,3月31日,有
9832,オートバックスセブン,プライム（内国株式）,卸売業,商社・卸売,TOPIX Small 1,E03138,株式会社オートバックスセブン,3月31日,有
9835,ジュンテンドー,スタンダード（内国株式）,小売業,小売,-,E03141,株式会社ジュンテンドー,2月末日,有
9837,モリト,プライム（内国株式）,卸売業,商社・卸売,TOPIX Small 2,E02703,モリト株式会社,11月30日,有
9842,アークランズ,プライム（内国株式）,小売業,小売,TOPIX Small 1,E02706,アークランズ株式会社,2月末日,有
9843,ニトリホールディングス,プライム（内国株式）,小売業,小売,TOPIX Mid400,E03144,株式会社ニトリホールディングス,3月31日,有
9845,パーカーコーポレーション,スタンダード（内国株式）,化学,素材・化学,-,E02708,株式会社パーカーコーポレーション,3月31日,有
9846,天満屋ストア,スタンダード（内国株式）,小売業,小売,-,E03146,株式会社天満屋ストア,2月末日,有
9849,共同紙販ホールディングス,スタンダード（内国株式）,卸売業,商社・卸売,-,E02711,株式会社共同紙販ホールディングス,3月31日,有
9850,グルメ杵屋,プライム（内国株式）,小売業,小売,TOPIX Small 2,E03145,株式会社グルメ杵屋,3月31日,有
9853,銀座ルノアール,スタンダード（内国株式）,小売業,小売,-,E03147,株式会社銀座ルノアール,3月31日,有
9854,愛眼,スタンダード（内国株式）,小売業,小売,-,E03148,愛眼株式会社,3月31日,有
9856,ケーユーホールディングス,スタンダード（内国株式）,小売業,小売,TOPIX Small 2,E02714,株式会社ケーユーホールディングス,3月31日,有
9857,英和,スタンダード（内国株式）,卸売業,商社・卸売,-,E02713,英和株式会社,3月31日,有
9861,吉野家ホールディングス,プライム（内国株式）,小売業,小売,TOPIX Mid400,E03153,株式会社吉野家ホールディングス,2月末日,有
9867,ソレキア,スタンダード（内国株式）,卸売業,商社・卸売,-,E02718,ソレキア株式会社,3月31日,有
9869,加藤産業,プライム（内国株式）,卸売業,商社・卸売,TOPIX Small 1,E02719,加藤産業株式会社,9月30日,有
9872,北恵,スタンダード（内国株式）,卸売業,商社・卸売,-,E02722,北恵株式会社,11月20日,有
9876,コックス,スタンダード（内国株式）,小売業,小売,-,E03163,株式会社コックス,2月末日,有
9878,セキド,スタンダード（内国株式）,小売業,小売,-,E03160,株式会社　セキド,3月20日,有
9880,イノテック,プライム（内国株式）,電気機器,電機・精密,TOPIX Small 2,E02724,イノテック株式会社,3月31日,有
9882,イエローハット,プライム（内国株式）,卸売業,商社・卸売,TOPIX Small 1,E02735,株式会社イエローハット,3月31日,有
9885,シャルレ,スタンダード（内国株式）,卸売業,商社・卸売,-,E02727,株式会社　シャルレ,3月31日,有
9887,松屋フーズホールディングス,プライム（内国株式）,小売業,小売,TOPIX Small 1,E03164,株式会社松屋フーズホールディングス,3月31日,有
9888,ＵＥＸ,スタンダード（内国株式）,卸売業,商社・卸売,-,E02728,株式会社ＵＥＸ,3月31日,有
9889,ＪＢＣＣホールディングス,プライム（内国株式）,情報・通信業,情報通信・サービスその他,TOPIX Small 1,E02729,ＪＢＣＣホールディングス株式会社,3月31日,有
9890,マキヤ,スタンダード（内国株式）,小売業,小売,-,E03166,株式会社マキヤ,3月31日,有
9895,コンセック,スタンダード（内国株式）,卸売業,商社・卸売,-,E01686,株式会社コンセック,3月31日,有
9896,ＪＫホールディングス,スタンダード（内国株式）,卸売業,商社・卸売,TOPIX Small 2,E02732,ＪＫホールディングス株式会社,3月31日,有
9900,サガミホールディングス,プライム（内国株式）,小売業,小売,TOPIX Small 1,E03178,株式会社サガミホールディングス,3月31日,有
9902,日伝,プライム（内国株式）,卸売業,商社・卸売,TOPIX Small 2,E02745,株式会社日伝,3月31日,無
9903,カンセキ,スタンダード（内国株式）,小売業,小売,-,E03179,株式会社カンセキ,2月末日,有
9904,ベリテ,スタンダード（内国株式）,小売業,小売,-,E03181,株式会社ベリテ,3月31日,有
9906,藤井産業,スタンダード（内国株式）,卸売業,商社・卸売,-,E02747,藤井産業株式会社,3月31日,有
9908,日本電計,スタンダード（内国株式）,卸売業,商社・卸売,-,E02749,日本電計株式会社,3月31日,有
9913,日邦産業,スタンダード（内国株式）,卸売業,商社・卸売,-,E02752,日邦産業株式会社,3月31日,有
9914,植松商会,スタンダード（内国株式）,卸売業,商社・卸売,-,E02753,株式会社　植松商会,3月20日,無
9928,ミロク情報サービス,プライム（内国株式）,情報・通信業,情報通信・サービスその他,TOPIX Small 2,E04877,株式会社ミロク情報サービス,3月31日,有
9929,平和紙業,スタンダード（内国株式）,卸売業,商社・卸売,-,E02759,平和紙業株式会社,3月31日,有
9930,北沢産業,スタンダード（内国株式）,卸売業,商社・卸売,-,E01398,北沢産業株式会社,3月31日,有
9932,杉本商事,プライム（内国株式）,卸売業,商社・卸売,TOPIX Small 2,E02760,杉本商事株式会社,3月31日,有
9934,因幡電機産業,プライム（内国株式）,卸売業,商社・卸売,TOPIX Mid400,E02761,因幡電機産業株式会社,3月31日,有
9936,王将フードサービス,プライム（内国株式）,小売業,小売,TOPIX Small 1,E03193,株式会社王将フードサービス,3月31日,有
9941,太洋物産,スタンダード（内国株式）,卸売業,商社・卸売,-,E02762,太洋物産株式会社,9月30日,無
9946,ミニストップ,プライム（内国株式）,小売業,小売,TOPIX Small 2,E03188,ミニストップ株式会社,2月末日,有
9948,アークス,プライム（内国株式）,小売業,小売,TOPIX Small 1,E03199,株式会社アークス,2月末日,有
9950,ハチバン,スタンダード（内国株式）,小売業,小売,-,E03202,株式会社ハチバン,3月20日,有
9955,ヨンキュウ,スタンダード（内国株式）,卸売業,商社・卸売,-,E02765,株式会社ヨンキュウ,3月31日,有
9956,バローホールディングス,プライム（内国株式）,小売業,小売,TOPIX Small 1,E03207,株式会社バローホールディングス,3月31日,有
9959,アシードホールディングス,スタンダード（内国株式）,小売業,小売,-,E03208,アシードホールディングス株式会社,3月31日,有
9960,東テク,プライム（内国株式）,卸売業,商社・卸売,TOPIX Small 1,E02769,東テク株式会社,3月31日,有
9962,ミスミグループ本社,プライム（内国株式）,卸売業,商社・卸売,TOPIX Mid400,E02770,株式会社　ミスミグループ本社,3月31日,有
9969,ショクブン,スタンダード（内国株式）,小売業,小売,-,E03213,株式会社ショクブン,3月31日,有
9972,アルテック,スタンダード（内国株式）,卸売業,商社・卸売,-,E02774,アルテック株式会社,11月30日,有
9973,ＫＯＺＯホールディングス,スタンダード（内国株式）,小売業,小売,-,E02775,ＫＯＺＯホールディングス株式会社,12月31日,有
9974,ベルク,プライム（内国株式）,小売業,小売,TOPIX Small 1,E03216,株式会社ベルク,2月末日,有
9976,セキチュー,スタンダード（内国株式）,小売業,小売,-,E03219,株式会社　セキチュー,2月20日,有
9978,文教堂グループホールディングス,スタンダード（内国株式）,小売業,小売,-,E03221,株式会社文教堂グループホールディングス,8月31日,有
9979,大庄,スタンダード（内国株式）,小売業,小売,TOPIX Small 2,E03223,株式会社大庄,8月31日,有
9980,ＭＲＫホールディングス,スタンダード（内国株式）,小売業,小売,-,E00609,ＭＲＫホールディングス株式会社,3月31日,有
9982,タキヒヨー,スタンダード（内国株式）,卸売業,商社・卸売,-,E02776,タキヒヨー株式会社,2月末日,有
9983,ファーストリテイリング,プライム（内国株式）,小売業,小売,TOPIX Core30,E03217,株式会社ファーストリテイリング,8月31日,有
9984,ソフトバンクグループ,プライム（内国株式）,情報・通信業,情報通信・サービスその他,TOPIX Core30,E02778,ソフトバンクグループ株式会社,3月31日,有
9986,蔵王産業,スタンダード（内国株式）,卸売業,商社・卸売,-,E02779,蔵王産業株式会社,3月31日,有
9987,スズケン,プライム（内国株式）,卸売業,商社・卸売,TOPIX Mid400,E02780,株式会社スズケン,3月31日,有
9989,サンドラッグ,プライム（内国株式）,小売業,小売,TOPIX Mid400,E03226,株式会社サンドラッグ,3月31日,有
9990,サックスバー　ホールディングス,プライム（内国株式）,小売業,小売,TOPIX Small 2,E03225,株式会社サックスバーホールディングス,3月31日,有
9991,ジェコス,プライム（内国株式）,卸売業,商社・卸売,TOPIX Small 2,E02782,ジェコス株式会社,3月31日,有
9993,ヤマザワ,スタンダード（内国株式）,小売業,小売,-,E03228,株式会社ヤマザワ,2月末日,有
9994,やまや,スタンダード（内国株式）,小売業,小売,-,E03227,株式会社やまや,3月31日,有
9996,サトー商会,スタンダード（内国株式）,卸売業,商社・卸売,-,E02786,株式会社サトー商会,3月31日,有
9997,ベルーナ,プライム（内国株式）,小売業,小売,TOPIX Small 1,E03229,株式会社ベルーナ,3月31日,有
