sec_code,name,market,sector33,period_end,scope,price,market_cap,beta,cost_of_equity_pct,interest_bearing_debt,cost_of_debt_after_tax_pct,wacc_pct,fcf0,ev,implied_growth_pct,operating_income,projected_operating_income_10y
3087,ドトール・日レスホールディングス,プライム（内国株式）,小売業,2026-02-28,連結,3410.0,155529285010.0,0.1242804653707725,3.5456827922246346,554000000.0,3.2851985559566788,3.5447582328339013,2000000.0,129261285010.0,115.89989345048318,10150000000.0,22335224510187.062
4975,ＪＣＵ,プライム（内国株式）,化学,2026-03-31,連結,5360.0,140533840000.0,1.4063532212171008,11.238119327302606,330000000.0,0.8484848484848485,11.213779657320517,64000000.0,118854840000.0,83.51242654612159,12156000000.0,5265570960169.974
9831,ヤマダホールディングス,プライム（内国株式）,小売業,2026-03-31,連結,706.2000122070312,682798662402.5269,0.2240525444299916,4.14431526657995,297614000000.0,0.7568864367939679,3.1160276052624836,106000000.0,943119662402.5269,73.05709514331109,16166000000.0,3894903214061.546
6339,新東工業,プライム（内国株式）,機械,2026-03-31,連結,1205.0,65768900000.0,1.2321432490933617,10.192859494560171,48708000000.0,1.813665106348033,6.627652887279255,37000000.0,83253900000.0,70.49831357529823,3831000000.0,795267123042.2765
1930,北陸電気工事,プライム（内国株式）,建設業,2026-03-31,連結,1544.0,46262872000.0,1.073994753379501,9.243968520277004,74000000.0,4.72972972972973,9.23675927942664,27000000.0,28944872000.0,67.2951103491361,5121000000.0,879401603215.9513
6800,ヨコオ,プライム（内国株式）,電気機器,2026-03-31,連結,3955.0,94326267490.0,2.348241342472372,16.889448054834233,11029000000.0,1.136095747574576,15.240325740060005,241000000.0,87181267490.0,64.43529855009966,5016000000.0,724949975346.2164
6498,キッツ,プライム（内国株式）,機械,2025-12-31,連結,1918.0,167950841898.0,1.213289928384657,10.079739570307943,33757000000.0,0.7029653108984804,8.510480954993673,199000000.0,173653841898.0,61.421530524396914,15454000000.0,1856331420386.5283
9412,スカパーＪＳＡＴ,プライム（内国株式）,情報・通信業,2026-03-31,連結,2193.0,652815011952.0,1.0473580479194111,9.084148287516467,32363000000.0,1.8947563575688287,8.744571875299089,767000000.0,627531011952.0,61.11033042911258,35273000000.0,4156007111737.919
6324,ハーモニック・ドライブ・システムズ,プライム（内国株式）,機械,2026-03-31,連結,5750.0,553813550000.0,1.974320126902872,14.645920761417234,13219786000.0,1.3746591661922516,14.33651525189902,1629287000.0,547941536000.0,61.0978630928378,2567642000.0,302295907649.9618
4062,イビデン,プライム（内国株式）,電気機器,2026-03-31,連結,20175.0,5683723474950.0,3.2666438485097347,22.39986309105841,105000000000.0,0.904,22.009955776547997,42130000000.0,5495815474950.0,59.86469008188171,62027000000.0,6762484416451.65
4047,関東電化工業,プライム（内国株式）,化学,2026-03-31,連結,2360.0,135808678000.0,2.2120022180545837,16.072013308327502,39282000000.0,0.871391477012372,12.661718519374084,394000000.0,155728678000.0,59.86141049748637,5478000000.0,597115621709.8188
3665,エニグモ,プライム（内国株式）,情報・通信業,2026-01-31,連結,425.0,18122850000.0,0.98374141828513,8.70244850971078,68892000.0,4.493119665563491,8.686507810753474,14982000.0,10701295000.0,58.671166463082905,46921000.0,4746214959.659089
6794,フォスター電機,プライム（内国株式）,電気機器,2026-03-31,連結,2949.0,73725000000.0,1.4120874786455588,11.272524871873355,7503000000.0,3.3399973343995732,10.539800268120144,132000000.0,60777000000.0,56.90219363075448,7670000000.0,693562364343.0294
4182,三菱瓦斯化学,プライム（内国株式）,化学,2026-03-31,連結,3910.0,827692260000.0,1.752580592503124,13.315483555018744,221679000000.0,0.853531457648221,10.68290423414712,2804000000.0,990275260000.0,52.95217680993194,45293000000.0,3173859587951.0684
6996,ニチコン,プライム（内国株式）,電気機器,2026-03-31,連結,2736.0,191520000000.0,1.59350954636644,12.36105727819864,24150000000.0,0.7710144927536231,11.063243334356208,595000000.0,191229000000.0,52.4145174804578,6456000000.0,436743929134.51117
6963,ローム,プライム（内国株式）,電気機器,2026-03-31,連結,4830.0,1950160800000.0,1.8772626774983636,14.063576064990183,400000000000.0,0.2667,11.715332308224232,7045000000.0,1921446800000.0,51.38996326961707,10864000000.0,687006099722.3759
6965,浜松ホトニクス,プライム（内国株式）,電気機器,2025-09-30,連結,2343.5,748024375659.0,1.641084228460352,12.64650537076211,66061000000.0,0.8519398737530463,11.68940576598517,2965000000.0,728048375659.0,49.63487584506955,16163000000.0,909599576018.1365
4004,レゾナック・ホールディングス,プライム（内国株式）,化学,2025-12-31,連結,16175.0,2990773675000.0,2.2450062824851336,16.2700376949108,946621000000.0,0.9624231873157261,12.58980989229811,17433000000.0,3675423675000.0,49.3016147380766,46676000000.0,2568849604206.3867
4186,東京応化工業,プライム（内国株式）,化学,2025-12-31,連結,8609.0,1100230200000.0,1.965520321827817,14.593121930966902,26483000000.0,0.444058452592229,14.260553138750925,6471000000.0,1057485200000.0,48.84202402833394,47386000000.0,2528748985402.3667
6976,太陽誘電,プライム（内国株式）,電気機器,2026-03-31,連結,9244.0,1203739638364.0,3.0833086608704643,21.299851965222786,120399000000.0,1.0808229304230101,19.461410878896245,17054000000.0,1226065638364.0,45.04513488002818,19996000000.0,824090277402.4921
5192,三ツ星ベルト,プライム（内国株式）,ゴム製品,2026-03-31,連結,4405.0,137013120000.0,0.7235377058927627,7.141226235356576,2000000000.0,1.8549999999999998,7.065172604802041,268000000.0,113169120000.0,45.038289180959104,8678000000.0,357475538595.78406
6331,三菱化工機,プライム（内国株式）,機械,2026-03-31,連結,3265.0,77514365000.0,2.072514333814052,15.235086002884312,5500000000.0,0.34363636363636363,14.248473950670654,624000000.0,73990365000.0,43.640068542604524,9181000000.0,343278041939.1198
4549,栄研化学,プライム（内国株式）,医薬品,2026-03-31,連結,2298.0,79376224524.0,0.8494302214494852,7.896581328696911,2950000000.0,0.6881355932203389,7.638280707690579,228000000.0,74383224524.0,43.0199863190064,2919000000.0,104520485074.47935
5269,日本コンクリート工業,プライム（内国株式）,ガラス・土石製品,2026-03-31,連結,382.0,22070814000.0,1.0957812175948962,9.374687305569378,12434797000.0,0.7749945576111937,6.275613546718037,63594000.0,27606430000.0,42.65477037706845,322763000.0,11265403038.683054
8035,東京エレクトロン,プライム（内国株式）,電気機器,2026-03-31,連結,56230.0,26519867360000.0,2.3011664874518987,16.60699892471139,0.0,0.0,16.60699892471139,323732000000.0,26014453360000.0,41.88526818956565,624936000000.0,20663724241754.965
6981,村田製作所,プライム（内国株式）,電気機器,2026-03-31,連結,7397.0,14520318397000.0,2.266040316046282,16.39624189627769,0.0,0.0,16.39624189627769,177444000000.0,13866617397000.0,41.05038730948952,281835000000.0,8784918882097.916
7013,ＩＨＩ,プライム（内国株式）,機械,2026-03-31,連結,2766.0,2994911394000.0,1.7380991169162756,13.228594701497652,359533000000.0,1.1730494836357164,11.936468247839242,23760000000.0,3199360394000.0,40.75330077079965,165534000000.0,5052113413136.333
7272,ヤマハ発動機,プライム（内国株式）,輸送用機器,2025-12-31,連結,1924.5,1959381562500.0,1.4611177355770832,11.566706413462498,1044323000000.0,0.6891929029620146,7.784830631254508,10605000000.0,2604800562500.0,39.24390123188489,126373000000.0,3462709996020.1587
6638,ミマキエンジニアリング,プライム（内国株式）,電気機器,2026-03-31,連結,1994.0,63887760000.0,1.768871387564568,13.413228325387408,21582092000.0,1.447121066854872,10.391652627145682,487881000.0,75049953000.0,39.225097052674194,9431122000.0,258070673921.22363
2378,ルネサンス,プライム（内国株式）,サービス業,2026-03-31,連結,1065.0,22768635000.0,0.3425155026254821,4.855093015752892,14450790000.0,4.107884067237847,4.564982150227384,52413000.0,28648647000.0,38.81632615750713,1565873000.0,41606578165.59764
6302,住友重機械工業,プライム（内国株式）,機械,2025-12-31,連結,5673.0,697240065000.0,1.7533339327919346,13.320003596751608,229703000000.0,1.1458274380395554,10.303157264140408,5566000000.0,819321065000.0,38.34819271959996,51482000000.0,1322483652463.836
6273,ＳＭＣ,プライム（内国株式）,機械,2026-03-31,連結,70300.0,4489990700000.0,1.6410313081627956,12.646187848976773,5092000000.0,6.983503534956794,12.639773197578482,38663000000.0,3921313700000.0,37.894158809569625,190558000000.0,4736809125361.98
6507,シンフォニアテクノロジー,プライム（内国株式）,電気機器,2026-03-31,連結,12220.0,364023070840.0,1.5025184640556888,11.815110784334134,12588000000.0,1.0510009532888465,11.455326845293309,3074000000.0,364993070840.0,37.75989027940897,18464000000.0,454520707036.87366
9502,中部電力,プライム（内国株式）,電気・ガス業,2026-03-31,連結,2841.0,2153478000000.0,0.7577405846883222,7.346443508129933,2934953000000.0,0.7419403309013807,3.537036165568646,6430000000.0,4723684000000.0,37.31572481583808,230042000000.0,5482894270507.901
4403,日油,プライム（内国株式）,化学,2026-03-31,連結,2755.5,651741882000.0,0.3994017342801683,5.196410405681009,4315000000.0,2.3522595596755504,5.17770393184127,1427000000.0,573083882000.0,37.195251803710825,47411000000.0,1120133863231.6257
6146,ディスコ,プライム（内国株式）,機械,2026-03-31,連結,59350.0,6438169300000.0,2.1964822590366144,15.978893554219688,0.0,0.0,15.978893554219688,100835000000.0,6253594300000.0,36.5934153373742,184989000000.0,4182573157307.307
9740,セントラル警備保障,プライム（内国株式）,サービス業,2026-02-28,連結,2782.0,41220037144.0,0.6888307495348869,6.932984497209321,4152948000.0,1.2177421918116962,6.409873575007741,112854000.0,29161914144.0,35.58744858068367,4499638000.0,94487087083.42795
7733,オリンパス,プライム（内国株式）,精密機器,2026-03-31,連結,2149.0,2395030414000.0,0.598090680103701,6.388544080622206,239576000000.0,1.1064964771095602,5.908224959733911,8385000000.0,2446568414000.0,35.53542028570399,97120000000.0,2031593160273.6858
4249,森六,プライム（内国株式）,化学,2026-03-31,連結,2955.0,42581550000.0,0.7816952674423476,7.490171604654086,18639000000.0,2.734052256022318,6.0421397176627485,170000000.0,45915550000.0,34.92750135787938,4638000000.0,92754614386.11089
4206,アイカ工業,プライム（内国株式）,化学,2026-03-31,連結,4115.0,278132850000.0,0.5253110276288135,5.951866165772881,36483000000.0,0.6696269495381411,5.339335254422127,801000000.0,260009850000.0,34.852541375401266,29143000000.0,579596307913.9042
9278,ブックオフグループホールディングス,プライム（内国株式）,小売業,2025-05-31,連結,3100.0,63695700000.0,0.4528395635543324,5.517037381325994,21701000000.0,0.8193170821621123,4.323253216221776,180000000.0,78768700000.0,34.4961407974011,3448000000.0,66782932717.858086
6387,サムコ,プライム（内国株式）,機械,2025-07-31,個別,8810.0,70857781610.0,1.5626156637489563,12.175693982493737,1063347000.0,0.5163695388241091,12.003311986982629,778003000.0,66899099610.0,34.05802243177364,2342740000.0,43918973249.59225
4216,旭有機材,プライム（内国株式）,化学,2026-03-31,連結,5900.0,116820000000.0,0.8656925182995852,7.994155109797511,6492000000.0,0.8194701170671594,7.616429868354622,577000000.0,100084000000.0,33.69569294843436,7579000000.0,138288502104.52005
9303,住友倉庫,プライム（内国株式）,倉庫・運輸関連業,2026-03-31,連結,4230.0,324078129450.0,0.5607494960580187,6.164496976348112,78494000000.0,0.5377481081356537,5.067386686411053,1134000000.0,363502129450.0,33.56030615894675,11413000000.0,206145508291.5034
2281,プリマハム,プライム（内国株式）,食料品,2026-03-31,連結,2432.0,122875338368.0,0.1599963710285666,3.759978226171399,19011000000.0,0.6664562621640103,3.3454848596204148,224000000.0,135969338368.0,33.432281662721245,9131000000.0,163353132513.92764
6358,酒井重工業,プライム（内国株式）,機械,2026-03-31,連結,2156.0,19166840000.0,0.8894419313916376,8.136651588349824,4691935000.0,3.339562461969315,7.19328251889072,94667000.0,17365924000.0,33.2361311041837,1588144000.0,27996904137.012787
7238,曙ブレーキ工業,プライム（内国株式）,輸送用機器,2026-03-31,連結,108.0,29565540000.0,1.4377172172133477,11.426303303280086,34543000000.0,3.6780244912138493,7.251371305059506,257000000.0,46015540000.0,33.06764288592662,5567000000.0,96904927588.87738
6254,野村マイクロ・サイエンス,プライム（内国株式）,機械,2026-03-31,連結,3570.0,144970560000.0,2.3676972505390994,17.006183503234595,51065800000.0,3.184435375535094,13.405735986562293,2944668000.0,186102914000.0,32.17822050811655,6667477000.0,108532681621.41003
4205,日本ゼオン,プライム（内国株式）,化学,2026-03-31,連結,2400.5,502307025500.0,0.9871844671217772,8.723106802730662,8960000000.0,1.3828124999999998,8.594467493578762,3741000000.0,482830025500.0,32.150532510758865,36377000000.0,590902809689.2626
6368,オルガノ,プライム（内国株式）,機械,2026-03-31,連結,13190.0,611475210000.0,1.8426407880506128,13.855844728303676,34402000000.0,0.6063600953432939,13.150124254990951,9579000000.0,614822210000.0,31.92576886994217,37648000000.0,601226686543.5029
4112,保土谷化学工業,プライム（内国株式）,化学,2026-03-31,連結,2229.0,37507383000.0,1.1544319726679086,9.72659183600745,9241000000.0,0.8483930310572448,7.971591344192689,278000000.0,38619383000.0,31.53549811092914,3711000000.0,57533486384.73424
3289,東急不動産ホールディングス,プライム（内国株式）,不動産業,2026-03-31,連結,1330.5,957735110907.0,1.1087794483915314,9.45267669034919,1816784000000.0,0.8059240944438083,3.790693067153333,6271000000.0,2593973110907.0,30.9269423170739,166882000000.0,2470015907608.323
5233,太平洋セメント,プライム（内国株式）,ガラス・土石製品,2026-03-31,連結,4202.0,496642784000.0,1.039383690099756,9.036302140598536,351067000000.0,1.1983467543232489,5.790323934932921,3697000000.0,793783784000.0,30.81617924222294,74620000000.0,1095140524366.8859
5706,三井金属,プライム（内国株式）,非鉄金属,2026-03-31,連結,29000.0,1665035000000.0,2.786465312146623,19.51879187287974,104140000000.0,1.4209717687728056,18.453489126887003,51141000000.0,1710904000000.0,30.750435070753777,130912000000.0,1911661018417.8892
7729,東京精密,プライム（内国株式）,精密機器,2026-03-31,連結,17990.0,760669029190.0,1.946888675505961,14.481332053035764,14300000000.0,1.0475524475524474,14.233447245872313,13943000000.0,721917029190.0,30.65826411849385,33738000000.0,489201943710.3964
3436,ＳＵＭＣＯ,プライム（内国株式）,金属製品,2025-12-31,連結,3434.0,1202501427326.0,1.8929167485904752,14.157500491542852,353453000000.0,0.5365069754677424,11.063334662077592,20083000000.0,1480658427326.0,29.802218687601655,1342000000.0,18221061515.80463
6027,弁護士ドットコム,プライム（内国株式）,サービス業,2026-03-31,連結,5110.0,116853436000.0,0.6082654290179884,6.44959257410793,2732492000.0,0.5058971810347477,6.313781443286507,698191000.0,114386263000.0,28.889872417011432,2204882000.0,27898014137.142822
5142,アキレス,プライム（内国株式）,化学,2026-03-31,連結,1930.0,28106038020.0,0.8993858491569781,8.196315094941868,17150000000.0,0.6285714285714286,5.328481109543138,175000000.0,36510038020.0,28.71147145834846,2972000000.0,37086970426.25385
6737,ＥＩＺＯ,プライム（内国株式）,電気機器,2026-03-31,連結,3140.0,132916200000.0,0.7698643956548046,7.419186373928827,6143000000.0,2.3245971023929672,7.194130700553425,898000000.0,118707200000.0,28.641275700867375,2365000000.0,29351785646.46315
5703,日本軽金属ホールディングス,プライム（内国株式）,非鉄金属,2026-03-31,連結,3045.0,188770968750.0,1.0423218990924763,9.053931394554859,166046000000.0,0.9637088517639689,5.267897437180164,1524000000.0,321697968750.0,28.637415462095117,25626000000.0,317946376446.1743
7984,コクヨ,プライム（内国株式）,その他製品,2025-12-31,連結,908.7000122070312,400708535682.92236,0.1967464434987869,3.980478660992721,3470000000.0,3.1268011527377517,3.973149570771145,935000000.0,293572535682.92236,28.2160934275837,26247000000.0,315141120646.4897
8850,スターツコーポレーション,プライム（内国株式）,不動産業,2026-03-31,連結,4710.0,254331545550.0,0.3382108069080897,4.829264841448538,67689000000.0,0.641167693421383,3.9489231621043763,848000000.0,247116545550.0,27.10403050883451,36272000000.0,399176280072.276
7762,シチズン時計,プライム（内国株式）,精密機器,2026-03-31,連結,2740.0,674040000000.0,1.5036960680445297,11.822176408267179,57031000000.0,0.5989724886465255,10.946651947934482,10223000000.0,627085000000.0,26.875194715342754,30250000000.0,326958473201.9664
3064,ＭｏｎｏｔａＲＯ,プライム（内国株式）,小売業,2025-12-31,連結,1918.5,961861078500.0,0.8751216011794203,8.050729607076523,13109000000.0,0.7956365855519107,7.953180957619004,9798000000.0,927975078500.0,26.114602728970404,46192000000.0,470132774326.6675
7723,愛知時計電機,プライム（内国株式）,精密機器,2026-03-31,連結,2922.0,45057240000.0,0.8858398259714279,8.115038955828567,700000000.0,0.8999999999999998,8.004662384403368,393000000.0,36842240000.0,26.107034078552516,4710000000.0,47908659923.051865
6383,ダイフク,プライム（内国株式）,機械,2025-12-31,連結,5745.0,2182123350000.0,1.654900875795737,12.729405254774424,652000000.0,29.52453987730061,12.734421999980881,42815000000.0,1937519350000.0,25.89427391331033,100816000000.0,1008298767649.3324
7981,タカラスタンダード,プライム（内国株式）,その他製品,2026-03-31,連結,3100.0,196420631400.0,0.6532479460525242,6.719487676315145,4340000000.0,1.193548387096774,6.6000291134088345,1135000000.0,139351631400.0,25.85739367773551,19083000000.0,190297897189.39294
7313,テイ・エス　テック,プライム（内国株式）,輸送用機器,2026-03-31,連結,1843.0,228532000000.0,0.8059066273701616,7.63543976422097,0.0,0.0,7.63543976422097,1379000000.0,135930000000.0,25.822878044515342,10325000000.0,102680082634.13007
7630,壱番屋,プライム（内国株式）,小売業,2026-02-28,連結,941.0,150211830000.0,0.3486231559728058,4.891738935836835,224000000.0,21.875,4.917027130001566,734000000.0,137387830000.0,25.646255824541285,4715000000.0,46235675965.90674
5101,横浜ゴム,プライム（内国株式）,ゴム製品,2025-12-31,連結,7301.0,1214857196000.0,1.8422630210274116,13.853578126164468,535770000000.0,1.1151240271011813,9.955043036426757,25630000000.0,1643236196000.0,25.405937829975457,152901000000.0,1470927708883.9973
7220,武蔵精密工業,プライム（内国株式）,輸送用機器,2026-03-31,連結,3140.0,205924340000.0,2.244893476060662,16.26936085636397,98736000000.0,1.550498298492951,11.499190858149063,5307000000.0,270766340000.0,25.31034584769053,20538000000.0,196077353090.41385
4997,日本農薬,プライム（内国株式）,化学,2026-03-31,連結,1236.0,101311313352.0,0.7547120425618061,7.328272255370837,28416000000.0,7.143862612612613,7.287878414835504,1107000000.0,110884313352.0,25.09122058583503,10878000000.0,102051021552.76721
8237,松屋,プライム（内国株式）,小売業,2026-02-28,連結,2762.0,147185985680.0,1.64006076665243,12.64036459991458,22696000000.0,1.0640641522735281,11.093786757019771,3173000000.0,165187985680.0,24.79866426648484,2636000000.0,24157098861.26492
6861,キーエンス,プライム（内国株式）,電気機器,2026-03-20,連結,82960.0,20176452720000.0,1.448269195927835,11.48961517556701,0.0,0.0,11.48961517556701,402309000000.0,19725183720000.0,24.712031416982892,595759000000.0,5421932996419.453
8219,青山商事,プライム（内国株式）,小売業,2026-03-31,連結,778.0,39206532000.0,0.6118498432248612,6.471099059349167,67164000000.0,0.6795307009707582,2.814213172737944,140000000.0,57836532000.0,24.578926705955617,10588000000.0,95336626892.19359
9064,ヤマトホールディングス,プライム（内国株式）,陸運業,2026-03-31,連結,1949.5,702786952000.0,0.3315660116277356,4.789396069766413,125261000000.0,1.3875827272654695,4.274794783614073,2772000000.0,590225952000.0,24.578171971332928,28304000000.0,254839857836.93307
7003,三井Ｅ＆Ｓ,プライム（内国株式）,機械,2026-03-31,連結,4556.0,469714488000.0,2.8498721685903328,19.899233011541998,92721000000.0,1.3045588378037336,16.833784936431943,19323000000.0,507846488000.0,24.389670223939753,37641000000.0,333813823431.52563
9983,ファーストリテイリング,プライム（内国株式）,小売業,2025-08-31,連結,71260.0,22676426179680.0,1.319029652886247,10.714177917317482,0.0,0.0,10.714177917317482,408718000000.0,21783187179680.0,24.368039134885976,564265000000.0,4995408207681.926
1878,大東建託,プライム（内国株式）,不動産業,2026-03-31,連結,3353.0,1155423682000.0,0.5248627261056672,5.949176356634003,233355000000.0,0.9797090270189196,5.114162064052625,7110000000.0,1130658682000.0,24.266883931400717,135256000000.0,1187710572408.0085
4461,第一工業製薬,プライム（内国株式）,化学,2026-03-31,連結,13550.0,144772549550.0,2.487419163796944,17.724514982781663,21661000000.0,0.7852823046027422,15.519907077499902,4824000000.0,142603549550.0,24.192674074253173,10107000000.0,88223046027.86592
5463,丸一鋼管,プライム（内国株式）,鉄鋼,2026-03-31,連結,1751.0,441252000000.0,0.6809964933578858,6.885978960147315,4386000000.0,1.149110807113543,6.829516307233502,3560000000.0,356956000000.0,23.802396105387245,32043000000.0,271033935965.29163
6741,日本信号,プライム（内国株式）,電気機器,2026-03-31,連結,1872.0,127931925888.0,0.9476046223369834,8.4856277340219,15500000000.0,0.5825806451612903,7.63158335639155,1590000000.0,132537925888.0,23.515959643102235,11701000000.0,96706073132.36539
6503,三菱電機,プライム（内国株式）,電気機器,2026-03-31,連結,5648.0,11935359248000.0,1.528259186441218,11.969555118647307,0.0,0.0,11.969555118647307,265247000000.0,11203750248000.0,23.45550839507323,433095000000.0,3561950603399.043
6997,日本ケミコン,プライム（内国株式）,電気機器,2026-03-31,連結,2824.0,69748422800.0,2.121135762034012,15.526814572204074,70511000000.0,1.4970713789337835,8.473803782966165,1711000000.0,118973422800.0,23.151465358567723,3369000000.0,27033162125.862366
6504,富士電機,プライム（内国株式）,電気機器,2026-03-31,連結,13815.0,2062524240000.0,2.0075630877758157,14.845378526654894,66884000000.0,3.209885772382034,14.479911594218873,66851000000.0,2059535240000.0,23.14399754894002,136620000000.0,1095586717104.4039
6340,澁谷工業,プライム（内国株式）,機械,2025-06-30,連結,5300.0,149189700000.0,1.1824644941912277,9.894786965147365,3696000000.0,0.5492424242424242,9.668859147024513,1926000000.0,107594700000.0,22.83511810770572,13749000000.0,107521815661.29396
6407,ＣＫＤ,プライム（内国株式）,機械,2026-03-31,連結,5480.0,372143780520.0,2.1326175305033965,15.595705183020378,33560000000.0,1.053337306317044,14.392753942791291,12006000000.0,363445780520.0,22.732824433681063,19640000000.0,152317137838.90198
4443,Ｓａｎｓａｎ,プライム（内国株式）,情報・通信業,2025-05-31,連結,2315.0,292885586380.0,1.5075022038113408,11.845013222868044,3572000000.0,0.5291153415453527,11.7086686356856,6502000000.0,265285586380.0,22.460066297834757,2800000000.0,21237477586.69209
7936,アシックス,プライム（内国株式）,その他製品,2025-12-31,連結,4601.0,3379351682000.0,1.449678480145199,11.498070880871193,12500000000.0,28.252,11.559814180290944,78957000000.0,3279630682000.0,22.438286887456314,142519000000.0,1079059049196.6195
6856,堀場製作所,プライム（内国株式）,電気機器,2025-12-31,連結,23385.0,987618705000.0,1.8943623350390013,14.166174010234009,51483000000.0,1.1584406503117533,13.52169702271056,26932000000.0,876630705000.0,22.370269469237847,53040000000.0,399358267206.7118
2593,伊藤園,プライム（内国株式）,食料品,2026-04-30,連結,2984.0,254273741920.0,0.0261892219750817,2.9571353318504903,62034000000.0,1.025727826675694,2.578349367116449,611000000.0,245227741920.0,22.305589043726293,21684000000.0,162406136377.20053
4025,多木化学,プライム（内国株式）,化学,2025-12-31,連結,5950.0,56275100000.0,0.9046537282109908,8.227922369265944,958000000.0,1.1691022964509392,8.109767846275632,717000000.0,49977100000.0,22.295299546739844,3163000000.0,23669922895.12983
4092,日本化学工業,プライム（内国株式）,化学,2026-03-31,連結,5270.0,47018940000.0,1.5630528946752356,12.178317368051413,14400000000.0,0.8263888888888888,9.516796832204648,983000000.0,53634940000.0,22.17348750222522,2415000000.0,17893151830.996708
6098,リクルートホールディングス,プライム（内国株式）,サービス業,2026-03-31,連結,17800.0,26210573852200.0,1.3490171616670033,10.89410297000202,0.0,0.0,10.89410297000202,581631000000.0,25484995852200.0,21.92091354828033,630567000000.0,4576287706427.127
6490,ＰＩＬＬＡＲ,プライム（内国株式）,機械,2026-03-31,連結,9970.0,249668740000.0,2.200341797256617,16.0020507835397,11525000000.0,0.23080260303687633,15.30615495050674,9166000000.0,235662740000.0,21.688861071359312,12107000000.0,86207451501.78955
3132,マクニカホールディングス,プライム（内国株式）,卸売業,2026-03-31,連結,3577.0,640540544000.0,1.4048976605428023,11.229385963256814,75786000000.0,2.21030269442905,10.275183930208348,14441000000.0,661956544000.0,21.322334671968722,41950000000.0,289827476853.464
5805,ＳＷＣＣ,プライム（内国株式）,非鉄金属,2026-03-31,連結,14670.0,452217420000.0,1.210961425510913,10.065768553065478,39484000000.0,1.1381825549589706,9.348876571038586,9150000000.0,481094420000.0,21.289491558990726,27320000000.0,188240232301.9659
5201,ＡＧＣ,プライム（内国株式）,ガラス・土石製品,2025-12-31,連結,5729.0,1245679386000.0,1.14477821948458,9.66866931690748,0.0,0.0,9.66866931690748,23197000000.0,1151008386000.0,21.17204317212459,127465000000.0,869791700733.2252
8015,豊田通商,プライム（内国株式）,卸売業,2026-03-31,連結,7598.0,8070360062000.0,1.8965559973025303,14.179335983815182,2168735000000.0,2.1718789985867337,11.636045579030833,236234000000.0,8835332062000.0,21.061063833370085,545235000000.0,3686621796096.546
8233,高島屋,プライム（内国株式）,小売業,2026-02-28,連結,2400.5,732651804000.0,0.8606223931762893,7.963734359057736,270918000000.0,2.0024509261104835,6.354460167416948,10214000000.0,926128804000.0,21.05594048402365,53516000000.0,361696832924.181
2175,エス・エム・エス,プライム（内国株式）,サービス業,2026-03-31,連結,2462.0,215576659200.0,1.3442183663193945,10.865310197916369,6950000000.0,1.3093525179856114,10.566856493024193,4891000000.0,209979659200.0,20.981584146027544,6787000000.0,45590097213.87115
9418,Ｕ－ＮＥＸＴ　ＨＯＬＤＩＮＧＳ,プライム（内国株式）,情報・通信業,2025-08-31,連結,1708.0,308081068764.0,1.0125855899341956,8.875513539605173,68816000000.0,0.7995233666589164,7.400953544845793,4687000000.0,320015068764.0,20.21384655915587,31571000000.0,198990927352.2902
7972,イトーキ,プライム（内国株式）,その他製品,2025-12-31,連結,2639.0,140875098000.0,1.2263734647965887,10.158240788779533,33974000000.0,1.0693471478189203,8.392226116184563,2816000000.0,154029098000.0,19.66840704675007,13685000000.0,82421383802.76279
7476,アズワン,プライム（内国株式）,卸売業,2026-03-31,連結,2517.0,188806563180.0,0.8290916066495663,7.774549639897398,4752000000.0,0.54503367003367,7.597059895582421,2830000000.0,178568563180.0,19.661286091109453,12838000000.0,77274113878.29076
6859,エスペック,プライム（内国株式）,電気機器,2026-03-31,連結,3945.0,93817599330.0,1.839648268750223,13.837889612501339,611000000.0,3.322422258592471,13.769849309046398,3048000000.0,79733599330.0,19.498260896257136,7084000000.0,42062434113.24366
7745,Ａ＆Ｄホロンホールディングス,プライム（内国株式）,精密機器,2026-03-31,連結,2892.0,80527740000.0,1.9605956694129736,14.56357401647784,11815000000.0,1.7714769360981801,12.926860323504407,2757000000.0,78724740000.0,19.40296111316079,9209000000.0,54245465994.812515
5471,大同特殊鋼,プライム（内国株式）,鉄鋼,2026-03-31,連結,2240.0,486626212800.0,1.591733265740768,12.350399594444607,173614000000.0,0.6172889283122328,9.265109974548395,12944000000.0,597168212800.0,19.29365375490496,42081000000.0,245617584681.15442
7513,コジマ,プライム（内国株式）,小売業,2025-08-31,個別,1384.0,107831198944.0,0.3408050150486849,4.844830090292109,9501000000.0,0.6778233870118935,4.507405827862994,698000000.0,90778198944.0,19.26138365635933,7325000000.0,42638907218.83214
1419,タマホーム,プライム（内国株式）,建設業,2025-05-31,連結,2988.0,88013930400.0,0.3385798704949397,4.831479222969638,19049000000.0,0.7422961835266942,4.103917895932128,512000000.0,76061930400.0,19.185741316768013,4113000000.0,23790399236.59248
5741,ＵＡＣＪ,プライム（内国株式）,非鉄金属,2026-03-31,連結,2327.0,431221024000.0,1.4691729686273591,11.615037811764154,388715000000.0,1.9212790862199811,7.019423870303883,11316000000.0,761494024000.0,19.00767587695097,76863000000.0,437992899251.18494
1939,四電工,プライム（内国株式）,建設業,2026-03-31,連結,2179.0,106262007390.0,1.0901640441823868,9.34098426509432,7811000000.0,0.24196645755985147,8.71794092012784,1959000000.0,96498007390.0,18.987756391887178,8822000000.0,50186835203.01351
3415,ＴＯＫＹＯ　ＢＡＳＥ,プライム（内国株式）,小売業,2026-01-31,連結,371.0,16308967822.0,0.6155657812934084,6.493394687760451,5315098000.0,0.7244306690111829,5.0754093111653376,162221000.0,17226903822.0,18.886755320324834,1956221000.0,11034500036.16263
1950,日本電設工業,プライム（内国株式）,建設業,2026-03-31,連結,3965.0,243994205000.0,1.1505707426572758,9.703424455943654,12200000000.0,0.4532786885245902,9.262931360627494,4980000000.0,222484205000.0,18.844801761589235,23560000000.0,132427198524.13518
6754,アンリツ,プライム（内国株式）,電気機器,2026-03-31,連結,3396.0,461414520000.0,1.3958229014456154,11.174937408673692,3564000000.0,2.297979797979798,11.10689668084714,12115000000.0,415664520000.0,18.829511801153455,14828000000.0,83238779961.3256
6250,やまびこ,プライム（内国株式）,機械,2025-12-31,連結,4285.0,189004613980.0,1.0635814791590217,9.18148887495413,14487000000.0,2.6623869676261473,8.717380170500379,3835000000.0,186604613980.0,18.81880731826132,19722000000.0,110612151905.2993
3148,クリエイトＳＤホールディングス,プライム（内国株式）,小売業,2025-05-31,連結,3410.0,227853956220.0,0.3494118931838003,4.896471359102802,0.0,0.0,4.896471359102802,1717000000.0,190507956220.0,18.781781718480296,22625000000.0,126498956106.7594
8084,ＲＹＯＤＥＮ,プライム（内国株式）,卸売業,2026-03-31,連結,4785.0,103413420000.0,0.8611339878882965,7.966803927329779,2242000000.0,2.216770740410348,7.8447886591582705,1301000000.0,72198420000.0,18.554619353085855,5244000000.0,28763881283.09893
3046,ジンズホールディングス,プライム（内国株式）,小売業,2025-08-31,連結,6020.0,144359600000.0,0.0581489358407897,3.148893615044738,5473000000.0,1.9824593458797732,3.1062867674352064,637000000.0,137855600000.0,18.519658996611888,12093000000.0,66136009271.13564
6941,山一電機,プライム（内国株式）,電気機器,2026-03-31,連結,7850.0,171363733750.0,1.918707774577279,14.312246647463674,3172570000.0,4.502936105428722,14.133941482992446,6669133000.0,157298440750.0,18.517874931782018,11556962000.0,63194930928.78249
3097,物語コーポレーション,プライム（内国株式）,小売業,2025-06-30,連結,5890.0,230905558090.0,0.7114159221512757,7.0684955329076535,12930000000.0,0.5034802784222737,6.720368918785342,3375000000.0,231497558090.0,18.43989612580007,9242000000.0,50204904177.31959
7388,ＦＰパートナー,プライム（内国株式）,保険業,2025-11-30,個別,2339.0,54422916400.0,1.3201263754685673,10.720758252811404,1117300000.0,0.38411348787254984,10.512816441553605,1329957000.0,48020861400.0,18.421164203486263,2984185000.0,16185234885.274136
6844,新電元工業,プライム（内国株式）,電気機器,2026-03-31,連結,3090.0,31947151560.0,1.5363545820817892,12.018127492490734,43170000000.0,0.8885800324299282,5.621950935302534,547000000.0,48195151560.0,18.382131224619258,3848000000.0,20801593543.02264
7735,ＳＣＲＥＥＮホールディングス,プライム（内国株式）,電気機器,2026-03-31,連結,13715.0,1308122985000.0,2.479847042621825,17.67908225573095,3246000000.0,1.7252002464571778,17.63959199662428,64997000000.0,1085634985000.0,18.270228660079912,122522000000.0,656097589369.2352
5821,平河ヒューテック,プライム（内国株式）,非鉄金属,2026-03-31,連結,3265.0,57552155000.0,1.869534971547997,14.017209829287982,5231000000.0,0.7493787038807112,12.911753682380338,1800000000.0,47667155000.0,18.259979630616662,4416000000.0,23626917417.056858
6323,ローツェ,プライム（内国株式）,機械,2026-02-28,連結,4080.0,719712000000.0,1.8350911251161368,13.810546750696822,23781000000.0,0.518060636642698,13.385379852987873,26658000000.0,669152000000.0,18.248771044299637,31154000000.0,166525280478.9876
2108,日本甜菜製糖,プライム（内国株式）,食料品,2026-03-31,連結,5410.0,69302581490.0,0.5220837054163064,5.932502232497838,1511000000.0,4.493712772998014,5.9018017534716325,832000000.0,66258581490.0,17.97438476378136,52000000.0,271569226.55555713
4109,ステラ　ケミファ,プライム（内国株式）,化学,2026-03-31,連結,5390.0,69924470000.0,1.4215131487855055,11.329078892713031,5555000000.0,0.9324932493249323,10.56392999528409,1774000000.0,61132470000.0,17.85983489587798,4644000000.0,24018755145.214996
6652,ＩＤＥＣ,プライム（内国株式）,電気機器,2026-03-31,連結,3500.0,109810697500.0,0.7061916019952785,7.037149611971671,25613000000.0,1.1833834380978407,5.930013152258405,1505000000.0,117281697500.0,17.781909062519098,6118000000.0,31433689974.271954
8008,ヨンドシーホールディングス,プライム（内国株式）,小売業,2026-02-28,連結,2131.0,51849361000.0,0.2354667914363978,4.2128007486183865,12900000000.0,0.8302325581395349,3.538892481675379,383000000.0,63423361000.0,17.74506621844142,2802000000.0,14351434515.08565
6999,ＫＯＡ,プライム（内国株式）,電気機器,2026-03-31,連結,2359.0,88414668916.0,2.097088005213108,15.38252803127865,45413000000.0,0.9926672979102898,10.499481417841533,3115000000.0,106417668916.0,17.613237758593193,3646000000.0,18466250475.703926
9324,安田倉庫,プライム（内国株式）,倉庫・運輸関連業,2026-03-31,連結,2538.0,77053680000.0,0.5009364667558116,5.8056188005348695,78627000000.0,0.9606114947791471,3.358633153827422,723000000.0,128004680000.0,17.571497143193227,4289000000.0,21645944031.008114
4578,大塚ホールディングス,プライム（内国株式）,医薬品,2025-12-31,連結,12170.0,6608175119890.0,0.7860923404511277,7.516554042706766,127006000000.0,0.9876698738642268,7.393438205435628,111292000000.0,6200536119890.0,17.48337017231628,479375000000.0,2401260876132.239
4968,荒川化学工業,プライム（内国株式）,化学,2026-03-31,連結,2186.0,45146146400.0,1.0294422460132342,8.976653476079406,35623000000.0,0.9412458243269796,5.432660014011858,876000000.0,72356146400.0,16.928801901269143,2500000000.0,11944143327.070337
9341,ＧＥＮＯＶＡ,プライム（内国株式）,サービス業,2026-03-31,連結,671.0,11969029600.0,0.5435756057560148,6.061453634536089,735710000.0,0.49913688817604757,5.739349271730846,97498000.0,7387297600.0,16.823473423378655,400375000.0,1895693400.185057
8016,オンワードホールディングス,プライム（内国株式）,繊維製品,2026-02-28,連結,750.0,106440750000.0,1.099713264941233,9.398279589647398,46332000000.0,0.7977207977207977,6.789953890545018,2269000000.0,133057750000.0,16.57710396312525,11604000000.0,53794805647.13388
6167,冨士ダイス,プライム（内国株式）,機械,2026-03-31,連結,1038.0,20760000000.0,0.9517401755376036,8.510441053225621,22000000.0,9.545454545454543,8.511536727214123,330000000.0,14065000000.0,16.555096535632195,822000000.0,3803509467.6442275
4082,第一稀元素化学工業,プライム（内国株式）,化学,2026-03-31,連結,2830.0,69052000000.0,2.3105283354914588,16.663170012948754,21471000000.0,1.4768757859438313,13.061158111575372,3434000000.0,79384000000.0,16.48867391561434,3479000000.0,16006318059.276964
3993,ＰＫＳＨＡ　Ｔｅｃｈｎｏｌｏｇｙ,プライム（内国株式）,情報・通信業,2025-09-30,連結,3355.0,107185540000.0,1.8853491317980229,14.112094790788138,0.0,0.0,14.112094790788138,4249159000.0,87827495000.0,16.476311226674245,5288742000.0,24306837824.64758
7741,ＨＯＹＡ,プライム（内国株式）,精密機器,2026-03-31,連結,24405.0,8259001479600.0,1.120848821586638,9.525092929519827,0.0,0.0,9.525092929519827,212735000000.0,7684909479600.0,16.459324582615885,,
5232,住友大阪セメント,プライム（内国株式）,ガラス・土石製品,2026-03-31,連結,5627.0,180447294359.0,0.7338760348980161,7.203256209388097,79421000000.0,1.1272837158937812,5.346316282968406,2995000000.0,243280294359.0,16.42645247561584,13648000000.0,62457653000.506935
7246,プレス工業,プライム（内国株式）,輸送用機器,2026-03-31,連結,997.0,97771802000.0,1.133649430836972,9.601896585021832,6959000000.0,3.6916223595344153,9.209179279799946,2214000000.0,82546802000.0,16.240730549559846,13509000000.0,60842424127.89855
1835,東鉄工業,プライム（内国株式）,建設業,2026-03-31,連結,4000.0,144400000000.0,0.2733916107740189,4.440349664644113,20000000000.0,0.20044499999999998,3.9245461774611314,1148817000.0,143825564000.0,16.227282064085447,17601513000.0,79182793943.45233
4666,パーク２４,プライム（内国株式）,不動産業,2025-10-31,連結,1984.0,339359964096.0,0.509290429032866,5.855742574197196,105181000000.0,2.397866534830435,5.037588817689635,4212000000.0,364390964096.0,16.151385352905823,37561000000.0,167873090856.6193
1518,三井松島ホールディングス,プライム（内国株式）,その他製品,2026-03-31,連結,2362.0,154290564000.0,1.1006314359119784,9.403788615471871,50237000000.0,0.31769412982463124,7.1720203405832095,3799000000.0,198826564000.0,16.092340736516142,9573000000.0,42568048163.5337
3708,特種東海製紙,プライム（内国株式）,パルプ・紙,2026-03-31,連結,2191.0,85449000000.0,0.4107304173098274,5.264382503858965,26377000000.0,0.7775713689957159,4.206054232220098,940000000.0,104741000000.0,16.053332401261024,4296000000.0,19038837514.824986
6140,旭ダイヤモンド工業,プライム（内国株式）,機械,2026-03-31,連結,1214.0,58794020000.0,2.2961411641107703,16.576846984664623,4544000000.0,1.016725352112676,15.460531812540266,2686000000.0,47182020000.0,15.988820828838868,2403000000.0,10590466819.934704
6481,ＴＨＫ,プライム（内国株式）,機械,2025-12-31,連結,6631.0,789750793693.0,1.2944812469442804,10.566887481665681,123205000000.0,0.37441662270200077,9.191395501819725,21707000000.0,792421793693.0,15.913938787103133,14436000000.0,63212578888.48078
4063,信越化学工業,プライム（内国株式）,化学,2026-03-31,連結,6001.0,11911954995000.0,1.2811109381257575,10.486665628754544,243295000000.0,0.778561006185906,10.29235178781179,372945000000.0,11593160995000.0,15.88575546758465,635204000000.0,2774685645156.8857
2492,インフォマート,プライム（内国株式）,サービス業,2025-12-31,連結,685.0,177710372000.0,0.5178453229883654,5.907071937930192,2270000000.0,0.6803568281938325,5.841150064521121,2537649000.0,173825004000.0,15.850826152735086,2863785000.0,12471875350.700932
4661,オリエンタルランド,プライム（内国株式）,サービス業,2026-03-31,連結,3039.0,5471569981200.0,0.6785897728302094,6.871538636981256,306706000000.0,0.5603085691183086,6.536543885001275,95012000000.0,5542143981200.0,15.813765192528628,168413000000.0,731101075858.1904
5975,東プレ,プライム（内国株式）,金属製品,2026-03-31,連結,3210.0,173410055040.0,1.9233911571231057,14.340346942738634,45448000000.0,0.35579123393768697,11.436318175154893,5947000000.0,156654055040.0,15.639261588914632,28042000000.0,119911844470.73048
3186,ネクステージ,プライム（内国株式）,小売業,2025-11-30,連結,3320.0,268514628000.0,0.8852576158403375,8.111545695042025,96218000000.0,0.677316094701615,6.1503646852488645,5554000000.0,347189628000.0,15.606965214457402,19597000000.0,83565997162.7653
6724,セイコーエプソン,プライム（内国株式）,電気機器,2026-03-31,連結,3218.0,1202158403136.0,1.5480245642213246,12.088147385327947,0.0,0.0,12.088147385327947,37872000000.0,913576403136.0,15.49529589433768,49558000000.0,209293976628.89044
3861,王子ホールディングス,プライム（内国株式）,パルプ・紙,2026-03-31,連結,881.5,894177571685.5,0.3087619245577347,4.652571547346408,888902000000.0,0.912699037689194,2.7881678458128505,8606000000.0,1708832571685.5,15.334241778454805,34582000000.0,144023299144.96512
9010,富士急行,プライム（内国株式）,陸運業,2026-03-31,連結,2792.0,153238188496.0,0.5264037681435,5.9584226088609995,42183491000.0,0.8271314007652899,4.850788199754843,2155103000.0,183151914496.0,15.251591081019333,8761705000.0,36229131522.65902
6264,マルマエ,プライム（内国株式）,機械,2025-08-31,連結,2052.0,26784756000.0,1.9991163124453264,14.794697874671957,13507019000.0,0.5480587537486991,10.018794472738096,1177975000.0,36038912000.0,15.13536689755811,2103901000.0,8612173937.67657
7747,朝日インテック,プライム（内国株式）,精密機器,2025-06-30,連結,3810.0,1034924016000.0,1.1909042498016853,9.945425498810112,9020000000.0,1.6607538802660753,9.873843367149837,32096000000.0,990744016000.0,14.97736452710049,30079000000.0,121447027720.59709
6728,アルバック,プライム（内国株式）,電気機器,2025-06-30,連結,7600.0,375105128800.0,2.3043499551053976,16.626099730632387,42128000000.0,1.0385017090770985,15.052221042377846,19096000000.0,324624128800.0,14.8808619035114,26523000000.0,106193882157.8314
4526,理研ビタミン,プライム（内国株式）,食料品,2026-03-31,連結,3430.0,105318150000.0,0.2821345679667751,4.492807407800651,7141000000.0,1.1174905475423609,4.2784794700641084,951000000.0,93328150000.0,14.794405223356522,6900000000.0,27419296814.48152
5991,日本発條,プライム（内国株式）,金属製品,2026-03-31,連結,3337.0,771067722528.0,1.5675567560735832,12.2053405364415,51959000000.0,0.8244962374179641,11.486849541256534,29771000000.0,733063722528.0,14.756869647054438,45784000000.0,181342944359.5356
6306,日工,プライム（内国株式）,機械,2026-03-31,連結,1034.0,41360000000.0,0.6629849534841542,6.777909720904925,8004000000.0,1.1631684157921038,5.8675217984083075,619000000.0,37970000000.0,14.52442839380147,3099000000.0,12028262698.728277
1944,きんでん,プライム（内国株式）,建設業,2026-03-31,連結,6837.0,1367085498000.0,0.7952323855233773,7.571394313140264,15002000000.0,1.1245167311025195,7.50141606818422,27769000000.0,1199779498000.0,14.389526735444324,90256000000.0,346209287551.9969
3864,三菱製紙,プライム（内国株式）,パルプ・紙,2026-03-31,連結,1199.0,53644978167.0,1.1586333746570672,9.751800247942402,61567000000.0,0.831127064823688,4.984769123201399,1457000000.0,110316978167.0,14.294333911755308,264000000.0,1004271034.2264717
6305,日立建機,プライム（内国株式）,機械,2026-03-31,連結,5824.0,1252829981312.0,1.7370980939289538,13.222588563573723,497566000000.0,2.2344975339954902,10.099123610731946,56549000000.0,1608939981312.0,14.276684146807906,130144000000.0,494311204566.131
9075,福山通運,プライム（内国株式）,陸運業,2026-03-31,連結,6300.0,253223226900.0,1.024053994245108,8.944323965470648,111073000000.0,0.6132003277124053,6.404185398318441,6282000000.0,333905226900.0,14.246267773494436,9347000000.0,35407271081.20416
3193,エターナルホスピタリティグループ,プライム（内国株式）,小売業,2025-07-31,連結,1435.0,16678000500.0,0.6975071119828788,6.985042671897273,3290302000.0,0.604965744785737,5.933757522674952,212847000.0,12482870500.0,14.15200171326626,3121482000.0,11727249084.75737
6723,ルネサスエレクトロニクス,プライム（内国株式）,電気機器,2025-12-31,連結,3417.0,6391891455000.0,2.1039222915286486,15.423533749171892,242478000000.0,5.487920553617235,15.060399372533276,395257000000.0,6338472455000.0,13.98185469430281,201166000000.0,744580700454.6746
5803,フジクラ,プライム（内国株式）,非鉄金属,2026-03-31,連結,5340.0,1579908420000.0,2.158415562657453,15.750493375944718,74977000000.0,1.9316590421062456,15.124410911668607,92605000000.0,1475979420000.0,13.97834186053869,188707000000.0,698250663029.1644
6480,日本トムソン,プライム（内国株式）,機械,2026-03-31,連結,1735.0,127524972375.0,2.027635924799818,14.965815548798908,23957000000.0,0.8590391117418708,12.734817115097828,6364000000.0,128513972375.0,13.950385921988017,4102000000.0,15140968631.859917
6367,ダイキン工業,プライム（内国株式）,機械,2026-03-31,連結,20895.0,6124596135000.0,0.9734030381870116,8.64041822912207,829769000000.0,3.2880476373544925,8.001793263744782,165818000000.0,6247842135000.0,13.750930034643705,414991000000.0,1505179309530.6511
5332,ＴＯＴＯ,プライム（内国株式）,ガラス・土石製品,2026-03-31,連結,6345.0,1055541510000.0,0.9923110819482728,8.753866491689635,24585000000.0,2.095586739882042,8.602315903695835,28081000000.0,948938510000.0,13.617732795096893,53759000000.0,192713602418.3487
2148,アイティメディア,プライム（内国株式）,サービス業,2026-03-31,連結,1232.0,26023412800.0,1.4329962847744646,11.397977708646788,0.0,0.0,11.397977708646788,877990000.0,20086470800.0,13.543421026690606,1765479000.0,6287562404.402056
6742,京三製作所,プライム（内国株式）,電気機器,2026-03-31,連結,1036.0,65106384000.0,1.38236839922999,11.094210395379939,31000000000.0,0.9348387096774192,7.81721141624055,2331000000.0,89208384000.0,13.534203144875557,4503000000.0,16023932559.362186
9990,サックスバー　ホールディングス,プライム（内国株式）,小売業,2026-03-31,連結,767.0,22902543300.0,0.2965501838870855,4.579301103322512,1300000000.0,1.6466692307692306,4.4217795822549615,219000000.0,18446172300.0,13.502335672892595,3163900000.0,11227181269.696993
4187,大阪有機化学工業,プライム（内国株式）,化学,2025-11-30,連結,4495.0,100733120810.0,2.123491763614442,15.540950581686651,1337923000.0,0.3805226459220747,15.342231292964,5689146000.0,86198446810.0,13.493958015183038,6187165000.0,21939115657.40812
6617,東光高岳,プライム（内国株式）,電気機器,2026-03-31,連結,6970.0,113443720000.0,1.5184711874067838,11.910827124440704,2390000000.0,1.815899581589958,11.702538235614433,4532000000.0,99269720000.0,13.4370168090859,9763000000.0,34445401991.89682
6841,横河電機,プライム（内国株式）,電気機器,2026-03-31,連結,5120.0,1316869120000.0,1.5663596459460667,12.1981578756764,24336000000.0,3.0288461538461533,12.031781855532323,53726000000.0,1132665120000.0,13.433538622865104,82555000000.0,291177749636.4074
4820,イーエムシステムズ,プライム（内国株式）,情報・通信業,2023-12-31,連結,602.0,44857909600.0,0.6966219610906551,6.979731766543931,2493000000.0,0.19655034095467308,6.622600901754925,798000000.0,37909909600.0,13.395392497033153,2330000000.0,8190492308.632443
9842,アークランズ,プライム（内国株式）,小売業,2026-02-28,連結,1834.0,118721004248.0,0.2781987444547987,4.469192466728792,92703000000.0,0.8328748799930963,2.8747777244569335,1199000000.0,191040004248.0,13.31663707419678,14196000000.0,49556744000.15858
4480,メドレー,プライム（内国株式）,情報・通信業,2025-12-31,連結,2714.0,88852560400.0,1.2340847478500148,10.204508487100089,16085000000.0,0.7528753497046938,8.75574678122947,2987000000.0,96362560400.0,13.316390803466572,2150000000.0,7505260921.388173
9031,西日本鉄道,プライム（内国株式）,陸運業,2026-03-31,連結,3120.0,247603200000.0,0.5421430931048478,6.052858558629087,342986000000.0,0.6632923792807869,2.9228559348256784,3584000000.0,544819200000.0,13.079412430750425,30210000000.0,103272848789.82098
1332,ニッスイ,プライム（内国株式）,水産・農林業,2026-03-31,連結,1278.0,399285894006.0,0.7708640460378782,7.425184276227269,258937000000.0,0.9002189721824227,4.8583411045309965,8960000000.0,633971894006.0,13.004245396353065,40430000000.0,137293930081.44028
9304,澁澤倉庫,プライム（内国株式）,倉庫・運輸関連業,2026-03-31,連結,2180.0,132696600000.0,0.9346416176545332,8.407849705927198,27481000000.0,0.47632910010552737,7.047071933201266,3611000000.0,152277600000.0,12.952251591378127,4097000000.0,13848887575.04988
8697,日本取引所グループ,プライム（内国株式）,その他金融業,2026-03-31,連結,2293.0,2365883775448.0,1.3812508909709738,11.087505345825843,52493000000.0,0.2413655154020536,10.852080318634632,98649000000.0,2307905775448.0,12.905809464668073,116289000000.0,391472737816.7051
2915,ケンコーマヨネーズ,プライム（内国株式）,食料品,2026-03-31,連結,2003.0,33001428000.0,0.4031723258298255,5.219033954978952,3293000000.0,0.8290312784694805,4.820728220177299,322000000.0,22807428000.0,12.882178973882741,4155000000.0,13958053821.504234
6954,ファナック,プライム（内国株式）,電気機器,2026-03-31,連結,6052.0,5945384899636.0,1.3367789653161648,10.82067379189699,0.0,0.0,10.82067379189699,228906000000.0,5330309899636.0,12.78350025927858,183763000000.0,611946930990.9402
6458,新晃工業,プライム（内国株式）,機械,2026-03-31,連結,1252.0,90823836000.0,0.84301805028885,7.8581083017330995,2387000000.0,1.1436950146627565,7.6861615066605085,2050000000.0,75809836000.0,12.77688398167961,9444000000.0,31430905095.183342
5334,日本特殊陶業,プライム（内国株式）,ガラス・土石製品,2026-03-31,連結,8262.0,1646184662640.0,1.3039726736891577,10.623836042134947,242461000000.0,0.9074036649193066,9.376457586125891,60387000000.0,1700898662640.0,12.733232349280021,138158000000.0,458031801851.8475
2910,ロック・フィールド,プライム（内国株式）,食料品,2026-04-30,連結,1430.0,38306840000.0,0.3219184240561505,4.731510544336903,275000000.0,0.509090909090909,4.701414379931767,357000000.0,25827840000.0,12.707703315829699,780000000.0,2580064740.794075
9850,グルメ杵屋,プライム（内国株式）,小売業,2026-03-31,連結,994.0,22772540000.0,0.2476948085908275,4.286168851544964,13337425000.0,0.9936198329137745,3.0700467756909138,233167000.0,31382965000.0,12.570152442084359,523927000.0,1711998272.0719457
8151,東陽テクニカ,プライム（内国株式）,卸売業,2025-09-30,連結,1977.0,51570045000.0,0.877625170674718,8.065751024048307,2700000000.0,0.48797777777777773,7.688747692561656,1394085000.0,50612256000.0,12.539827750455911,1914644000.0,6239510158.737711
4021,日産化学,プライム（内国株式）,化学,2026-03-31,連結,8130.0,1095924000000.0,1.3195754116051177,10.717452469630707,30452000000.0,0.9102850387495073,10.452311999126016,45598000000.0,1090647000000.0,12.50021325272347,63552000000.0,206377657822.90247
6473,ジェイテクト,プライム（内国株式）,機械,2026-03-31,連結,2035.0,648367280000.0,1.5093532803646754,11.856119682188051,217122000000.0,1.7793222243715514,9.328191875114538,26201000000.0,727939280000.0,12.44942115567832,24847000000.0,80324161751.95409
4028,石原産業,プライム（内国株式）,化学,2026-03-31,連結,3180.0,128417940000.0,1.71814093040759,13.10884558244554,68413000000.0,0.8513001914840747,8.848461250430224,5638000000.0,167406940000.0,12.386054554245785,19077000000.0,61324544389.447075
4180,Ａｐｐｉｅｒ　Ｇｒｏｕｐ,プライム（内国株式）,情報・通信業,2025-12-31,連結,1321.0,135520302817.0,0.7466955830474596,7.280173498284758,0.0,0.0,7.280173498284758,3252000000.0,123786302817.0,12.193076094277345,2976000000.0,9403585615.84756
4401,ＡＤＥＫＡ,プライム（内国株式）,化学,2026-03-31,連結,4618.0,479201279756.0,1.3781338798628806,11.068803279177285,61894000000.0,4.057905451255372,10.266851152821506,18938000000.0,453211279756.0,12.168789886796782,41614000000.0,131207846865.64687
4221,大倉工業,プライム（内国株式）,化学,2025-12-31,連結,5640.0,70014960000.0,0.6715282696440935,6.829169617864561,6732000000.0,0.6030897207367795,6.283037629477474,1498000000.0,68762960000.0,12.035692557922106,6185000000.0,19270977097.18711
3099,三越伊勢丹ホールディングス,プライム（内国株式）,小売業,2026-03-31,連結,3535.0,1298921610000.0,1.3775671313628193,11.065402788176915,68233000000.0,0.8730379728283968,10.556714434015072,56514000000.0,1289811610000.0,12.027191013956273,80020000000.0,249134006632.9296
2146,ＵＴグループ,プライム（内国株式）,サービス業,2026-03-31,連結,235.0,141280530075.0,1.8506988181828623,13.904192909097173,9845000000.0,0.49060436769933974,13.030371132428963,7088000000.0,121618530075.0,11.987356710231046,10613000000.0,32925175864.115784
6136,オーエスジー,プライム（内国株式）,機械,2025-11-30,連結,3706.0,356314915402.0,1.0927738897264203,9.356643338358522,22799000000.0,0.7000307031010131,8.836055453152673,11492000000.0,331108915402.0,11.952625558211494,20330000000.0,62875320448.153015
4658,日本空調サービス,プライム（内国株式）,サービス業,2026-03-31,連結,1579.0,56502936000.0,0.904151916862282,8.224911501173693,3197000000.0,0.7663434469815452,7.825496632969274,1551000000.0,52403936000.0,11.904720215579701,4758000000.0,14652390859.241793
7458,第一興商,プライム（内国株式）,卸売業,2026-03-31,連結,1893.0,196812181200.0,0.4055698769120084,5.233419261472051,54878000000.0,0.5688982834651408,4.216376876224393,2577000000.0,203215181200.0,11.869408001225812,17917000000.0,55002026660.6259
6326,クボタ,プライム（内国株式）,機械,2025-12-31,連結,2826.5,3218580774000.0,1.6554008598767338,12.732405159260402,2242079000000.0,0.1490803847678873,7.565848480267165,148070000000.0,5183700774000.0,11.77582878025446,265470000000.0,808154576832.787
9216,ビーウィズ,プライム（内国株式）,サービス業,2025-05-31,連結,1703.0,24055896800.0,1.0979198220680573,9.387518932408344,21600000.0,1.0402777777777779,9.380030595458798,686429000.0,17992093800.0,11.752468845815455,1069944000.0,3250366337.015925
5757,ＣＫサンエツ,プライム（内国株式）,非鉄金属,2026-03-31,連結,5370.0,47615790000.0,0.7989892104177333,7.5939352625064,13147000000.0,0.7454172054461093,6.112149009831504,1282000000.0,59470790000.0,11.693686227197276,14161000000.0,42793732218.703316
6517,デンヨー,プライム（内国株式）,電気機器,2026-03-31,連結,4155.0,90824145000.0,0.9327023471466748,8.396214082880048,2798000000.0,1.7762687634024301,8.198369790764135,2302000000.0,71494145000.0,11.614155874775756,7757000000.0,23274833469.27858
7554,幸楽苑,プライム（内国株式）,小売業,2026-03-31,個別,1200.0,24998929200.0,0.2838185644997748,4.502911386998648,1088410000.0,0.6528514070984279,4.3422800650153315,290994000.0,21464193200.0,11.569765361001483,1515473000.0,4529115547.021144
4848,フルキャストホールディングス,プライム（内国株式）,サービス業,2025-12-31,連結,1876.0,66064182324.0,0.2553776999098368,4.332266199459021,12220000000.0,0.2806873977086743,3.6998230738161206,623000000.0,57255182324.0,11.424455852226922,7915000000.0,23348346929.98941
6616,トレックス・セミコンダクター,プライム（内国株式）,電気機器,2026-03-31,連結,1933.0,22334268600.0,1.612307438584219,12.473844631505315,12800816000.0,0.9400017936356556,8.271703050765039,853968000.0,25754741600.0,11.381034574506465,1085033000.0,3188272421.682027
8088,岩谷産業,プライム（内国株式）,卸売業,2026-03-31,連結,2223.5,520845981000.0,1.1018408036840004,9.411044822104003,244866000000.0,0.8939174895657217,6.687364178259775,18432000000.0,738051981000.0,11.367717534092103,38318000000.0,112459467443.28127
3635,コーエーテクモホールディングス,プライム（内国株式）,情報・通信業,2026-03-31,連結,1722.0,578758903128.0,0.3474350497610144,4.884610298566086,0.0,0.0,4.884610298566086,8455000000.0,519424903128.0,11.358688393049244,37168000000.0,108995925469.64563
3569,セーレン,プライム（内国株式）,繊維製品,2026-03-31,連結,3430.0,221693405780.0,1.1080090871801331,9.448054523080799,9215000000.0,0.7292457948996202,9.100107803000208,7423000000.0,196710405780.0,11.350081556289593,20832000000.0,61043069200.03389
9702,アイ・エス・ビー,プライム（内国株式）,情報・通信業,2025-12-31,連結,2486.0,28497018000.0,1.1345516873589223,9.607310124153534,120000000.0,0.5833333333333334,9.569469800787262,793000000.0,19539018000.0,11.26795047694068,2314000000.0,6730762091.512488
4519,中外製薬,プライム（内国株式）,医薬品,2025-12-31,連結,7033.0,11808812572011.0,0.7422204771551777,7.253322862931066,0.0,0.0,7.253322862931066,322880000000.0,11382210572011.0,11.12841818848488,598833000000.0,1720113289265.124
7453,良品計画,プライム（内国株式）,小売業,2025-08-31,連結,4375.0,1228412500000.0,0.7608253335328437,7.364952001197062,46738000000.0,4.142667636612606,7.246845843036164,32361000000.0,1139791500000.0,11.101456546374965,73840000000.0,211587113573.63754
3663,セルシス,プライム（内国株式）,情報・通信業,2025-12-31,個別,1988.0,72107105840.0,0.7403601150509146,7.242160690305488,0.0,0.0,7.242160690305488,1931598000.0,68067319840.0,11.096766929739832,2967854000.0,8500740094.41617
6363,酉島製作所,プライム（内国株式）,機械,2026-03-31,連結,3065.0,89025006135.0,0.9587479082972938,8.552487449783762,22201000000.0,0.9175262375568667,7.028529341758962,2554000000.0,93456006135.0,11.06663328907832,5005000000.0,14296843290.005651
3992,ニーズウェル,プライム（内国株式）,情報・通信業,2025-09-30,連結,478.0,19454217600.0,1.2380262390175385,10.228157434105231,30304000.0,0.9424498416050686,10.213715504831322,754287000.0,16722720600.0,10.999864004134253,1155855000.0,3281918733.908018
4543,テルモ,プライム（内国株式）,精密機器,2026-03-31,連結,2539.0,3759139301000.0,1.0628331066105836,9.176998639663502,379796000000.0,0.3315727390493844,8.365326764884989,133752000000.0,3858441301000.0,10.986890568989304,176320000000.0,500055743715.5998
3939,カナミックネットワーク,プライム（内国株式）,情報・通信業,2025-09-30,連結,529.0,25461828000.0,1.0335958115868102,9.001574869520862,580437000.0,0.7515716606625696,8.817696581186876,844461000.0,22715154000.0,10.984793889511247,1606662000.0,4555744091.095049
4613,関西ペイント,プライム（内国株式）,化学,2026-03-31,連結,2859.0,508834184520.0,0.7602901050068953,7.361740630041372,82417000000.0,2.62700656417972,6.701746049526633,13712000000.0,524021184520.0,10.806131083717007,49726000000.0,138746308933.81384
3315,日本コークス工業,プライム（内国株式）,石油・石炭製品,2026-03-31,連結,104.0,31444296000.0,1.5542615521811136,12.125569313086682,67277000000.0,0.9041723025699718,4.478364938090099,1411000000.0,92333296000.0,10.648769792393942,607000000.0,1669762058.7167048
7245,大同メタル工業,プライム（内国株式）,輸送用機器,2026-03-31,連結,1225.0,58212309925.0,1.7309874938937773,13.185924963362663,64497000000.0,1.5791432159635332,7.085307147000172,2759000000.0,96428309925.0,10.611582735641568,8371000000.0,22950037981.339684
6544,ジャパンエレベーターサービスホールディングス,プライム（内国株式）,サービス業,2026-03-31,連結,1561.5,279171216000.0,0.5944950473242802,6.3669702839456805,2981000000.0,1.1271385441127137,6.31161031322533,6855000000.0,278293216000.0,10.552829302299827,11010000000.0,30025201837.704796
3407,旭化成,プライム（内国株式）,化学,2026-03-31,連結,1615.5,2206372356000.0,1.126142662999542,9.556855977997252,937544000000.0,0.9294817096584267,6.984095743584879,80780000000.0,2771848356000.0,10.127269036142971,231200000000.0,606647658781.2427
6240,ヤマシンフィルタ,プライム（内国株式）,機械,2026-03-31,連結,537.0,37556962686.0,1.2407252599049885,10.24435155942993,1600000000.0,1.3402375,9.880518884017096,1507496000.0,32711814686.0,10.091332526378471,2592678000.0,6780783313.872493
9072,ニッコンホールディングス,プライム（内国株式）,陸運業,2026-03-31,連結,5455.0,689947221720.0,0.449237439357475,5.49542463614485,103497000000.0,0.5343150042996415,4.848296647167851,13560000000.0,756739221720.0,10.05777651762899,23818000000.0,62103008087.25091
3179,シュッピン,プライム（内国株式）,小売業,2026-03-31,個別,1221.0,26073589311.0,1.293880399963182,10.56328239977909,4617296000.0,0.7152367966013008,9.081691330945606,1199183000.0,28876222311.0,10.008352609048588,2537851000.0,6587531905.768031
8200,リンガーハット,プライム（内国株式）,小売業,2026-02-28,連結,2307.0,60138811404.0,0.1811468747003166,3.8868812482018993,7667218000.0,1.0481350602004533,3.565887878417706,767185000.0,65509131404.0,9.907967941679885,1418176000.0,3647723536.0254307
2875,東洋水産,プライム（内国株式）,食料品,2026-03-31,連結,10575.0,1172567040300.0,0.8176767659907609,7.706060595944565,481000000.0,28.232848232848234,7.714477459119943,38468000000.0,1137361040300.0,9.896110825230508,85799000000.0,220447642191.5915
5351,品川リフラ,プライム（内国株式）,ガラス・土石製品,2026-03-31,連結,2088.0,98440848000.0,1.186296934755564,9.917781608533385,39013000000.0,2.407915310281188,7.786284977797278,3827000000.0,111240848000.0,9.832106424943465,13609000000.0,34763167616.02892
6501,日立製作所,プライム（内国株式）,電気機器,2026-03-31,連結,5550.0,25172358000000.0,1.257558197192744,10.345349183156465,0.0,0.0,10.345349183156465,1194161000000.0,23848878000000.0,9.76755481271253,,
6929,日本セラミック,プライム（内国株式）,電気機器,2025-12-31,連結,3730.0,101571630000.0,0.8173458774654666,7.7040752647928,0.0,0.0,7.7040752647928,2808000000.0,81472630000.0,9.625214037389352,6228000000.0,15611806040.561079
6653,正興電機製作所,プライム（内国株式）,電気機器,2025-12-31,連結,2249.0,31279092000.0,1.5066363756951586,11.83981825417095,978000000.0,1.6462167689161553,11.530759326832454,1694000000.0,29005092000.0,9.576608486730509,2615000000.0,6526047605.11311
9503,関西電力,プライム（内国株式）,電気・ガス業,2026-03-31,連結,2612.5,2912746787500.0,0.722495854190873,7.134975125145238,3674835000000.0,0.8130650763911849,3.6083431889625253,71703000000.0,5846295787500.0,9.570437521878771,437556000000.0,1091358918159.112
6235,オプトラン,プライム（内国株式）,機械,2025-12-31,連結,2659.0,117947922000.0,2.2049849559813373,16.029909735888022,400000000.0,35.386575,16.095332651430592,7830972000.0,86911000000.0,9.527091011733868,3334561000.0,8284269107.381807
3302,帝国繊維,プライム（内国株式）,繊維製品,2025-12-31,連結,3375.0,93097350000.0,0.6252616481366328,6.551569888819796,56000000.0,5.09875,6.550696512674183,2295444000.0,81280363000.0,9.44433014620648,4055474000.0,9999408171.968132
3288,オープンハウスグループ,プライム（内国株式）,不動産業,2025-09-30,連結,7955.0,960245663500.0,0.9186248678981828,8.311749207389095,719951000000.0,0.7491482059195694,5.071234408206489,25572000000.0,1272514663500.0,9.410830950941717,145933000000.0,358720895171.7949
6914,オプテックスグループ,プライム（内国株式）,電気機器,2025-12-31,連結,3195.0,120565829880.0,1.4130187893625177,11.278112736175107,6454000000.0,0.8676789587852494,10.749148560559773,5657000000.0,104135829880.0,9.314776290124438,8153000000.0,19865803974.673862
1969,高砂熱学工業,プライム（内国株式）,建設業,2026-03-31,連結,4318.0,606587475672.0,1.051897002411059,9.111382014466354,37406000000.0,0.7915842378228091,8.628131224839358,24695000000.0,601456475672.0,9.259286686702028,47745000000.0,115747469750.97623
6432,竹内製作所,プライム（内国株式）,機械,2026-02-28,連結,7640.0,374352360000.0,1.5381435190654744,12.028861114392846,0.0,0.0,12.028861114392846,20121000000.0,318117360000.0,9.207263829674394,37687000000.0,90929924040.3244
3402,東レ,プライム（内国株式）,繊維製品,2026-03-31,連結,1288.5,1938523768500.0,0.8459970122302042,7.875982073381225,863982000000.0,1.3350509617098505,5.85948426372683,63063000000.0,2537210768500.0,9.189218306672863,97221000000.0,234184233315.25232
3741,セック,プライム（内国株式）,情報・通信業,2026-03-31,個別,3215.0,32921600000.0,1.292217914043675,10.55330748426205,36000000.0,2.2555555555555555,10.544243745718179,1592008000.0,29636017000.0,9.12163281941315,1879769000.0,4500005469.019673
4228,積水化成品工業,プライム（内国株式）,化学,2026-03-31,連結,586.0,27534968000.0,1.2879812389183327,10.527887433509996,31753000000.0,1.7393632097754541,5.820996320691912,1239000000.0,49935968000.0,9.101440166361929,2552000000.0,6097973100.586474
6814,古野電気,プライム（内国株式）,電気機器,2026-02-28,連結,7740.0,246863847960.0,1.785848325602508,13.515089953615046,11903000000.0,1.3820045366714273,12.956980918951517,16665000000.0,235222847960.0,8.93492821379277,16246000000.0,38231203040.57028
9336,大栄環境,プライム（内国株式）,サービス業,2026-03-31,連結,3970.0,396574813000.0,0.408368422920402,5.2502105375224115,115116000000.0,0.47491226241356543,4.175903119309237,7307000000.0,457250813000.0,8.93028608124128,22189000000.0,52194431578.85764
6330,東洋エンジニアリング,プライム（内国株式）,建設業,2026-03-31,連結,2781.0,146247228000.0,2.1288240421662272,15.572944252997363,60203000000.0,3.6405162533428563,12.093326091165155,7791000000.0,119464228000.0,8.856243712306433,-19003000000.0,-44397202865.25914
7740,タムロン,プライム（内国株式）,精密機器,2025-12-31,連結,1375.0,234850000000.0,1.2050478252207244,10.030286951324346,1045000000.0,5.090909090909091,10.008405818345121,10268000000.0,200524000000.0,8.85338594223274,16638000000.0,38861588200.714836
7864,フジシールインターナショナル,プライム（内国株式）,その他製品,2026-03-31,連結,3325.0,200038503700.0,0.4493048765550966,5.495829259330579,10358000000.0,1.8854991311063911,5.318089616273259,3939000000.0,175052503700.0,8.813486812937644,20463000000.0,47620787668.60916
5333,ＮＧＫ,プライム（内国株式）,ガラス・土石製品,2026-03-31,連結,5285.0,1544506876360.0,1.4396686416040971,11.438011849624584,244634000000.0,0.9353973691310283,10.00196138273889,82141000000.0,1589497876360.0,8.713648092516147,94997000000.0,219053696446.73886
6284,日精エー・エス・ビー機械,プライム（内国株式）,機械,2025-09-30,連結,8950.0,134170416600.0,1.684175939816479,12.905055638898876,6117000000.0,0.5035147948340689,12.364307030209018,7317000000.0,107818416600.0,8.684678139633018,10641000000.0,24471786724.47789
6952,カシオ計算機,プライム（内国株式）,電気機器,2026-03-31,連結,2404.5,571599937713.0,0.919994459868474,8.319966759210843,42296000000.0,0.93673160582561,7.811279056843971,17631000000.0,463237937713.0,8.556546268155174,23071000000.0,52435642870.28851
6850,チノー,プライム（内国株式）,電気機器,2026-03-31,連結,1702.0,31521434864.0,1.560709066821009,12.164254400926055,4191000000.0,0.48437127177284656,10.793572441527491,1528000000.0,26431434864.0,8.502062471264804,3225000000.0,7293057789.090775
6845,アズビル,プライム（内国株式）,電気機器,2026-03-31,連結,1529.0,827758913344.0,0.9135534645403474,8.281320787242084,9889000000.0,0.8423500859540903,8.193498708188178,30070000000.0,739716913344.0,8.49966071291618,47304000000.0,106950216270.92384
6988,日東電工,プライム（内国株式）,化学,2026-03-31,連結,3471.0,2355625389000.0,1.206550382288989,10.039302293733932,0.0,0.0,10.039302293733932,105342000000.0,1995820389000.0,8.484374170475972,183615000000.0,414552975328.7285
8022,美津濃,プライム（内国株式）,その他製品,2026-03-31,連結,4085.0,325713390000.0,1.078898106911242,9.273388641467452,23017000000.0,0.763348829126298,8.711706631589688,13395000000.0,302712390000.0,8.417345013552746,22603000000.0,50717024161.138535
3093,トレジャー・ファクトリー,プライム（内国株式）,小売業,2026-02-28,連結,2063.0,50229511400.0,0.9197949872218624,8.318769923331175,7222000000.0,0.5137081140958183,7.337626781702741,1874000000.0,52439511400.0,8.323970379746914,4777000000.0,10626761625.921873
4626,太陽ホールディングス,プライム（内国株式）,化学,2026-03-31,連結,4740.0,553819779840.0,0.9432298196907966,8.459378918144779,56851000000.0,0.651351779212327,7.73248291209754,21785000000.0,568128779840.0,8.286589992121895,32529000000.0,72113652022.4482
4091,日本酸素ホールディングス,プライム（内国株式）,化学,2026-03-31,連結,5601.0,2425748292000.0,1.3672875697921725,11.003725418753035,882060000000.0,1.8140829422034779,8.553215798086873,139423000000.0,3142460292000.0,8.065400033365766,197882000000.0,429806467031.0199
5659,日本精線,プライム（内国株式）,鉄鋼,2026-03-31,連結,1448.0,45271720000.0,1.0992569590142782,9.39554175408567,588000000.0,0.47619047619047616,9.281180424548499,1475000000.0,29950720000.0,8.060045068888922,3077000000.0,6680038101.472384
4099,四国化成ホールディングス,プライム（内国株式）,化学,2025-12-31,連結,2421.0,108627849000.0,1.342898539211549,10.857391235269294,24352000000.0,0.4168035479632063,8.945453499791206,4599000000.0,97495849000.0,8.008870761381626,10869000000.0,23484636584.82863
9273,コーア商事ホールディングス,プライム（内国株式）,卸売業,2025-06-30,連結,760.0,32011184800.0,0.8055511723054642,7.633307033832785,2451384000.0,0.4321273207298408,7.1210742739282145,700297000.0,19723053800.0,7.906804268950685,5355182000.0,11462056459.636263
6810,マクセル,プライム（内国株式）,電気機器,2026-03-31,連結,2507.0,117718692000.0,0.7721703876744839,7.4330223260469035,37059000000.0,0.4703310936614587,5.765919198672629,3328000000.0,123220692000.0,7.889165425332056,7891000000.0,16862050270.281372
7240,ＮＯＫ,プライム（内国株式）,輸送用機器,2026-03-31,連結,3049.0,490593247000.0,1.2014077293965384,10.00844637637923,62533000000.0,2.8981497769177875,9.204600636522082,19751000000.0,396420247000.0,7.756591814954927,32990000000.0,69633910314.79263
6465,ホシザキ,プライム（内国株式）,機械,2025-12-31,連結,5662.0,820367180000.0,0.4091363829389676,5.254818297633806,6390000000.0,18.97339593114241,5.360849080551373,16677000000.0,667315180000.0,7.657190989833584,51932000000.0,108608918175.56169
6135,牧野フライス製作所,プライム（内国株式）,機械,2026-03-31,連結,15240.0,379382136840.0,0.8022986696990135,7.613792018194081,37759000000.0,1.0122090097725045,7.0162264683101805,12175000000.0,341990136840.0,7.626608761923837,25035000000.0,52208853653.28462
7734,理研計器,プライム（内国株式）,精密機器,2026-03-31,連結,3355.0,158765310000.0,1.1830971397026009,9.898582838215606,1836055000.0,2.835105702171231,9.817830520120303,7474309000.0,136193497000.0,7.544618869601571,12425027000.0,25714861473.060646
4765,ＳＢＩグローバルアセットマネジメント,プライム（内国株式）,サービス業,2026-03-31,連結,650.0,89741802150.0,0.5983480883321904,6.390088529993142,0.0,0.0,6.390088529993142,2167887000.0,67892822150.0,7.47504477183959,5154581000.0,10599117718.90035
7231,トピー工業,プライム（内国株式）,輸送用機器,2026-03-31,連結,3080.0,74157160000.0,1.2025538187249007,10.015322912349404,51749000000.0,0.9522889331194804,6.290303061127118,3089000000.0,98059160000.0,7.388506724547817,7783000000.0,15875414174.981464
2809,キユーピー,プライム（内国株式）,食料品,2025-11-30,連結,4720.0,667880000000.0,0.3996792572808976,5.198075543685386,7202000000.0,2.5756734240488752,5.170098882975099,14858000000.0,609233000000.0,7.366186738324421,34628000000.0,70485972622.28407
3561,力の源ホールディングス,プライム（内国株式）,小売業,2026-03-31,連結,1622.0,49175796000.0,0.4394675505521354,5.436805303312812,2053643000.0,0.7790643261754842,5.250089669875732,1103878000.0,44228082000.0,7.3334605647474955,2325088000.0,4718356078.695134
6328,荏原実業,プライム（内国株式）,機械,2025-12-31,連結,2388.0,30876840000.0,1.2292394932049482,10.175436959229689,1523000000.0,0.45961917268548913,9.718731293741625,985000000.0,17875840000.0,7.310926304872966,6121000000.0,12395436261.852148
1429,日本アクア,プライム（内国株式）,建設業,2025-12-31,個別,802.0,27877520000.0,0.7805696230642817,7.48341773838569,4800000000.0,0.6264416666666666,6.476196714750747,1007471000.0,30262360000.0,7.166362619476974,2774429000.0,5543174100.403401
6332,月島ホールディングス,プライム（内国株式）,機械,2026-03-31,連結,2793.0,112069125000.0,0.9285836814856026,8.371502088913616,16738000000.0,0.4642131676424901,7.3439797219309195,3557000000.0,90641125000.0,7.122546311548749,9842000000.0,19583586658.430393
3201,日本毛織,プライム（内国株式）,繊維製品,2025-11-30,連結,1972.0,146476216000.0,0.5128493167525632,5.8770959005153784,14225000000.0,0.7135325131810193,5.420025997666409,3437000000.0,129408216000.0,7.089321118436976,11913000000.0,23631037855.014706
7296,エフ・シー・シー,プライム（内国株式）,輸送用機器,2026-03-31,連結,4175.0,217336012750.0,0.8531769757189586,7.919061854313751,0.0,0.0,7.919061854313751,6328000000.0,145976012750.0,7.071270149525255,18927000000.0,37481013688.78683
3915,テラスカイ,プライム（内国株式）,情報・通信業,2026-02-28,連結,2399.0,30991193620.0,0.7481535504377331,7.288921302626399,200000000.0,0.8049999999999999,7.2473459696550515,892086000.0,22925746620.0,7.013691043577952,1560235000.0,3073147837.7834153
7931,未来工業,プライム（内国株式）,化学,2026-03-20,連結,3700.0,94746218200.0,0.903410051837308,8.22046031102385,178000000.0,2.752808988764045,8.210207480357267,3462000000.0,75214218200.0,6.879557073868236,6723000000.0,13077043390.043623
6209,リケンＮＰＲ,プライム（内国株式）,機械,2026-03-31,連結,3965.0,112002963150.0,1.793787831713701,13.562726990282208,14067000000.0,1.1544750124404635,12.178203062369093,7445000000.0,99000963150.0,6.868936699384188,12847000000.0,24964139903.616547
3694,オプティム,プライム（内国株式）,情報・通信業,2026-03-31,連結,452.0,24678534656.0,1.4172327233981876,11.303396340389124,1250000000.0,0.570136,10.785951926214267,1483895000.0,22922854656.0,6.868105890757004,1969897000.0,3827583201.5619884
1945,東京エネシス,プライム（内国株式）,建設業,2026-03-31,連結,2074.0,68906061648.0,1.0991040080868086,9.394624048520852,18133000000.0,1.0307174764241989,7.6521567585450345,3270000000.0,77352061648.0,6.831711384368033,4737000000.0,9172870045.294706
7276,小糸製作所,プライム（内国株式）,電気機器,2026-03-31,連結,2692.5,828840352500.0,1.0925025764248089,9.355015458548852,1920000000.0,4.557291666666667,9.343927267288047,38405000000.0,705489352500.0,6.798751670458881,51438000000.0,99299220277.81155
2871,ニチレイ,プライム（内国株式）,食料品,2026-03-31,連結,2149.5,552389177968.5,0.3359220600175084,4.815532360105051,89824000000.0,1.0699812967581046,4.291655880680677,11873000000.0,590675177968.5,6.660689773987983,38999000000.0,74318571007.91508
2922,なとり,プライム（内国株式）,食料品,2026-03-31,連結,2011.0,30229772299.0,0.2308716473121103,4.185229883872662,3713080000.0,1.0209260236784556,3.8390800295907916,513026000.0,29727573299.0,6.622269467088804,1890547000.0,3589770642.7700267
3002,グンゼ,プライム（内国株式）,繊維製品,2026-03-31,連結,4160.0,131402053120.0,0.7246871355773457,7.148122813464074,11846000000.0,0.4609150768191794,6.5951193965036,4744000000.0,133312053120.0,6.61761447773922,4882000000.0,9265895257.172594
1951,エクシオグループ,プライム（内国株式）,建設業,2026-03-31,連結,2636.5,542127676000.0,0.6268750787797062,6.561250472678237,117240000000.0,0.8024564994882292,5.537298237845306,17545000000.0,617991676000.0,6.61627568741684,52016000000.0,98712472318.6135
9837,モリト,プライム（内国株式）,卸売業,2025-11-30,連結,1820.0,48776000000.0,1.0013419198868545,8.808051519321126,2389951000.0,0.7398185151076317,8.431186022642425,2034796000.0,41764472000.0,6.564486974902806,3333803000.0,6296002879.994992
8214,ＡＯＫＩホールディングス,プライム（内国株式）,小売業,2026-03-31,連結,1780.0,154236117120.0,0.5991456439554648,6.394873863732789,29965000000.0,0.6003670949441015,5.4522498555752374,4420000000.0,157193117120.0,6.485660963478013,16947000000.0,31769043460.735924
6460,セガサミーホールディングス,プライム（内国株式）,機械,2026-03-31,連結,3111.0,688244899836.0,0.1486762575548899,3.692057545329339,142000000000.0,1.3088028169014083,3.2844402609550354,9418000000.0,676468899836.0,6.479337098881965,47128000000.0,88294244923.85464
6995,東海理化電機製作所,プライム（内国株式）,輸送用機器,2026-03-31,連結,3120.0,278410080000.0,1.1707290375579829,9.824374225347896,10000000000.0,0.44099999999999995,9.499025880194775,11134000000.0,194653080000.0,6.397166749708239,35623000000.0,66226396317.90829
3107,ダイワボウホールディングス,プライム（内国株式）,卸売業,2026-03-31,連結,3781.0,334539099000.0,0.538652085956871,6.031912515741226,18369000000.0,1.1851488921552615,5.779636636400609,9461000000.0,309056099000.0,6.375093072181903,44169000000.0,81943988274.55966
5301,東海カーボン,プライム（内国株式）,ガラス・土石製品,2025-12-31,連結,1681.5,378241829376.0,1.1461754745319082,9.677052847191447,141111000000.0,1.1860875481004316,7.370011205077692,19018000000.0,455025829376.0,6.361894726114048,25850000000.0,47898421316.34084
1417,ミライト・ワン,プライム（内国株式）,建設業,2026-03-31,連結,3614.0,330049739006.0,0.674162076238804,6.8449724574328235,119576000000.0,0.5701813072857429,5.176219177808022,10530000000.0,392541739006.0,6.226935497966746,34267000000.0,62693514029.76878
4046,大阪ソーダ,プライム（内国株式）,化学,2026-03-31,連結,2099.0,280552340000.0,1.163527263092026,9.781163578552157,7172000000.0,1.3859453430005577,9.571899026288778,13996000000.0,238922340000.0,6.197108688574737,17634000000.0,32171978141.3126
5957,日東精工,プライム（内国株式）,金属製品,2025-12-31,連結,778.0,31108343226.0,0.991694387739671,8.750166326438027,2676843000.0,1.6083685147018336,8.18431266051834,1182344000.0,24355062226.0,6.117241497860093,3431865000.0,6214264236.552618
2301,学情,プライム（内国株式）,サービス業,2025-10-31,個別,1740.0,27074400000.0,0.9597334899275156,8.558400939565093,0.0,0.0,8.558400939565093,1149587000.0,22389203000.0,6.109332787040323,2332961000.0,4221271794.023182
9310,日本トランスシティ,プライム（内国株式）,倉庫・運輸関連業,2026-03-31,連結,1422.0,94428645174.0,0.8915025596552092,8.149015357931255,35353000000.0,0.33462506717958873,6.020346549807,3505000000.0,105595645174.0,6.024075804202489,8548000000.0,15342971141.61154
6279,瑞光,プライム（内国株式）,機械,2026-02-20,連結,929.0,26755200000.0,0.7209735843750472,7.125841506250283,6204342000.0,0.4805634505641372,5.8749267410338275,758229000.0,23559151000.0,6.016689442261292,162723000.0,291871256.2234811
4733,オービックビジネスコンサルタント,プライム（内国株式）,情報・通信業,2026-03-31,個別,8755.0,660162020000.0,0.433205416361179,5.399232498167073,0.0,0.0,5.399232498167073,15863846000.0,543909429000.0,5.881504155309026,23580942000.0,41760161812.57904
4272,日本化薬,プライム（内国株式）,化学,2026-03-31,連結,2077.5,332400000000.0,0.8050081242922911,7.630048745753746,49184000000.0,0.6717631750162654,6.733165444799953,12784000000.0,328216000000.0,5.803309767615527,22454000000.0,39471738467.10704
4633,サカタインクス,プライム（内国株式）,化学,2025-12-31,連結,2692.0,145831024000.0,0.9756242918873352,8.65374575132401,28896000000.0,2.5799418604651163,7.649272412212719,7167000000.0,155945024000.0,5.7299901393942925,15226000000.0,26580781318.381657
1911,住友林業,プライム（内国株式）,建設業,2025-12-31,連結,1329.5,822370202000.0,0.6780612355796481,6.8683674134778885,723231000000.0,1.2764386482327221,4.25174403897237,28770000000.0,1337024202000.0,5.705311048697547,168724000000.0,293863027072.4614
2918,わらべや日洋ホールディングス,プライム（内国株式）,食料品,2026-02-28,連結,2808.0,49492853280.0,0.4236261355469018,5.34175681328141,25494000000.0,1.1339923119165292,3.911202742726654,1242000000.0,64608853280.0,5.671414559316778,7441000000.0,12918334196.875347
1721,コムシスホールディングス,プライム（内国株式）,建設業,2026-03-31,連結,5433.0,641094000000.0,0.7897136390002807,7.538281834001684,2413000000.0,1.9726481558226274,7.517412015856045,27482000000.0,602174000000.0,5.538692372967324,50904000000.0,87270808574.91685
7942,ＪＳＰ,プライム（内国株式）,化学,2026-03-31,連結,3110.0,81503997030.0,1.177353598880282,9.864121593281691,21687000000.0,1.245907686632545,8.05288601679857,4315000000.0,86623997030.0,5.507723271847398,7765000000.0,13273454822.063578
5802,住友電気工業,プライム（内国株式）,非鉄金属,2026-03-31,連結,2180.0,1730791380000.0,2.2240410379230515,16.14424622753831,512269000000.0,3.240855878454483,13.19737643764223,182009000000.0,2007139380000.0,5.506465408186568,418173000000.0,714737761225.7351
4574,大幸薬品,プライム（内国株式）,医薬品,2025-12-31,連結,263.0,13317504700.0,0.9132388645971664,8.279433187582999,792000000.0,0.4419191919191919,7.83949491784588,475000000.0,9853504700.0,5.502634782003824,459000000.0,784234135.9762498
4183,三井化学,プライム（内国株式）,化学,2026-03-31,連結,2145.5,861820810165.0,1.3343570558855762,10.806142335313456,740191000000.0,0.7672479130386615,6.167787452927992,50774000000.0,1418898810165.0,5.471295034131696,73809000000.0,125733818981.27213
4732,ユー・エス・エス,プライム（内国株式）,サービス業,2026-03-31,連結,1977.5,937335000000.0,0.6281830215721871,6.569098129433122,2017000000.0,0.451165096678235,6.555961551316435,33105000000.0,850419000000.0,5.383279683473196,59847000000.0,101101939820.90233
5938,ＬＩＸＩＬ,プライム（内国株式）,金属製品,2026-03-31,連結,1758.5,505593369000.0,0.8088438395825361,7.653063037495216,579881000000.0,1.3876122859690176,4.305940386784554,21834000000.0,969850369000.0,5.376883684536182,28403000000.0,47953214383.31428
6448,ブラザー工業,プライム（内国株式）,電気機器,2026-03-31,連結,4844.0,1248569724920.0,1.1418456516576612,9.651073909945968,991000000.0,23.52169525731584,9.662074404344608,66125000000.0,1051886724920.0,5.373880616541305,77868000000.0,131428261080.5515
3925,ダブルスタンダード,プライム（内国株式）,情報・通信業,2026-03-31,連結,1371.0,18618180000.0,0.9717950950994804,8.630770570596882,0.0,0.0,8.630770570596882,734258000.0,13331439000.0,5.301938319873168,1721657000.0,2886092770.8274097
7966,リンテック,プライム（内国株式）,その他製品,2026-03-31,連結,5520.0,400133760000.0,0.9054211344079732,8.23252680644784,4824000000.0,4.7160033167495845,8.190636735457957,18166000000.0,349705760000.0,5.2271322862754825,25156000000.0,41871540087.98006
4826,ＣＩＪ,プライム（内国株式）,情報・通信業,2025-06-30,連結,545.0,36405066960.0,1.1004642284017248,9.40278537041035,647486000.0,0.5173084823455641,9.247513427487647,1737772000.0,28837690960.0,5.221971661727165,2170380000.0,3610772554.6621976
4674,クレスコ,プライム（内国株式）,情報・通信業,2026-03-31,連結,2050.0,86100000000.0,1.0710404177209043,9.226242506325427,1360274000.0,0.5250486299083861,9.090912404351938,4265396000.0,72196790000.0,5.208654793301271,6605787000.0,10975877292.831367
6237,イワキポンプ,プライム（内国株式）,機械,2026-03-31,連結,4045.0,90972050000.0,0.9044884744866212,8.226930846919727,3456826000.0,1.7942933777980146,7.9914466455422355,4357083000.0,85540456000.0,5.086753374086472,5924731000.0,9730796388.3944
6750,エレコム,プライム（内国株式）,電気機器,2026-03-31,連結,2007.0,185087547000.0,0.6348867142611555,6.609320285566933,500000000.0,0.5599999999999999,6.593022531802326,5104000000.0,127090547000.0,5.077919292191668,15524000000.0,25475239694.06764
3086,Ｊ．フロント　リテイリング,プライム（内国株式）,小売業,2026-02-28,連結,3047.0,824413882908.0,0.8935012682666031,8.161007609599618,176536000000.0,0.5987447319526895,6.827262871561638,40521000000.0,964850882908.0,5.064294277291303,49015000000.0,80330502527.79713
5357,ヨータイ,プライム（内国株式）,ガラス・土石製品,2026-03-31,連結,1796.0,35190824000.0,0.5034337967335049,5.820602780401029,28370000.0,1.0659146986253083,5.81677275235212,1014000000.0,29471194000.0,5.031597996727843,3595818000.0,5874858799.068286
9037,ハマキョウレックス,プライム（内国株式）,陸運業,2026-03-31,連結,1863.0,141677424000.0,0.7247282737567522,7.148369642540513,24810000000.0,0.7476823861346231,6.1945375330868275,5281000000.0,141699424000.0,5.030998358149763,14761000000.0,24115191585.22855
4071,プラスアルファ・コンサルティング,プライム（内国株式）,情報・通信業,2025-09-30,連結,2243.0,96095951800.0,1.0890873833904062,9.334524300342437,0.0,0.0,9.334524300342437,5070318000.0,81531445800.0,4.943516673221049,6378692000.0,10334459466.47944
2004,昭和産業,プライム（内国株式）,食料品,2026-03-31,連結,3755.0,123897802100.0,0.3188572133742411,4.713143280245447,31746000000.0,0.8908208908208907,3.933520545915752,3056000000.0,147294802100.0,4.876899044659922,11941000000.0,19223792793.97243
9766,コナミグループ,プライム（内国株式）,情報・通信業,2026-03-31,連結,22280.0,3197180000000.0,0.3462917539096819,4.877750523458092,39936000000.0,0.7835036057692307,4.827240178785605,79641000000.0,2909552000000.0,4.8743443466892185,135891000000.0,218717373412.12714
6371,椿本チエイン,プライム（内国株式）,機械,2026-03-31,連結,2708.0,287624804000.0,1.1110649012840923,9.466389407704554,47760000000.0,0.5554857621440535,8.197444741648754,13806000000.0,256855804000.0,4.7850051027090394,21578000000.0,34435197448.79143
7581,サイゼリヤ,プライム（内国株式）,小売業,2025-08-31,連結,7270.0,380017440000.0,0.3929037683146074,5.157422609887644,6000000000.0,8.364999999999998,5.207279073213949,9714000000.0,318865440000.0,4.7790179141045215,15499000000.0,24719911607.190094
4042,東ソー,プライム（内国株式）,化学,2026-03-31,連結,2657.5,863902640570.0,0.9981482857886356,8.788889714731813,228910000000.0,1.0681490542134462,7.171636510488655,41881000000.0,916241640570.0,4.760596748183621,95532000000.0,152099752129.4435
3104,富士紡ホールディングス,プライム（内国株式）,繊維製品,2026-03-31,連結,3400.0,38603600000.0,1.2435449928214104,10.261269956928462,224000000.0,3.125,10.220100158374033,2062000000.0,29310600000.0,4.7410670450884655,8143000000.0,12940598839.93103
2371,カカクコム,プライム（内国株式）,サービス業,2026-03-31,連結,3690.0,731425527000.0,0.4561151989842981,5.536691193905789,0.0,0.0,5.536691193905789,22664000000.0,684957527000.0,4.735923328634517,27243000000.0,43272460229.172386
7203,トヨタ自動車,プライム（内国株式）,輸送用機器,2026-03-31,連結,3116.0,49217179492000.0,1.5120621062120034,11.872372637272022,0.0,0.0,11.872372637272022,3082261000000.0,36557557492000.0,4.6991490678382934,3766216000000.0,5961241883345.661
9022,東海旅客鉄道,プライム（内国株式）,陸運業,2026-03-31,連結,3935.0,3939631495000.0,0.4877531353398205,5.726518812038923,1278285000000.0,2.516481066428848,4.940123877666333,139185000000.0,4847362495000.0,4.665098351154395,830167000000.0,1309737687646.7214
4617,中国塗料,プライム（内国株式）,化学,2026-03-31,連結,3660.0,201300000000.0,1.250979003224976,10.305874019349854,16404000000.0,1.9928066325286513,9.679484254286212,11934000000.0,179646000000.0,4.632398203322719,17437000000.0,27424174481.46725
6381,アネスト岩田,プライム（内国株式）,機械,2026-03-31,連結,1966.0,82071662830.0,1.2041676762849287,10.025006057709572,1073000000.0,4.370922646784716,9.95203887865772,4485000000.0,65048662830.0,4.576202798613716,5563000000.0,8702373996.780384
9616,共立メンテナンス,プライム（内国株式）,サービス業,2026-03-31,連結,3435.0,313419705000.0,0.4041036388451277,5.224621833070766,115542000000.0,0.7082273112807463,4.008118705276031,8745000000.0,399327705000.0,4.5514723594984545,24845000000.0,38773993496.63145
6474,不二越,プライム（内国株式）,機械,2025-11-30,連結,5600.0,139546400000.0,1.172578510617823,9.835471063706937,73212000000.0,1.0249685843850733,6.803701189915292,8027000000.0,183401400000.0,4.481935643686741,9773000000.0,15150954595.26984
1952,新日本空調,プライム（内国株式）,建設業,2026-03-31,連結,3120.0,151519680000.0,1.5197491083817942,11.918494650290764,2690000000.0,0.10408921933085502,11.712406740574059,10725000000.0,127340680000.0,4.4756617166796016,15128000000.0,23438662252.408707
4612,日本ペイントホールディングス,プライム（内国株式）,化学,2025-12-31,連結,1178.0,2792463136000.0,0.8070962063926699,7.6425772383560195,1421892000000.0,0.8025996348527172,5.334819794869292,124572000000.0,3790018136000.0,4.236138483919849,257104000000.0,389306787253.85675
3696,セレス,プライム（内国株式）,情報・通信業,2025-12-31,連結,2257.0,27346940500.0,1.2378482125855863,10.227089275513517,9416082000.0,0.4923895097769964,7.733748820724854,1238673000.0,23648802500.0,4.189145539366324,2334025000.0,3518278928.264342
4151,協和キリン,プライム（内国株式）,医薬品,2025-12-31,連結,2663.5,1400027490750.0,0.8171590986031596,7.7029545916189575,0.0,0.0,7.7029545916189575,61634000000.0,1181258490750.0,4.176084170421756,,
2810,ハウス食品グループ本社,プライム（内国株式）,食料品,2026-03-31,連結,3739.0,368284022000.0,0.2352228267598284,4.21133696055897,12673000000.0,2.1762802809121755,4.143638317899054,6777000000.0,286154022000.0,4.170155222066841,18246000000.0,27453693670.168217
6455,モリタホールディングス,プライム（内国株式）,輸送用機器,2026-03-31,連結,2512.0,114090016000.0,0.4248363343264774,5.349018005958865,908000000.0,3.700440528634361,5.3360011870477395,2935000000.0,88730016000.0,4.162397814977281,15456000000.0,23238430714.568546
5480,日本冶金工業,プライム（内国株式）,鉄鋼,2026-03-31,連結,5580.0,86473260000.0,1.2091167072086393,10.054700243251837,77131000000.0,0.8794129468047865,5.7290238552271155,5584000000.0,152570260000.0,4.030928862929029,10973000000.0,16291089934.064814
6036,ＫｅｅＰｅｒ技研,プライム（内国株式）,サービス業,2025-06-30,個別,3290.0,93043963600.0,0.6090542256063282,6.4543253536379686,1449421000.0,0.4340767796244155,6.36198159068215,3789084000.0,90320642600.0,3.964706251770622,7098726000.0,10472243253.229485
4919,ミルボン,プライム（内国株式）,化学,2025-12-31,連結,3270.0,105639096180.0,0.3159935699226054,4.6959614195356325,0.0,0.0,4.6959614195356325,2682960000.0,94125495180.0,3.958471601149849,5652803000.0,8334176800.441162
6702,富士通,プライム（内国株式）,電気機器,2026-03-31,連結,3904.0,6792094346560.0,0.662123101530255,6.77273860918153,0.0,0.0,6.77273860918153,287830000000.0,6341728346560.0,3.9463205888738195,348329000000.0,512956862351.9397
4927,ポーラ・オルビスホールディングス,プライム（内国株式）,化学,2025-12-31,連結,1399.5,320676050322.0,0.5304806160845397,5.982883696507238,37000000.0,217.56756756756752,6.007293783017186,10151000000.0,258765050322.0,3.910248232160629,15693000000.0,23029780458.598553
9409,テレビ朝日ホールディングス,プライム（内国株式）,情報・通信業,2026-03-31,連結,3130.0,339695770000.0,0.3375158609440644,4.825095165664386,0.0,0.0,4.825095165664386,8869000000.0,295465770000.0,3.7655497366184565,26181000000.0,37889436221.30966
7715,長野計器,プライム（内国株式）,精密機器,2026-03-31,連結,4005.0,75664398420.0,1.553897589376264,12.123385536257583,9114502000.0,3.5827826907054265,11.205193140138382,5988283000.0,71293502420.0,3.7465708464228142,6978959000.0,10081569654.259007
3763,プロシップ,プライム（内国株式）,情報・通信業,2026-03-31,連結,2257.0,72095351000.0,0.3315470683474901,4.78928241008494,0.0,0.0,4.78928241008494,2035504000.0,68279248000.0,3.7316133909316984,2925192000.0,4219545793.7604256
9793,ダイセキ,プライム（内国株式）,サービス業,2026-02-28,連結,3805.0,182640000000.0,0.33442751256649,4.8065650753989395,7085000000.0,0.4347212420606916,4.6433050223790335,4949000000.0,171424000000.0,3.631326812915836,14588000000.0,20840413907.17053
7202,いすゞ自動車,プライム（内国株式）,輸送用機器,2026-03-31,連結,2227.5,1534194565447.5,1.305816898542031,10.634901391252185,744012000000.0,0.28893351182507804,7.256136545845674,96219000000.0,1892775565447.5,3.5699156686029743,203703000000.0,289290153076.0974
7508,Ｇ‐７ホールディングス,プライム（内国株式）,小売業,2026-03-31,連結,1445.0,63682595000.0,0.7140624182133692,7.084374509280216,20309000000.0,0.5307991530848392,5.4997330709437735,2289000000.0,63258595000.0,3.537602899382486,7270000000.0,10292371906.61993
4251,恵和,プライム（内国株式）,化学,2025-12-31,連結,1180.0,22756479360.0,1.1110388181833448,9.466232909100068,2070970000.0,0.7755206497438397,8.741301237433618,1107179000.0,17289116360.0,3.4622579420942157,4286668000.0,6024754716.997251
7085,カーブスホールディングス,プライム（内国株式）,サービス業,2025-08-31,連結,929.0,87193610997.0,1.0517915642001474,9.110749385200883,5374000000.0,0.7945664309639002,8.62795452083393,5327000000.0,84184610997.0,3.414801055917749,6342000000.0,8872647868.025955
2127,日本Ｍ＆Ａセンターホールディングス,プライム（内国株式）,サービス業,2026-03-31,連結,688.5,231979609800.0,1.274554125980245,10.447324755881471,4000000000.0,0.9274999999999999,10.285957851953631,15296000000.0,196539609800.0,3.406073609724325,18761000000.0,26225058379.870995
3946,トーモク,プライム（内国株式）,パルプ・紙,2026-03-31,連結,4595.0,88871895000.0,0.8885349401310271,8.131209640786162,70212000000.0,0.8504244288725573,4.917820307448064,4300000000.0,135258895000.0,3.374878803288317,11378000000.0,15856818798.104095
4911,資生堂,プライム（内国株式）,化学,2025-12-31,連結,3766.0,1506400000000.0,0.6577876555233244,6.746725933139946,211617000000.0,0.924878436042473,6.0296190000925565,66916000000.0,1626178000000.0,3.3733143558861145,-28788000000.0,-40113993750.664246
4631,ＤＩＣ,プライム（内国株式）,化学,2025-12-31,連結,4953.0,471312621000.0,1.1916336460869072,9.949801876521445,420156000000.0,1.0559411266291567,5.758057075633221,32202000000.0,824158621000.0,3.303767159067006,52192000000.0,72237969613.18703
9076,セイノーホールディングス,プライム（内国株式）,陸運業,2026-03-31,連結,2771.0,520060678693.0,0.6117585610290587,6.470551366174352,91258000000.0,1.0033092989107804,5.654398361262002,20139000000.0,527254678693.0,3.303053502041642,37605000000.0,52044780571.8821
7447,ナガイレーベン,プライム（内国株式）,卸売業,2025-08-31,連結,1712.0,61180032000.0,0.3701328913216906,5.020797347930143,0.0,0.0,5.020797347930143,1865900000.0,56433919000.0,3.2244898763464147,3583439000.0,4921839747.100146
4634,ａｒｔｉｅｎｃｅ,プライム（内国株式）,化学,2025-12-31,連結,5100.0,256461374400.0,0.7062616417193741,7.0375698503162445,63436000000.0,1.35948042121193,5.91159849246986,11182000000.0,274105374400.0,3.176110197871107,20765000000.0,28387257826.063015
9474,ゼンリン,プライム（内国株式）,情報・通信業,2026-03-31,連結,921.0,52774221000.0,0.134849958744367,3.609099752466202,1939000000.0,0.7220216606498194,3.5067836336613527,893000000.0,43177221000.0,3.0600409614900737,3502000000.0,4733901848.246889
7988,ニフコ,プライム（内国株式）,化学,2026-03-31,連結,5063.0,507474616000.0,1.1971827541832227,9.983096525099336,25225000000.0,0.7659068384539148,9.546633642712669,28599000000.0,391040616000.0,3.0559361730862267,48078000000.0,64964563009.93796
6413,理想科学工業,プライム（内国株式）,機械,2026-03-31,連結,1147.0,82584000000.0,0.6482070563640645,6.689242338184387,5974000000.0,1.0780046869768998,6.31071601951963,3300000000.0,73025000000.0,2.904359113674093,5111000000.0,6805242462.634964
6078,バリューＨＲ,プライム（内国株式）,サービス業,2025-12-31,連結,1632.0,44707334400.0,0.0810107358700602,3.286064415220361,5014134000.0,0.8378415893950979,3.0391747374700846,765875000.0,44890435400.0,2.866296971016913,883326000.0,1171796173.6566124
1942,関電工,プライム（内国株式）,建設業,2026-03-31,連結,5474.0,1123748362212.0,0.9688389448337268,8.61303366900236,8106000000.0,2.9533678756476682,8.572500847419843,69151000000.0,1054703362212.0,2.8290333535464174,83140000000.0,109892373224.44833
6727,ワコム,プライム（内国株式）,電気機器,2026-03-31,連結,840.0,113400000000.0,1.3077871083106158,10.646722649863694,2168000000.0,3.3902214022140225,10.510594182598494,8243000000.0,99069000000.0,2.8027827596860955,13382000000.0,17642890249.381435
4776,サイボウズ,プライム（内国株式）,情報・通信業,2025-12-31,連結,3345.0,176474841000.0,0.6202257409693697,6.521354445816218,35000000.0,0.0,6.52006133148157,7836000000.0,164815841000.0,2.765719409249201,10101000000.0,13269270261.438164
3106,倉敷紡績,プライム（内国株式）,繊維製品,2026-03-31,連結,10850.0,184450000000.0,0.7709834138712389,7.425900483227434,6972000000.0,1.897590361445783,7.224547565751585,9511000000.0,175923000000.0,2.702762899953537,9182000000.0,11988326419.747202
6644,大崎電気工業,プライム（内国株式）,電気機器,2026-03-31,連結,1554.0,72909297720.0,0.9358968030276914,8.415380818166149,465000000.0,48.02150537634409,8.666379444276783,3690000000.0,54966297720.0,2.6808013209493775,6526000000.0,8502361416.523
7637,白銅,プライム（内国株式）,卸売業,2026-03-31,連結,3755.0,42594091500.0,1.5606727486375451,12.164036491825271,0.0,0.0,12.164036491825271,3462552000.0,34924053500.0,2.672804921432148,2872207000.0,3739125165.350277
7943,ニチハ,プライム（内国株式）,ガラス・土石製品,2026-03-31,連結,3085.0,106392395000.0,0.6711282052360136,6.8267692314160815,15666000000.0,1.523681858802502,6.146126439256113,4352000000.0,97362395000.0,2.63603002641718,9355000000.0,12135068806.342552
4684,オービック,プライム（内国株式）,情報・通信業,2026-03-31,連結,5041.0,2510418000000.0,0.2994331930103853,4.596599158062311,0.0,0.0,4.596599158062311,71609000000.0,2303033000000.0,2.597728302294844,88823000000.0,114789690686.77168
6258,平田機工,プライム（内国株式）,機械,2026-03-31,連結,3500.0,112938945000.0,2.018879881293049,14.913279287758293,22893774000.0,0.8425644456872858,12.541746361197209,12699678000.0,122829584000.0,2.5585926732063835,8315381000.0,10705394608.659624
7717,ブイ・テクノロジー,プライム（内国株式）,精密機器,2026-03-31,連結,5580.0,56121408000.0,2.1782990080539903,15.869794048323943,21109000000.0,0.6035340376142877,11.697143781267602,4634000000.0,48329408000.0,2.508247925470697,3768000000.0,4827241207.459781
7482,シモジマ,プライム（内国株式）,卸売業,2026-03-31,連結,1542.0,36464947692.0,0.7809433323864045,7.485659994318427,77000000.0,0.9090909090909091,7.4718020625018,1623000000.0,28307947692.0,2.459042369271247,3456000000.0,4406326335.833273
4188,三菱ケミカルグループ,プライム（内国株式）,化学,2026-03-31,連結,1183.5,1705976194500.0,1.2919378415216944,10.551627049130166,1890521000000.0,1.3495168792094876,5.714480909504945,127443000000.0,3069393194500.0,2.4395305163511627,30078000000.0,38275841645.224754
9824,泉州電業,プライム（内国株式）,卸売業,2025-10-31,連結,7180.0,129240000000.0,1.2717303183955873,10.430381910373523,475000000.0,0.7368421052631579,10.394885387940286,8288000000.0,98358000000.0,2.4361133748151853,8952000000.0,11388092730.50379
4041,日本曹達,プライム（内国株式）,化学,2026-03-31,連結,4020.0,222284026680.0,0.7097703810121747,7.0586222860730485,52270000000.0,0.8932466041706524,5.884848982545267,10888000000.0,252647026680.0,2.42736507097957,14970000000.0,19027503361.08665
3232,三重交通グループホールディングス,プライム（内国株式）,不動産業,2026-03-31,連結,623.0,66848886209.0,0.566215659190981,6.197293955145886,80992891000.0,0.5949830831449145,3.128152320284185,2698546000.0,145268085209.0,2.399923159781958,9756188000.0,12367344770.097363
4318,クイック,プライム（内国株式）,サービス業,2026-03-31,連結,873.0,49369920444.0,0.6495501837526905,6.697301102516143,80001000.0,1.2284846439419508,6.688453549825935,1841653000.0,36311156444.0,2.3361140882877662,4583690000.0,5774367988.675013
2579,コカ・コーラ　ボトラーズジャパンホールディングス,プライム（内国株式）,食料品,2025-12-31,連結,3922.0,671717018000.0,0.3707628317826197,5.024576990695718,113902000000.0,0.4025390247756843,4.35445654257512,21093000000.0,709289018000.0,2.2888961981959555,-72385000000.0,-90768153414.83751
3393,スターティアホールディングス,プライム（内国株式）,卸売業,2026-03-31,連結,3000.0,30721200000.0,1.8210901136453104,13.726540681871864,2894992000.0,0.5590585397127177,12.592570615848514,2752520000.0,25945305000.0,2.2294972328082197,3242718000.0,4042699228.3469553
2325,ＮＪＳ,プライム（内国株式）,サービス業,2025-12-31,連結,4895.0,49184960000.0,0.5303743056813205,5.982245834087923,691000.0,2.0260492040520983,5.982190254222337,1412006000.0,31358310000.0,2.13294238750249,3268215000.0,4036166350.6354036
2676,高千穂交易,プライム（内国株式）,卸売業,2026-03-31,連結,2086.0,42436749600.0,0.6529718688922244,6.717831213353346,799400000.0,0.770140105078809,6.607863412891422,1824018000.0,35886345600.0,2.1235930158178706,2098466000.0,2589183310.3417153
9143,ＳＧホールディングス,プライム（内国株式）,陸運業,2026-03-31,連結,1508.5,966034349000.0,0.541673986791015,6.05004392074609,349947000000.0,1.0279556618573669,4.714565480060886,40931000000.0,1223085349000.0,2.116485821921621,90247000000.0,111273406139.40858
1928,積水ハウス,プライム（内国株式）,建設業,2026-01-31,連結,3428.0,2273182785048.0,0.6871048302744724,6.9226289816468345,1828889000000.0,1.4997137606492246,4.504848280742049,116629000000.0,3667146785048.0,2.0229155073853033,341402000000.0,417103047501.0156
4902,コニカミノルタ,プライム（内国株式）,電気機器,2026-03-31,連結,660.7000122070312,332110110936.03516,1.29936168625534,10.59617011753204,329639000000.0,1.6000837279569466,6.114923565982405,25751000000.0,550987110936.0352,2.002152666804491,49869000000.0,60802863428.18134
3105,日清紡ホールディングス,プライム（内国株式）,電気機器,2025-12-31,連結,2157.0,365240496000.0,1.261918386806094,10.371510320836563,150591000000.0,1.345233114860782,7.7363937735424075,29412000000.0,471776496000.0,1.8949560509848529,26401000000.0,31852772544.35159
7914,共同印刷,プライム（内国株式）,その他製品,2026-03-31,連結,1755.0,52650000000.0,0.7875911161079585,7.5255466966477504,4547000000.0,2.678689245656477,7.140235214757838,2544000000.0,44831000000.0,1.8937880472393975,2134000000.0,2574373140.939243
7840,フランスベッドホールディングス,プライム（内国株式）,その他製品,2026-03-31,連結,1305.0,45344835000.0,0.4078101814549514,5.246861088729708,7560000000.0,0.6666666666666666,4.592360043016276,1339000000.0,40549835000.0,1.8744673395391875,4335000000.0,5219664773.18369
7990,グローブライド,プライム（内国株式）,その他製品,2026-03-31,連結,2472.0,56361600000.0,1.3877421963266432,11.12645317795986,28526000000.0,1.361915445558438,7.845135254558998,4648000000.0,73037600000.0,1.837981306760661,6501000000.0,7799701547.557783
6923,スタンレー電気,プライム（内国株式）,電気機器,2026-03-31,連結,3618.0,455868000000.0,1.0509066686269044,9.105440011761427,116700000000.0,0.5386461011139674,7.359368192566923,26119000000.0,436643000000.0,1.6704961297266396,42674000000.0,50363137889.484436
5444,大和工業,プライム（内国株式）,鉄鋼,2026-03-31,連結,12225.0,757950000000.0,0.7123498949711679,7.074099369827007,744000000.0,19.569892473118276,7.086353150756932,39192000000.0,683236000000.0,1.6383445986839607,4495000000.0,5288171437.665399
5929,三和ホールディングス,プライム（内国株式）,金属製品,2026-03-31,連結,3586.0,792506000000.0,0.8634158658880723,7.980495195328434,34580000000.0,2.8522267206477734,7.7660851776827995,47163000000.0,735503000000.0,1.5808711046211843,79095000000.0,92526973800.02382
5214,日本電気硝子,プライム（内国株式）,ガラス・土石製品,2025-12-31,連結,4796.0,429353487816.0,0.6433895779361817,6.66033746761709,87394000000.0,1.0997322470650157,5.719909997521742,17720000000.0,396434487816.0,1.5470691016382987,34131000000.0,39794490066.24041
7516,コーナン商事,プライム（内国株式）,小売業,2026-02-28,連結,4420.0,153294939460.0,0.1656981406039755,3.7941888436238527,181270000000.0,1.093617256026921,2.3309972358187454,4030000000.0,321264939460.0,1.5287590780167615,22397000000.0,26066374532.444504
4553,東和薬品,プライム（内国株式）,医薬品,2026-03-31,連結,3935.0,202715460000.0,0.7233224438859402,7.139934663315642,212207000000.0,0.7458283656995293,3.86974746954883,10069000000.0,370111460000.0,1.4965425534851806,23102000000.0,26801682834.502483
4725,ＣＡＣ　Ｈｏｌｄｉｎｇｓ,プライム（内国株式）,情報・通信業,2025-12-31,連結,1955.0,40158437000.0,0.3687846576353402,5.012707945812041,2713000000.0,0.8514559528197567,4.749374653368681,1114000000.0,31112437000.0,1.4276065894546108,2580000000.0,2972908074.4813857
5393,ニチアス,プライム（内国株式）,ガラス・土石製品,2026-03-31,連結,3414.0,217338654000.0,1.066479022151605,9.19887413290963,9750000000.0,1.5364102564102562,8.86988797935275,12905000000.0,170457654000.0,1.3979672177937608,37014000000.0,42526388856.694695
4043,トクヤマ,プライム（内国株式）,化学,2026-03-31,連結,4009.0,289000792000.0,0.9441389187070606,8.464833512242365,126945000000.0,0.7841191066997519,6.1207100496071005,18226000000.0,369479792000.0,1.3424460365230595,37017000000.0,42297533454.000206
7033,マネジメントソリューションズ,プライム（内国株式）,サービス業,2025-12-31,連結,1702.0,28678529800.0,1.1417595220438193,9.650557132262914,323299000.0,1.775662776562872,9.56277144509606,2160870000.0,26018751800.0,1.2919430450717528,2742683000.0,3118348402.682133
9735,セコム,プライム（内国株式）,サービス業,2026-03-31,連結,6437.0,3003502886852.0,0.4010460680671615,5.206276408402969,40529000000.0,2.5527400133237923,5.17094656280553,106359000000.0,2637356886852.0,1.2856939191869698,160333000000.0,182181384063.91516
4687,ＴＤＣソフト,プライム（内国株式）,情報・通信業,2026-03-31,連結,1026.0,51533107200.0,0.8718244343746018,8.03094660624761,298000000.0,1.341979865771812,7.9924887727892155,2651825000.0,38659672200.0,1.1241348031712284,5159962000.0,5770250833.007283
7059,コプロ・ホールディングス,プライム（内国株式）,サービス業,2026-03-31,連結,929.0,37160000000.0,1.05451552626669,9.12709315760014,29243000000.0,0.11896864206818725,5.160034663139033,2352694000.0,57576026000.0,1.0956235267712944,3632517000.0,4050710516.304605
8037,カメイ,プライム（内国株式）,卸売業,2026-03-31,連結,4585.0,151263735000.0,1.0393545773476611,9.036127464085967,36995000000.0,1.3604541154210028,7.527769641890569,8312000000.0,129358735000.0,1.0768475453907134,16975000000.0,18894119889.726734
9621,建設技術研究所,プライム（内国株式）,サービス業,2025-12-31,連結,3210.0,90901332120.0,0.7122479296250231,7.0734875777501385,1458000000.0,4.945130315500687,7.039888970905214,4604000000.0,77266332120.0,1.0465407836417362,9136000000.0,10138427411.062574
6785,鈴木,プライム（内国株式）,電気機器,2025-06-30,連結,2919.0,42045276000.0,0.9431846849083227,8.459108109449936,2454542000.0,1.4376775789536296,8.071816724636058,2675537000.0,38342798000.0,1.0458743951121563,4292614000.0,4763297440.694706
2294,柿安本店,プライム（内国株式）,食料品,2026-04-30,連結,2595.0,32297370000.0,0.449103161337478,5.494618968024868,0.0,0.0,5.494618968024868,1079000000.0,24245370000.0,0.9994071106407598,1426000000.0,1575098686.539118
6071,ＩＢＪ,プライム（内国株式）,サービス業,2025-12-31,連結,919.0,38598000000.0,0.6893522432456382,6.9361134594738285,9004738000.0,0.35679661085086534,5.691541677891949,1976484000.0,42533295000.0,0.9951892533256124,3608697000.0,3984348261.7394633
9065,山九,プライム（内国株式）,陸運業,2026-03-31,連結,8385.0,443574885000.0,0.8796401455171036,8.077840873102621,62015000000.0,1.5497863420140288,7.277118165318506,28812000000.0,463060885000.0,0.9850823201617342,43240000000.0,47693360446.49046
1975,朝日工業社,プライム（内国株式）,建設業,2026-03-31,連結,3905.0,106216000000.0,1.6452315545175362,12.671389327105217,7991000000.0,0.6569891127518458,11.830748454716504,9453000000.0,87941000000.0,0.9632916809629077,11682000000.0,12857372168.986834
3950,ザ・パック,プライム（内国株式）,パルプ・紙,2025-12-31,連結,1527.0,91161900000.0,0.5272363741042815,5.9634182446256885,462000000.0,1.0606060606060606,5.938696537418103,3340000000.0,68072900000.0,0.9576946209575499,7207000000.0,7927728538.597684
5121,藤倉コンポジット,プライム（内国株式）,ゴム製品,2026-03-31,連結,2693.0,54061888824.0,1.2507743749801492,10.304646249880896,2800000000.0,1.27145,9.859832508678002,3967655000.0,44982887824.0,0.9214054024434426,4838502000.0,5303271024.557224
6277,ホソカワミクロン,プライム（内国株式）,機械,2025-09-30,連結,5600.0,88088000000.0,1.4660340307346396,11.596204184407839,1285000000.0,2.723735408560311,11.468636324126054,6154000000.0,58289000000.0,0.7209788964863351,7051000000.0,7576176687.580178
9101,日本郵船,プライム（内国株式）,海運業,2026-03-31,連結,7115.0,2908469700000.0,0.6624385554831155,6.774631332898693,886668000000.0,1.7943130912585092,5.611066486574772,168058000000.0,3584322700000.0,0.673677426384367,138601000000.0,148226444928.79373
3984,ユーザーローカル,プライム（内国株式）,情報・通信業,2025-06-30,個別,1566.0,25397857800.0,1.208148411914116,10.048890471484697,0.0,0.0,10.048890471484697,1546600000.0,16852061800.0,0.6526827926434664,1971441000.0,2103959302.0817044
9052,山陽電気鉄道,プライム（内国株式）,陸運業,2026-03-31,連結,2031.0,45352230000.0,0.1634913738659835,3.7809482431959007,36523000000.0,0.8088054102894068,2.4551312325292574,1106000000.0,74070230000.0,0.6155812049315812,4478000000.0,4761419997.459211
9742,アイネス,プライム（内国株式）,情報・通信業,2026-03-31,連結,2367.0,49470300000.0,0.681271448331232,6.887628689987392,3749000000.0,1.0269405174713255,6.474776210553,2515000000.0,44946300000.0,0.5975501491856883,-647000000.0,-686717832.9699048
1605,ＩＮＰＥＸ,プライム（内国株式）,鉱業,2025-12-31,連結,3876.0,4880411395692.0,0.6620931976162779,6.772559185697667,1244746000000.0,2.895779540564902,5.984725397205242,303893000000.0,5956750395692.0,0.5881706779338081,1135440000000.0,1204018860582.5906
3771,システムリサーチ,プライム（内国株式）,情報・通信業,2026-03-31,連結,1960.0,32771200000.0,0.731044674377117,7.186268046262701,956937000.0,0.8568066654335657,7.0066881369013725,1559183000.0,25298362000.0,0.5388968482915479,3470309000.0,3661923802.7249603
3445,ＲＳ　Ｔｅｃｈｎｏｌｏｇｉｅｓ,プライム（内国株式）,金属製品,2025-12-31,連結,5620.0,149258781240.0,1.3112663466139969,10.66759807968398,20765000000.0,0.6472429568986274,9.443812368019744,6417000000.0,74135781240.0,0.508931773559762,14281000000.0,15024678639.081934
4665,ダスキン,プライム（内国株式）,サービス業,2026-03-31,連結,4682.0,224736000000.0,0.0288970358387629,2.973382215032577,3000000.0,0.0,2.9733425238946563,4112000000.0,200556000000.0,0.4703130034355074,8748000000.0,9168247462.099737
3167,ＴＯＫＡＩホールディングス,プライム（内国株式）,卸売業,2026-03-31,連結,1295.0,180884305000.0,0.2126248242798041,4.075748945678824,47847000000.0,0.7768512132422094,3.3856713028135648,5598000000.0,223517305000.0,0.3453469733662895,18699000000.0,19354892860.178513
2212,山崎製パン,プライム（内国株式）,食料品,2025-12-31,連結,3645.0,802931024700.0,0.1487421190944846,3.6924527145669073,95432000000.0,1.0782546734847849,3.4147496695870005,18928000000.0,742940024700.0,0.28874966112159006,61141000000.0,62929561549.313324
6282,オイレス工業,プライム（内国株式）,機械,2026-03-31,連結,2936.0,97768800000.0,0.702672098760574,7.016032592563444,1447000000.0,0.4353835521769177,6.920057967942776,4394000000.0,70826800000.0,0.26820826946184484,6958000000.0,7146887877.196706
7102,日本車輌製造,プライム（内国株式）,輸送用機器,2026-03-31,連結,3750.0,55031250000.0,1.017939542854834,8.907637257129004,30519000000.0,0.5091909957731249,5.911594797284408,3710000000.0,71841250000.0,0.2551705229375867,11615000000.0,11914807064.87398
9956,バローホールディングス,プライム（内国株式）,小売業,2026-03-31,連結,3295.0,177888809205.0,0.1845127468650798,3.9070764811904786,108298000000.0,0.9411069456499658,2.784702708436054,4815000000.0,254447809205.0,0.2537407695733962,27580000000.0,28287862097.219795
7241,フタバ産業,プライム（内国株式）,輸送用機器,2026-03-31,連結,1115.0,99881700000.0,1.5077040886346855,11.846224531808112,53651000000.0,1.2081787851111814,8.12882887371028,9973000000.0,133306700000.0,0.21489470395804622,18715000000.0,19121086951.04315
2331,ＡＬＳＯＫ,プライム（内国株式）,サービス業,2026-03-31,連結,1202.5,613515752525.0,0.0705568574546149,3.2233411447276894,53084000000.0,2.5595282947780875,3.1704790769077604,13931000000.0,599785752525.0,0.13949709705206592,46919000000.0,47577630329.23812
8163,ＳＲＳホールディングス,プライム（内国株式）,小売業,2026-03-31,連結,1577.0,65398480168.0,0.1177325177093778,3.5063951062562664,15064544000.0,0.7337095633296301,2.9872840761715462,1430000000.0,67176024168.0,0.13534913398486337,3051279000.0,3092830246.0944715
8242,エイチ・ツー・オー　リテイリング,プライム（内国株式）,小売業,2026-03-31,連結,3037.0,380235437000.0,0.6953295907816838,6.971977544690103,134095000000.0,0.4786904806294045,5.279063289150488,20778000000.0,456518437000.0,0.1340003861307948,32386000000.0,32822599892.11088
9364,上組,プライム（内国株式）,倉庫・運輸関連業,2026-03-31,連結,4868.0,518811968000.0,0.4246117489139928,5.347670493483957,70591000000.0,0.3559943902197164,4.749832635623821,20865000000.0,520213968000.0,0.08629455984584533,36544000000.0,36860582265.121635
6572,オープングループ,プライム（内国株式）,サービス業,2026-02-28,連結,282.0,17786865180.0,0.7678045524749011,7.406827314849406,4059101000.0,0.7422160719824413,6.168505789601465,636733000.0,11533535180.0,0.04994366694243135,1004762000.0,1009791443.0183787
3150,グリムス,プライム（内国株式）,電気・ガス業,2026-03-31,連結,2488.0,59306953600.0,0.796770813935992,7.580624883615952,3658513000.0,0.5666564530452672,7.173088879033522,3078098000.0,46642086600.0,0.001070345697928854,7152530000.0,7153295604.846548
2734,サーラコーポレーション,プライム（内国株式）,小売業,2025-11-30,連結,1236.0,81626676000.0,0.7342223658840367,7.20533419530422,60277000000.0,0.42852165834397865,4.326720047983945,3964000000.0,110392676000.0,-0.003627929494470772,7381000000.0,7378322662.362856
9107,川崎汽船,プライム（内国株式）,海運業,2026-03-31,連結,3382.0,2161679704000.0,1.1192101906608138,9.515261143964882,236017000000.0,2.371524085129461,8.812068206091467,174102000000.0,2077980704000.0,-0.10649909257952062,84164000000.0,83271944528.20683
3932,アカツキ,プライム（内国株式）,情報・通信業,2026-03-31,連結,3870.0,56191626000.0,0.8846568445668527,8.107941067401116,11654000000.0,0.40243693152565635,6.784348811070655,2101000000.0,33603626000.0,-0.12558491643018255,7444000000.0,7351041138.890989
2760,東京エレクトロン　デバイス,プライム（内国株式）,卸売業,2026-03-31,連結,4005.0,125502682500.0,1.6771466939732775,12.862880163839666,26433000000.0,0.5879014867778912,10.727341585726036,15066000000.0,144313682500.0,-0.19464775346791918,10253000000.0,10055166699.447039
1946,トーエネック,プライム（内国株式）,建設業,2026-03-31,連結,2176.0,210310291200.0,1.07677678438628,9.26066070631768,43617000000.0,2.8165623495426093,8.153760236111513,16106000000.0,207881291200.0,-0.21228710643113602,21421000000.0,20970579385.312557
6651,日東工業,プライム（内国株式）,電気機器,2026-03-31,連結,4405.0,178217490000.0,0.991196492902274,8.747178957413643,24000000000.0,0.9070833333333334,7.816684295562547,12429000000.0,167800490000.0,-0.2411821595159347,15446000000.0,15077487283.436832
4220,リケンテクノス,プライム（内国株式）,化学,2026-03-31,連結,2635.0,135109153335.0,0.7947848719454665,7.568709231672799,11416307000.0,2.2619214777598393,7.15523898531426,8142941000.0,119997845335.0,-0.3993371452109151,11408926000.0,10961425851.243916
3101,東洋紡,プライム（内国株式）,化学,2026-03-31,連結,1641.0,146127768000.0,1.524026290305223,11.94415774183134,242471000000.0,0.8429874088035268,5.017445427036799,16032000000.0,358470768000.0,-0.40158803124765163,27906000000.0,26805365248.91211
3539,ＪＭホールディングス,プライム（内国株式）,小売業,2025-07-31,連結,1484.0,37811578000.0,0.2442750201652691,4.265650120991614,7619000000.0,0.5328783304895656,3.6396402940456505,978000000.0,33034578000.0,-0.40707535383333604,10048000000.0,9646382683.508167
2792,ハニーズホールディングス,プライム（内国株式）,小売業,2025-05-31,連結,1465.0,40873500000.0,0.2315782521071368,4.1894695126428205,0.0,0.0,4.1894695126428205,981898000.0,27517566000.0,-0.4114164187720426,5906119000.0,5667581172.010625
4886,あすか製薬ホールディングス,プライム（内国株式）,医薬品,2026-03-31,連結,2117.0,60891692283.0,0.7194692595042925,7.116815557025755,11434000000.0,1.3591044253979359,6.206576511937395,3601000000.0,62199692283.0,-0.4560107883191,5834000000.0,5573356649.619924
4743,アイティフォー,プライム（内国株式）,情報・通信業,2026-03-31,連結,1687.0,47087375300.0,0.5426476395570994,6.055885837342596,238789000.0,1.0386156816268757,6.030570687870125,2157147000.0,38416697300.0,-0.4935154380382556,3858688000.0,3672429766.1613564
8698,マネックスグループ,プライム（内国株式）,証券、商品先物取引業,2026-03-31,連結,765.0,192510031500.0,0.6981228022766871,6.988736813660123,0.0,0.0,6.988736813660123,9402000000.0,139724031500.0,-0.6366830412481927,,
9508,九州電力,プライム（内国株式）,電気・ガス業,2026-03-31,連結,1968.0,933194112000.0,0.8165638340047547,7.699383004028529,3253193000000.0,0.7415299368958436,2.2925158683682416,57271000000.0,3835205112000.0,-0.6408899179986494,224853000000.0,210850976599.79153
4212,積水樹脂,プライム（内国株式）,化学,2026-03-31,連結,2937.0,93434781000.0,0.6525148152382197,6.7150888914293185,14258000000.0,1.143919203254313,5.9774931428897835,5206000000.0,92390781000.0,-0.6658057843010046,5685000000.0,5317631042.025779
4290,プレステージ・インターナショナル,プライム（内国株式）,サービス業,2026-03-31,連結,726.0,92329993800.0,0.2908753228414794,4.545251937048876,6000000000.0,0.5509933333333332,4.301526185666868,2656774000.0,70268548800.0,-0.6887129176268936,8869912000.0,8277618664.418242
8276,平和堂,プライム（内国株式）,小売業,2026-02-20,連結,2687.0,138504102000.0,-0.1037233948148168,2.177659631111099,21241000000.0,0.41853020102631705,1.9437515628409943,1562000000.0,140580102000.0,-0.8113738152684291,13313000000.0,12271416114.086891
4095,日本パーカライジング,プライム（内国株式）,化学,2026-03-31,連結,1747.0,231660103428.0,0.7475154331895023,7.2850925991370135,250000000.0,2.2399999999999998,7.279653969551063,12773000000.0,178061103428.0,-0.8720894879187424,14814000000.0,13571625260.73201
7962,キングジム,プライム（内国株式）,その他製品,2025-06-20,連結,808.0,25419431136.0,0.1294754130244928,3.5768524781469564,6278288000.0,0.7212412046086449,3.0112486908713425,600968000.0,25298264136.0,-0.9352018748832125,537715000.0,489492160.0302317
3788,ＧＭＯグローバルサイン・ホールディングス,プライム（内国株式）,情報・通信業,2025-12-31,連結,2125.0,24847625000.0,0.7359084047002385,7.215450428201431,2352500000.0,0.966818278427205,6.675015149600915,1189467000.0,18168972000.0,-0.9542826985699804,1475276000.0,1340387264.6848898
2695,くら寿司,プライム（内国株式）,小売業,2025-10-31,連結,1771.0,73318691600.0,0.4091177530725742,5.2547065184354445,1172000000.0,22.158703071672353,5.520665707897362,2649000000.0,50318691600.0,-0.9808609442077232,5460000000.0,4947480624.834662
6486,イーグル工業,プライム（内国株式）,機械,2026-03-31,連結,3045.0,151510065000.0,1.1776618089265636,9.865970853559382,38165000000.0,1.2398794707192453,8.130293169061982,12935000000.0,157521065000.0,-1.0445723684565922,13468000000.0,12125490256.142704
8075,神鋼商事,プライム（内国株式）,卸売業,2026-03-31,連結,3100.0,82401100000.0,1.0497182362554942,9.098309417532965,53396000000.0,2.089669638175144,6.342482307391509,7368000000.0,118370100000.0,-1.0541244188251808,11577000000.0,10412931056.973778
5930,文化シヤッター,プライム（内国株式）,金属製品,2026-03-31,連結,1888.0,136306967456.0,0.4000985139977571,5.200591083986542,13640000000.0,2.940615835777126,4.995011318629687,5324000000.0,113242967456.0,-1.0636988040821749,15569000000.0,13989990444.989819
4951,エステー,プライム（内国株式）,化学,2026-03-31,連結,1531.0,35213000000.0,0.322476784758767,4.734860708552602,397000000.0,4.231738035264484,4.729251618373007,1143000000.0,25491000000.0,-1.294416055354758,1986000000.0,1743397687.803791
7593,ＶＴホールディングス,プライム（内国株式）,小売業,2026-03-31,連結,534.0,65458272156.0,0.6056466872234821,6.433880123340892,86921000000.0,1.646092428757147,3.702804641008453,4558000000.0,138814272156.0,-1.3120044802744923,11003000000.0,9641717281.881851
3153,八洲電機,プライム（内国株式）,卸売業,2026-03-31,連結,3090.0,67306380000.0,1.158281604385088,9.749689626310527,700000000.0,0.6,9.655510481083015,5201000000.0,51572380000.0,-1.331442083179818,7289000000.0,6374641396.930404
3837,アドソル日進,プライム（内国株式）,情報・通信業,2026-03-31,連結,1448.0,25034472000.0,0.9070766227928372,8.242459736757024,0.0,0.0,8.242459736757024,1882126000.0,22093067000.0,-1.3422475748006868,2145099000.0,1873956536.4267201
5185,フコク,プライム（内国株式）,ゴム製品,2026-03-31,連結,2067.0,32884171710.0,1.0574772390735196,9.144863434441117,16446000000.0,0.8214763468320564,6.369960787688934,2265000000.0,35390171710.0,-1.3436840006431805,3806000000.0,3324434074.300576
3697,ＳＨＩＦＴ,プライム（内国株式）,情報・通信業,2025-08-31,連結,963.2999877929688,257683392145.61096,0.5405515207793549,6.043309124676129,12036000000.0,0.6804586241276172,5.803996451934544,14169000000.0,246119392145.61096,-1.3581812958110617,15628000000.0,13630572968.498465
8217,オークワ,プライム（内国株式）,小売業,2026-02-20,連結,805.0,33759285000.0,0.4549008510090417,5.52940510605425,21781000000.0,0.6074101280932923,3.59916703444609,1419000000.0,44541285000.0,-1.4011811351238135,1878000000.0,1630845098.3265958
3563,ＦＯＯＤ　＆　ＬＩＦＥ　ＣＯＭＰＡＮＩＥＳ,プライム（内国株式）,小売業,2025-09-30,連結,5990.0,695254412160.0,0.480787370424843,5.6847242225490575,80528000000.0,0.46505563282336576,5.142910608828281,36092000000.0,716960412160.0,-1.4612250439340058,36093000000.0,31152619405.631012
2784,アルフレッサ　ホールディングス,プライム（内国株式）,卸売業,2026-03-31,連結,2314.0,442668200000.0,-0.0180798491296036,2.691520905222378,30000000000.0,0.826,2.5731172826459674,5527000000.0,281984200000.0,-1.468869496417241,36164000000.0,31189694278.74524
1929,日特建設,プライム（内国株式）,建設業,2026-03-31,連結,1181.0,49335094000.0,0.5390378094371393,6.034226856622835,519000000.0,1.4836223506743735,5.986853340245479,1945000000.0,32155094000.0,-1.5266971239831062,5827000000.0,4996087842.98703
2053,中部飼料,プライム（内国株式）,食料品,2026-03-31,連結,2002.0,60802742000.0,0.4396704434371244,5.438022660622746,9375000000.0,0.43306666666666666,4.7694137668891985,2727000000.0,58346742000.0,-1.661973645139031,6584000000.0,5568070169.586708
7611,ハイデイ日高,プライム（内国株式）,小売業,2026-02-28,個別,2995.0,114250612420.0,0.0978683407053375,3.3872100442320248,0.0,0.0,3.3872100442320248,3106936000.0,103007857420.0,-1.7156449454082734,6584163000.0,5537892172.784367
6472,ＮＴＮ,プライム（内国株式）,機械,2026-03-31,連結,372.2000122070313,222401789894.10403,1.5183055743183822,11.909833445910294,309172000000.0,1.7712147283712625,6.01304717515864,24715000000.0,400318789894.104,-1.7194974271278862,31034000000.0,26092244668.08648
2587,サントリービバレッジ＆フード,プライム（内国株式）,食料品,2025-12-31,連結,4531.0,1400079000000.0,0.1661904703586637,3.797142822151982,15456000000.0,17.925724637681157,3.951410544632047,47007000000.0,1266872000000.0,-1.7272578412115103,148739000000.0,124955565163.052
4577,ダイト,プライム（内国株式）,医薬品,2025-05-31,連結,1351.0,20735148000.0,0.6478251509163764,6.686950905498258,9668000000.0,0.8905668183698798,4.843739098801229,1353000000.0,28196148000.0,-1.751247614160717,2619000000.0,2194855534.6292396
8167,リテールパートナーズ,プライム（内国株式）,小売業,2026-02-28,連結,1418.0,66144111662.0,0.6395199208315326,6.637119524989195,13713000000.0,0.5513016845329248,5.592067702937274,3439000000.0,60312111662.0,-1.773397498221535,6468000000.0,5408305789.010678
4928,ノエビアホールディングス,プライム（内国株式）,化学,2025-09-30,連結,4935.0,168559860000.0,0.1951580922510886,3.970948553506531,0.0,0.0,3.970948553506531,5373000000.0,141836860000.0,-1.8904935991094496,11075000000.0,9150706842.881914
6200,インソース,プライム（内国株式）,サービス業,2025-09-30,連結,741.0,63165063000.0,0.7588348821929412,7.353009293157647,0.0,0.0,7.353009293157647,4315937000.0,54973805000.0,-1.9154162817834164,5978600000.0,4927277591.05777
8179,ロイヤルホールディングス,プライム（内国株式）,小売業,2025-12-31,連結,1394.0,69507435628.0,0.5211022628331172,5.926613576998703,26500000000.0,3.2543396226415093,5.189011751397887,4053000000.0,76441435628.0,-1.9577824181428005,7685000000.0,6306307308.753707
3844,コムチュア,プライム（内国株式）,情報・通信業,2026-03-31,連結,1371.0,44203233600.0,0.6696258403664814,6.817755042198889,200000000.0,0.7,6.790199593884878,2423000000.0,33577233600.0,-1.960163765422246,4660000000.0,3823065053.440563
6298,ワイエイシイホールディングス,プライム（内国株式）,機械,2026-03-31,連結,1319.0,25742923000.0,1.3600842839010323,10.960505703406195,18759000000.0,0.7873554027400181,6.672193791801908,2561000000.0,36103923000.0,-1.990216967636299,1319000000.0,1078795368.7877688
6445,ジャノメ,プライム（内国株式）,機械,2026-03-31,連結,1431.0,25913413755.0,0.6998242860545694,6.998945716327416,2669000000.0,0.9441738478831021,6.4335565838560225,1392000000.0,20432413755.0,-1.9945820981385476,1910000000.0,1561472054.0683885
3496,アズーム,プライム（内国株式）,不動産業,2025-09-30,連結,4995.0,30650319000.0,0.5506545311453103,6.103927186871862,72416000.0,0.9492377375165708,6.091777162104714,1609137000.0,24985632000.0,-2.0626996582992216,2613460000.0,2121764319.7456675
1873,日本ハウスホールディングス,プライム（内国株式）,建設業,2026-04-30,連結,330.0,13200000000.0,0.5886408342909143,6.331845005745485,10816000000.0,1.268491124260355,4.051480432871436,673000000.0,17036000000.0,-2.074616700205839,2380000000.0,1929877569.5231748
6788,日本トリム,プライム（内国株式）,電気機器,2026-03-31,連結,4935.0,42721209300.0,0.7127775537610749,7.076665322566449,1073489000.0,0.35929571704973223,6.912010177985707,2253670000.0,30085451300.0,-2.1896780331487617,2940537000.0,2356533040.765685
4554,富士製薬工業,プライム（内国株式）,医薬品,2025-09-30,連結,1830.0,45550713000.0,0.7799593347125724,7.479756008275435,25533000000.0,0.9047115497591353,5.118024986159346,3409000000.0,63838713000.0,-2.239881825104445,4990000000.0,3978484995.2720494
1375,ユキグニファクトリー,プライム（内国株式）,水産・農林業,2026-03-31,連結,1179.0,47054715300.0,0.3805981714250399,5.083589028550239,0.0,0.0,5.083589028550239,2292000000.0,43086715300.0,-2.289690974872677,4319000000.0,3425997740.4643035
7157,ライフネット生命保険,プライム（内国株式）,保険業,2026-03-31,連結,1461.0,117377862048.0,0.7099496452356757,7.059697871414055,0.0,0.0,7.059697871414055,8022000000.0,103779862048.0,-2.296667031480953,,
6436,アマノ,プライム（内国株式）,機械,2026-03-31,連結,3990.0,283713454710.0,0.5211358313308374,5.926814987985024,708000000.0,24.420903954802256,5.972851652138427,15127000000.0,235548454710.0,-2.3074086763388566,22551000000.0,17855914608.940147
4088,エア・ウォーター,プライム（内国株式）,化学,2026-03-31,連結,2505.0,575536275000.0,0.5543032498126954,6.125819498876172,468455000000.0,0.6586758600078982,3.672627758029452,33977000000.0,956852275000.0,-2.314707463396565,-37157000000.0,-29398993120.579144
4768,大塚商会,プライム（内国株式）,情報・通信業,2025-12-31,連結,3652.0,1387774608000.0,0.5282061085163672,5.969236651098203,6000000000.0,0.7816666666666666,5.946904905543409,72940000000.0,1140154608000.0,-2.3211152396329595,89943000000.0,71117141735.47806
4828,ビジネスエンジニアリング,プライム（内国株式）,情報・通信業,2026-03-31,連結,1453.0,87180000000.0,0.5087704794399504,5.8526228766397015,100000000.0,2.5984,5.848894390300748,4734985000.0,75138401000.0,-2.3689343509883996,6411787000.0,5044979240.490812
1976,明星工業,プライム（内国株式）,建設業,2026-03-31,連結,1735.0,95627995000.0,1.0001920416337078,8.801152249802247,800000000.0,0.6125,8.733216358364892,5837000000.0,59731995000.0,-2.387861098381144,7675000000.0,6027214901.722573
9532,大阪瓦斯,プライム（内国株式）,電気・ガス業,2026-03-31,連結,5657.0,2250812817000.0,0.1634338280554121,3.7806029683324724,794219000000.0,1.2146146088169636,3.111330254159697,85241000000.0,2986539817000.0,-2.4207995259359514,174809000000.0,136815827629.17255
3983,オロ,プライム（内国株式）,情報・通信業,2025-12-31,連結,2119.0,33796043307.0,0.7342749223089685,7.205649533853811,0.0,0.0,7.205649533853811,1897102000.0,23738004307.0,-2.4416460520667984,2649270000.0,2069049411.9021254
1926,ライト工業,プライム（内国株式）,建設業,2026-03-31,連結,3805.0,163502562250.0,0.699967539839246,6.999805239035475,1744000000.0,4.655963302752294,6.975068504538732,10448000000.0,135271562250.0,-2.458681241871302,17201000000.0,13410344214.596466
5406,神戸製鋼所,プライム（内国株式）,鉄鋼,2026-03-31,連結,2027.5,803591515000.0,0.9622855082694822,8.573713049616893,707073000000.0,1.3269916967554976,5.181854065538112,73121000000.0,1321636515000.0,-2.4903848770036987,129883000000.0,100931501441.49678
7994,オカムラ,プライム（内国株式）,その他製品,2026-03-31,連結,2378.0,239276787938.0,0.7146898365290811,7.088139019174487,30025000000.0,1.1726894254787676,6.428613601944043,16998000000.0,237440787938.0,-2.637079401020287,24144000000.0,18481837697.796116
9722,藤田観光,プライム（内国株式）,サービス業,2025-12-31,連結,3005.0,183416545600.0,0.3581418789678724,4.948851273807234,27655000000.0,1.1162538419815584,4.446696984483931,9288000000.0,198826545600.0,-2.6621596948053936,13795000000.0,10532676981.749758
4323,日本システム技術,プライム（内国株式）,情報・通信業,2026-03-31,連結,1975.0,49052917000.0,0.603423527361951,6.420541164171706,54860000.0,10.387714181553045,6.424973030670845,2899256000.0,40297605000.0,-2.7086787835554347,3911337000.0,2972119367.9385867
9068,丸全昭和運輸,プライム（内国株式）,陸運業,2026-03-31,連結,7450.0,153604100000.0,0.6466811286973507,6.680086772184104,23413000000.0,0.9896211506428052,5.927442696571373,8993000000.0,136615100000.0,-2.723797024388314,15462000000.0,11730911852.84452
3091,ブロンコビリー,プライム（内国株式）,小売業,2025-12-31,連結,2840.0,42824360000.0,0.3650429325350659,4.990257595210395,55000000.0,0.0,4.983856749494961,1833000000.0,34017360000.0,-2.7248072587942094,2930000000.0,2222739770.63693
5261,リソルホールディングス,プライム（内国株式）,サービス業,2026-03-31,連結,7820.0,43512044000.0,0.5236558411278391,5.941935046767035,12192000000.0,1.1999671916010497,4.904055784532793,2736000000.0,51735044000.0,-2.7299348969027912,3303000000.0,2504382377.7997966
9716,乃村工藝社,プライム（内国株式）,サービス業,2026-02-28,連結,1257.0,150710011116.0,0.7997668802689658,7.598601281613795,0.0,0.0,7.598601281613795,9809000000.0,113158011116.0,-2.7624999034595534,12818000000.0,9686304479.13289
4719,アルファシステムズ,プライム（内国株式）,情報・通信業,2026-03-31,個別,3405.0,47848422000.0,0.6491086875285447,6.694652125171268,0.0,0.0,6.694652125171268,2100546000.0,27774177000.0,-2.768374126732903,4945023000.0,3734597440.536869
2121,ＭＩＸＩ,プライム（内国株式）,情報・通信業,2026-03-31,連結,3595.0,256434405750.0,0.423898323505096,5.343389941030576,45150000000.0,0.6945736434108527,4.647418757389459,9495000000.0,190394405750.0,-2.7977776025570886,22256000000.0,16757493461.43515
9416,ビジョン,プライム（内国株式）,情報・通信業,2025-12-31,連結,1055.0,53740223000.0,0.2618713637167062,4.3712281823002375,1932916000.0,0.28258341283325294,4.229274503467452,1875524000.0,42073605000.0,-2.8384496320099704,6465163000.0,4847567211.957078
9934,因幡電機産業,プライム（内国株式）,卸売業,2026-03-31,連結,3062.0,348023858000.0,0.6442641431716578,6.665584859029947,247000000.0,6.518218623481781,6.665480344226757,20602000000.0,272068858000.0,-2.8461336757554188,29711000000.0,22259640880.08092
7282,豊田合成,プライム（内国株式）,輸送用機器,2026-03-31,連結,5407.0,635938898000.0,1.466918202787277,11.601509216723663,123337000000.0,1.8604311763704322,10.019165637232026,73163000000.0,627461898000.0,-2.8925579727952897,79551000000.0,59315853738.26541
7856,萩原工業,プライム（内国株式）,その他製品,2025-10-31,連結,1905.0,28379928000.0,0.8232750002717805,7.739650001630682,4523345000.0,0.6995597284752766,6.771820535649406,2178489000.0,28041740000.0,-2.9538457072614435,1467897000.0,1087624252.0935457
2157,コシダカホールディングス,プライム（内国株式）,サービス業,2025-08-31,連結,1016.0,85121983680.0,0.3654853739441986,4.992912243665192,8525060000.0,0.6618956347521308,4.5986427077453325,4165844000.0,83207628680.0,-2.99350066332717,11392944000.0,8407062730.468517
2359,コア,プライム（内国株式）,情報・通信業,2026-03-31,連結,2157.0,31998189060.0,0.6395405166011141,6.6372430996066845,1662984000.0,0.8453538939641031,6.351102772245309,1856681000.0,25473766060.0,-3.0369538487342638,3819602000.0,2805954462.324794
6184,鎌倉新書,プライム（内国株式）,サービス業,2026-01-31,連結,599.0,24675788228.0,0.1793602740720063,3.8761616444320377,54214000.0,1.1129966429335594,3.870104134771904,833306000.0,20536502228.0,-3.0475516976203485,1161949000.0,852658003.1301103
4022,ラサ工業,プライム（内国株式）,化学,2026-03-31,連結,2146.0,17047824000.0,1.7778266297638976,13.466959778583387,7507000000.0,1.1376049020913814,9.697579592521965,2251000000.0,19731824000.0,-3.05765269216986,6012000000.0,4407114000.279209
5901,東洋製罐グループホールディングス,プライム（内国株式）,金属製品,2026-03-31,連結,4513.0,691220106000.0,0.353680371269445,4.92208222761667,203489000000.0,1.3271479048007508,4.10446498698529,34185000000.0,779797106000.0,-3.077115995552165,52005000000.0,38045945765.286575
5105,ＴＯＹＯ　ＴＩＲＥ,プライム（内国株式）,ゴム製品,2025-12-31,連結,3735.0,575604585000.0,1.3985304158872591,11.191182495323556,64746000000.0,1.0887159052296667,10.169719694844941,63065000000.0,523554585000.0,-3.1522258342058516,97350000000.0,70669561160.70224
9936,王将フードサービス,プライム（内国株式）,小売業,2026-03-31,連結,2990.0,193925420000.0,0.1320663457007979,3.5923980742047874,3000000000.0,0.98,3.5526002958244525,6322000000.0,172398420000.0,-3.167875640584855,10410000000.0,7544758224.184979
2002,日清製粉グループ本社,プライム（内国株式）,食料品,2026-03-31,連結,2038.0,574942218000.0,0.3096798642243425,4.658079185346055,45729000000.0,5.845962080955192,4.74559846344042,28020000000.0,529260218000.0,-3.206587804064526,46685000000.0,33700423884.359978
4569,杏林製薬,プライム（内国株式）,医薬品,2026-03-31,連結,1177.0,70556019457.0,0.1626323050904463,3.7757938305426775,23317000000.0,0.7625337736415491,3.0273339945517046,2426000000.0,82071019457.0,-3.2283312824879893,3567000000.0,2569126031.616696
9069,センコーグループホールディングス,プライム（内国株式）,陸運業,2026-03-31,連結,2245.0,394428540000.0,0.3553151120895652,4.93189067253739,332839000000.0,0.9154876682119584,3.0937561676526095,19477000000.0,637908540000.0,-3.2430481547399745,36996000000.0,26605814152.751686
4326,インテージホールディングス,プライム（内国株式）,情報・通信業,2025-06-30,連結,2032.0,82145632000.0,0.6394362786451936,6.636617671871162,100000000.0,5.467,6.635195568783825,5134967000.0,65753506000.0,-3.308030529405742,4241171000.0,3029631765.2905583
4410,ハリマ化成グループ,プライム（内国株式）,化学,2026-03-31,連結,1116.0,29105280000.0,0.8849819607678895,8.109891764607337,37774000000.0,2.036586011542331,4.679635764299356,3191000000.0,60702280000.0,-3.320174719872865,3283000000.0,2342229526.831113
5020,ＥＮＥＯＳホールディングス,プライム（内国株式）,石油・石炭製品,2026-03-31,連結,1324.0,3583759508000.0,0.900400023532902,8.202400141197412,2191495000000.0,1.2070435935286183,5.547921645713344,314343000000.0,4897959508000.0,-3.3368585409260296,466627000000.0,332337169138.4478
8111,ゴールドウイン,プライム（内国株式）,繊維製品,2026-03-31,連結,2190.0,311733360000.0,0.6243946861568282,6.546368116940969,1069000000.0,4.387277829747427,6.538989440140034,20228000000.0,261846360000.0,-3.3726715142423815,25859000000.0,18348959884.22622
6058,ベクトル,プライム（内国株式）,サービス業,2026-02-28,連結,2047.0,96033037833.0,1.2162195844158248,10.09731750649495,7593000000.0,1.576451995258791,9.472967360722874,9265000000.0,81353037833.0,-3.379125015908241,9116000000.0,6464187978.763832
2533,オエノンホールディングス,プライム（内国株式）,食料品,2025-12-31,連結,467.0,30628753532.0,0.4237070140864155,5.342242084518492,2550000000.0,3.623529411764706,5.210147992698704,1948000000.0,32299753532.0,-3.4551529222175583,4136000000.0,2909856149.447682
9513,電源開発,プライム（内国株式）,電気・ガス業,2026-03-31,連結,4041.0,739709091000.0,0.1868722047564847,3.9212332285389078,1676957000000.0,1.332789093578428,2.1250771408624485,35689000000.0,2067801091000.0,-3.5750905828577704,100992000000.0,70174506704.27127
2379,ディップ,プライム（内国株式）,サービス業,2026-02-28,連結,1840.0,110657600000.0,0.226048931449725,4.15629358869835,0.0,0.0,4.15629358869835,4736763000.0,101618538000.0,-3.6011298660905853,9112764000.0,6314944818.996269
8157,都築電気,プライム（内国株式）,情報・通信業,2026-03-31,連結,4195.0,79608515000.0,1.4107909323327297,11.264745593996377,7851000000.0,1.0431792128391286,10.347183706550904,5611000000.0,43992515000.0,-3.7523046807577956,8178000000.0,5578924654.210367
9332,ＮＩＳＳＯホールディングス,プライム（内国株式）,サービス業,2026-03-31,連結,691.0,23511081520.0,0.4943905860386625,5.7663435162319745,1038000000.0,2.0231213872832368,5.608070198890822,1253000000.0,18641081520.0,-3.7563786589579875,3190000000.0,2175255325.7934437
4246,ダイキョーニシカワ,プライム（内国株式）,化学,2026-03-31,連結,1133.0,80440507400.0,1.4254195455106684,11.35251727306401,30530000000.0,1.8090402882410743,8.726933600670671,8307000000.0,76943507400.0,-3.80342884954446,10251000000.0,6956041364.158572
3031,ラクーンホールディングス,プライム（内国株式）,情報・通信業,2026-04-30,連結,655.0,13926638165.0,0.3006474474908744,4.603884684945246,881250000.0,1.0186439716312057,4.390519123063451,488942000.0,9571402165.0,-3.8825833571769888,1320744000.0,888872650.1694357
7259,アイシン,プライム（内国株式）,輸送用機器,2026-03-31,連結,2233.0,1694900373166.0,1.1173564747299114,9.504138848379469,621277000000.0,0.6039174152592162,7.116798856474475,152741000000.0,1723779373166.0,-3.9800453948339145,228796000000.0,152427522432.65442
8132,シナネンホールディングス,プライム（内国株式）,卸売業,2026-03-31,連結,7640.0,84391440000.0,0.3981143121419062,5.188685872851437,3661000000.0,1.18546845124283,5.022242115239392,4315000000.0,71375440000.0,-3.994606215098101,4403000000.0,2928903199.7198167
6197,ソラスト,プライム（内国株式）,サービス業,2026-03-31,連結,1118.0,105921324574.0,0.3829099466066704,5.097459679640022,15159000000.0,1.182136024803747,4.607269456806675,6029000000.0,108868324574.0,-4.151249423981479,7345000000.0,4806803411.629674
8935,ＦＪネクストホールディングス,プライム（内国株式）,不動産業,2026-03-31,連結,2073.0,71822194500.0,1.186378925398664,9.918273552391984,14750000000.0,0.6928813559322033,8.346469398833399,6826000000.0,63882194500.0,-4.292848163489244,14402000000.0,9286813594.672367
4189,ＫＨネオケム,プライム（内国株式）,化学,2025-12-31,連結,3380.0,125564972000.0,0.5653968470682059,6.192381082409235,14950000000.0,0.9224080267558528,5.631685691301603,9552000000.0,133795972000.0,-4.442907433409332,11248000000.0,7140104720.632288
7944,ローランド,プライム（内国株式）,その他製品,2025-12-31,連結,3775.0,100341987725.0,0.5460764518600909,6.076458711160545,22160000000.0,0.8149819494584838,5.12468374648768,6860000000.0,106625987725.0,-4.464754484314298,9412000000.0,5960986782.439298
7433,伯東,プライム（内国株式）,卸売業,2026-03-31,連結,5270.0,111391990000.0,0.7151469113172386,7.090881467903432,57378000000.0,0.5221513472062462,4.857660995084993,9106000000.0,150020990000.0,-4.502882578058482,6080000000.0,3835360625.6668077
9889,ＪＢＣＣホールディングス,プライム（内国株式）,情報・通信業,2026-03-31,連結,1782.0,126691240104.0,0.2644452494059854,4.386671496435913,1903000000.0,0.07356805044666316,4.322844097548688,5842000000.0,109975240104.0,-4.553792616122671,7308000000.0,4585485238.52587
8150,三信電気,プライム（内国株式）,卸売業,2026-03-31,連結,3295.0,53647124035.0,0.7799738612731356,7.479843167638814,19752000000.0,1.686917780477926,5.920943606485462,4870000000.0,63819124035.0,-4.588277700132432,6914000000.0,4322616729.42133
9021,西日本旅客鉄道,プライム（内国株式）,陸運業,2026-03-31,連結,2983.0,1358939357900.0,0.2966239918374144,4.579743951024486,1460600000000.0,1.0417088867588662,2.7469431424855886,75234000000.0,2584679357900.0,-4.593271743994159,198081000000.0,123774975791.95547
4194,ビジョナル,プライム（内国株式）,情報・通信業,2025-07-31,連結,9574.0,383892507600.0,0.3296075994180939,4.777645596508563,119000000.0,0.5882352941176471,4.776347354617063,18710000000.0,311232507600.0,-4.620846342323276,21442000000.0,13359799361.307783
9861,吉野家ホールディングス,プライム（内国株式）,小売業,2026-02-28,連結,3828.0,249315948024.0,-0.1465863760798986,1.9204817435206083,17153000000.0,1.5181017897743836,1.8945799512187624,3758000000.0,245537948024.0,-4.628419875132289,8089000000.0,5035987189.176323
1860,戸田建設,プライム（内国株式）,建設業,2026-03-31,連結,1518.0,482731590000.0,0.6084702489577442,6.4508214937464645,219541000000.0,0.8270892452890348,4.69275800224868,36560000000.0,617643590000.0,-4.6809552412957425,38215000000.0,23660868288.602806
9147,ＮＩＰＰＯＮ　ＥＸＰＲＥＳＳホールディングス,プライム（内国株式）,陸運業,2025-12-31,連結,5735.0,1393605000000.0,0.8213231848012071,7.727939108807242,377329000000.0,2.1957495978310706,6.5492076958990655,127755000000.0,1487540000000.0,-4.717636951306353,51481000000.0,31752079080.995667
7888,三光合成,プライム（内国株式）,化学,2025-05-31,連結,910.0,27926080000.0,1.878302358750453,14.069814152502719,18775000000.0,1.7672436750998666,9.123873700735038,4179000000.0,34672080000.0,-4.746211151974494,5656000000.0,3478019352.54464
6770,アルプスアルパイン,プライム（内国株式）,電気機器,2026-03-31,連結,2239.0,465942617000.0,0.7854836705239154,7.512902023143492,92276000000.0,0.7487320646755385,6.394754888527971,34273000000.0,404828617000.0,-4.858194285610912,42043000000.0,25550981938.110756
8160,木曽路,プライム（内国株式）,小売業,2026-03-31,連結,2485.0,70931564165.0,0.2638539014173526,4.383123408504115,7184000000.0,0.604120267260579,4.035582443308635,3153000000.0,62847564165.0,-4.859080924176301,2913000000.0,1770165650.6299086
6080,Ｍ＆Ａキャピタルパートナーズ,プライム（内国株式）,サービス業,2025-09-30,連結,4250.0,134975750000.0,0.5378570464283474,6.027142278570084,0.0,0.0,6.027142278570084,9444459000.0,118732658000.0,-4.8689685250751955,7126678000.0,4326225906.657859
4763,クリーク・アンド・リバー社,プライム（内国株式）,サービス業,2026-02-28,連結,1529.0,35180761000.0,0.2658993384381573,4.395396030628944,11545446000.0,1.0112532681717101,3.559217790862107,1460394000.0,33925187000.0,-4.923446754837229,4914413000.0,2966237645.076868
9788,ナック,プライム（内国株式）,サービス業,2026-03-31,連結,521.0,24285633500.0,0.094863813943532,3.3691828836611917,6644000000.0,0.8534015653220951,2.8287674571723858,707000000.0,22475633500.0,-4.954900128575374,2483000000.0,1493736637.4610798
4310,ドリームインキュベータ,プライム（内国株式）,サービス業,2026-03-31,連結,2571.0,24512726436.0,1.0300307729247673,8.980184637548604,0.0,0.0,8.980184637548604,2489000000.0,20654726436.0,-4.968523312889878,1790000000.0,1075295451.769881
8097,三愛オブリ,プライム（内国株式）,卸売業,2026-03-31,連結,2428.0,152964000000.0,1.1568816019867858,9.741289611920713,2916000000.0,2.8566529492455413,9.612500796752887,13718000000.0,106481000000.0,-4.97858220984701,12356000000.0,7414689360.393347
9622,スペース,プライム（内国株式）,サービス業,2025-12-31,連結,1465.0,38969467335.0,0.6630225654801382,6.778135392880829,47460000.0,9.246312684365781,6.781137671692999,2315603000.0,25471947335.0,-4.983275625944267,4830872000.0,2897517544.5560384
6013,タクマ,プライム（内国株式）,機械,2026-03-31,連結,3055.0,231229895000.0,0.9947163319752412,8.768297991851448,849000000.0,1.3191990577149586,8.74104740969454,23135000000.0,196731895000.0,-4.997620871213742,15409000000.0,9228248251.174416
3901,マークラインズ,プライム（内国株式）,情報・通信業,2025-12-31,連結,1565.0,20703072000.0,0.7969325009880737,7.581595005928442,0.0,0.0,7.581595005928442,1730198000.0,16900709000.0,-5.041757177495959,2095573000.0,1249192848.7997053
5632,三菱製鋼,プライム（内国株式）,鉄鋼,2026-03-31,連結,2448.0,38455632000.0,1.3071184904852446,10.642710942911467,43404000000.0,2.036909040641415,6.079702086896462,5289000000.0,64736632000.0,-5.089763670869591,4788000000.0,2839779957.870031
5947,リンナイ,プライム（内国株式）,金属製品,2026-03-31,連結,3624.0,511440624000.0,0.5631866167206107,6.179119700323664,12801000000.0,0.7491602218576673,6.0465302451913425,31670000000.0,389735624000.0,-5.09542169431218,50531000000.0,29952255444.26847
4801,セントラルスポーツ,プライム（内国株式）,サービス業,2026-03-31,連結,2469.0,28309554000.0,0.1933625274455208,3.9601751646731245,658000000.0,50.63829787234043,5.020471962312479,1502000000.0,22608554000.0,-5.132032060733621,2680000000.0,1582452837.6479774
9744,メイテックグループホールディングス,プライム（内国株式）,サービス業,2026-03-31,連結,3422.0,266916000000.0,0.4135903647024641,5.281542188214784,0.0,0.0,5.281542188214784,15243000000.0,214077000000.0,-5.28371635254587,19903000000.0,11565516629.6135
2767,円谷フィールズホールディングス,プライム（内国株式）,卸売業,2026-03-31,連結,2605.0,170442935750.0,0.1145962557416669,3.4875775344500015,9092000000.0,1.1240651121865377,3.367884646525711,6154000000.0,148699935750.0,-5.290055846463876,17455000000.0,10136211372.878466
6351,鶴見製作所,プライム（内国株式）,機械,2026-03-31,連結,2441.0,124068638652.0,0.4285798893168993,5.3714793359013955,15585000000.0,0.6602502406159768,4.845717843692888,6977000000.0,107500638652.0,-5.334242374772397,10715000000.0,6193288699.954439
4005,住友化学,プライム（内国株式）,化学,2026-03-31,連結,555.9000244140625,921634433076.416,0.8964616037549463,8.178769622529678,1151455000000.0,1.6786066324780382,4.568387428548363,113199000000.0,1864500433076.416,-5.348271547649625,151744000000.0,87578402487.05844
4324,電通グループ,プライム（内国株式）,サービス業,2025-12-31,連結,3662.0,973359600000.0,0.7387363473345312,7.232418084007187,468241000000.0,2.8132094370206793,5.7970311425244985,91056000000.0,1146417600000.0,-5.377170044800844,-289212000000.0,-166408549661.2032
7224,新明和工業,プライム（内国株式）,輸送用機器,2026-03-31,連結,1979.0,138530000000.0,0.9661158367872836,8.5966950207237,48960000000.0,1.0565767973856208,6.627714337942579,13896000000.0,151592000000.0,-5.402676026531089,16329000000.0,9370183564.75826
4527,ロート製薬,プライム（内国株式）,医薬品,2026-03-31,連結,3106.0,733569830860.0,0.1628595723750359,3.777157434250215,27614000000.0,3.254870717751865,3.758210072516203,32758000000.0,678332830860.0,-5.43040403136143,41118000000.0,23525958043.786995
9678,カナモト,プライム（内国株式）,サービス業,2025-10-31,連結,5530.0,214243260000.0,0.6276662491634682,6.5659974949808095,55108000000.0,0.3429629091964869,5.292793909620182,15149000000.0,208759260000.0,-5.48640089775419,17369000000.0,9879110211.03295
9706,日本空港ビルデング,プライム（内国株式）,不動産業,2026-03-31,連結,5998.0,558683710000.0,0.3751728168694946,5.051036901216968,194189000000.0,1.3193332269078062,4.088515886462134,35441000000.0,656035710000.0,-5.522598092563919,45043000000.0,25521531174.40402
5019,出光興産,プライム（内国株式）,石油・石炭製品,2026-03-31,連結,1379.5,1777826486500.0,1.027679353116464,8.966076118698783,1097553000000.0,1.15368460566369,5.9840301722197795,226746000000.0,2718291486500.0,-5.566771030625089,212203000000.0,119674030469.16118
2317,システナ,プライム（内国株式）,情報・通信業,2026-03-31,連結,456.0,194201280000.0,0.4648231837769696,5.588939102661817,1601000000.0,0.6995627732667082,5.548960551322366,12803000000.0,165983280000.0,-5.600838658036938,15367000000.0,8635161232.669302
3276,ＪＰＭＣ,プライム（内国株式）,不動産業,2025-12-31,連結,2249.0,39864874400.0,0.3462513859710396,4.877508315826237,759615000.0,0.6523436214398083,4.79850428336383,2221638000.0,33829140400.0,-5.607614990773086,2635286000.0,1479780670.7388783
7821,前田工繊,プライム（内国株式）,その他製品,2025-06-30,連結,2055.0,139905657660.0,0.6635323009701719,6.781193805821031,625000000.0,10.303999999999998,6.796861233185448,11303000000.0,118270657660.0,-5.608822093106208,12026000000.0,6752043884.933957
9404,日本テレビホールディングス,プライム（内国株式）,情報・通信業,2026-03-31,連結,3030.0,791497145400.0,0.3981630715269084,5.18897842916145,3754000000.0,4.102290889717635,5.183848697445037,47710000000.0,665700145400.0,-5.614960434237609,69332000000.0,38901410684.84342
7184,富山第一銀行,プライム（内国株式）,銀行業,2026-03-31,連結,3415.0,219615235000.0,1.007035315170445,8.84221189102267,0.0,0.0,8.84221189102267,17327000000.0,139395235000.0,-5.6341740280930255,,
8130,サンゲツ,プライム（内国株式）,卸売業,2026-03-31,連結,3230.0,191216000000.0,0.2974962239539645,4.5849773437237875,12365000000.0,1.6247472705216337,4.405180384011709,10115000000.0,168571000000.0,-5.7081685222669485,19408000000.0,10782550402.69501
2206,江崎グリコ,プライム（内国株式）,食料品,2025-12-31,連結,5207.0,356512876000.0,0.2517645663049173,4.3105873978295035,154000000.0,53.63636363636364,4.331885056939104,17179000000.0,291929876000.0,-5.711107492183593,8736000000.0,4851968492.051748
4956,コニシ,プライム（内国株式）,化学,2026-03-31,連結,1477.0,104001478000.0,0.8492028911604586,7.895217346962752,63000000.0,22.222222222222218,7.903890828293637,9521000000.0,84648478000.0,-5.76456855224457,10464000000.0,5778830598.70413
4471,三洋化成工業,プライム（内国株式）,化学,2026-03-31,連結,6370.0,149911580000.0,0.9329935124305488,8.397961074583293,2882000000.0,2.647467036780014,8.289494973998773,13960000000.0,118415580000.0,-5.770363401680717,10007000000.0,5523051110.24141
7769,リズム,プライム（内国株式）,精密機器,2026-03-31,連結,4005.0,33582297465.0,0.5356502717679562,6.013901630607737,8218000000.0,0.706984667802385,4.970553945418378,1927000000.0,27787297465.0,-5.783027246780276,1586000000.0,874167473.2670503
6266,タツモ,プライム（内国株式）,機械,2025-12-31,連結,3575.0,53061415550.0,1.7999030981789188,13.599418589073512,7910455000.0,0.7472667501426908,11.931987889343578,7905231000.0,47024905550.0,-5.974617618328132,4768771000.0,2575476257.5351615
5440,共英製鋼,プライム（内国株式）,鉄鋼,2026-03-31,連結,2032.0,91234219360.0,0.7235093955989526,7.141056373593715,84628000000.0,1.9727513352554709,4.6539768838874,8483000000.0,129503219360.0,-5.990764098991058,16967000000.0,9147665757.521284
9627,アインホールディングス,プライム（内国株式）,小売業,2026-04-30,連結,6228.0,220646904336.0,0.3466258437183156,4.8797550623098935,171853000000.0,0.8525309421424123,3.116466615414688,13617000000.0,341849904336.0,-6.013372400141565,29832000000.0,16045122490.814268
9605,東映,プライム（内国株式）,情報・通信業,2026-03-31,連結,6040.0,446021051800.0,0.0415772489405535,3.0494634936433207,23220000000.0,0.6662360034453058,2.931531479574815,13142000000.0,359246051800.0,-6.015346365284508,36096000000.0,19410133855.31358
6099,エラン,プライム（内国株式）,サービス業,2025-12-31,連結,754.0,45692400000.0,0.7538839329466714,7.323303597680028,828626000.0,4.985083741036366,7.281655553053256,4196289000.0,39699910000.0,-6.024718728987705,4272707000.0,2295299989.1681232
8708,アイザワ証券グループ,プライム（内国株式）,証券、商品先物取引業,2026-03-31,連結,1890.0,74702250000.0,0.2702951276398446,4.421770765839067,12827000000.0,0.6221252046464488,3.864950575863514,3435000000.0,65154250000.0,-6.0261040368521925,26000000.0,13965152.087799868
4368,扶桑化学工業,プライム（内国株式）,化学,2026-03-31,連結,2971.0,105503181000.0,1.7823021152370282,13.493812691422168,16900000000.0,0.510391124260355,11.701213653615833,14005873000.0,84506751000.0,-6.032171956486526,18850539000.0,10118488915.707563
3182,オイシックス・ラ・大地,プライム（内国株式）,小売業,2026-03-31,連結,1715.0,63352100000.0,1.1762077511503457,9.857246506902074,24876000000.0,1.7193278662164335,7.562752302610063,7385000000.0,67137100000.0,-6.056418802696078,7339000000.0,3929235014.6530232
4686,ジャストシステム,プライム（内国株式）,情報・通信業,2026-03-31,連結,4210.0,270386408000.0,0.5921727488820001,6.3530364932920005,0.0,0.0,6.3530364932920005,19043000000.0,205485408000.0,-6.112297201690992,22492000000.0,11970580334.229712
5889,Ｊａｐａｎ　Ｅｙｅｗｅａｒ　Ｈｏｌｄｉｎｇｓ,プライム（内国株式）,小売業,2026-01-31,連結,2666.0,64340070960.0,0.0789235051118746,3.2735410306712476,0.0,0.0,3.2735410306712476,2655000000.0,61286070960.0,-6.203767144458711,5957000000.0,3139652347.000186
9110,ＮＳユナイテッド海運,プライム（内国株式）,海運業,2026-03-31,連結,10480.0,251216080000.0,1.1664021626031902,9.79841297561914,63602000000.0,1.4935064935064934,8.120591098059474,29875000000.0,249193080000.0,-6.288490342713743,20529000000.0,10722526723.231041
9039,サカイ引越センター,プライム（内国株式）,陸運業,2026-03-31,連結,2995.0,126760380000.0,0.2227092721313926,4.136255632788355,3240000000.0,0.691358024691358,4.050398435676821,5964000000.0,104295380000.0,-6.301800852511436,12572000000.0,6557175565.579689
7752,リコー,プライム（内国株式）,電気機器,2026-03-31,連結,1695.0,965697604500.0,0.9264264725373468,8.35855883522408,432126000000.0,1.045644094546498,6.097829666638888,109230000000.0,1204355604500.0,-6.379548841003374,90713000000.0,46922033645.82772
4452,花王,プライム（内国株式）,化学,2025-12-31,連結,3635.0,1648836000000.0,0.3651122238480279,4.990673343088167,131658000000.0,0.409925716629449,4.651951577665591,98642000000.0,1457212000000.0,-6.385009667742675,164069000000.0,84816529656.41214
6763,帝国通信工業,プライム（内国株式）,電気機器,2026-03-31,連結,2873.0,28316288000.0,0.37289450111852,5.03736700671112,46696000.0,15.362343669693335,5.054365750928394,1432112000.0,19204630000.0,-6.434523192195213,1158008000.0,595481002.1402146
5970,ジーテクト,プライム（内国株式）,金属製品,2026-03-31,連結,2327.0,102228042020.0,1.2924404796916138,10.554642878149682,61540000000.0,1.36041598960026,7.099678675474339,13494000000.0,126513042020.0,-6.485563930277899,15623000000.0,7990078112.332985
4985,アース製薬,プライム（内国株式）,化学,2025-12-31,連結,4915.0,109157235000.0,0.3542287216957591,4.925372330174554,7719000000.0,0.8161678973960357,4.653983120754714,6421000000.0,93946235000.0,-6.493112407825202,8087000000.0,4132600835.0971775
6463,ＴＰＲ,プライム（内国株式）,機械,2026-03-31,連結,1597.0,106267574000.0,1.1515506112709015,9.70930366762541,26613000000.0,1.1073535490173976,7.986525900978232,8807000000.0,73511574000.0,-6.50402693120638,10278000000.0,5246113383.47669
6070,キャリアリンク,プライム（内国株式）,サービス業,2026-03-31,連結,2588.0,32623551600.0,0.7249670188572235,7.14980211314334,531032000.0,0.7166988053450639,7.046764060940305,2315225000.0,21837700600.0,-6.50416375726634,3895177000.0,1988153448.6048434
9543,静岡ガス,プライム（内国株式）,電気・ガス業,2025-12-31,連結,1300.0,99049600000.0,0.3383267231987517,4.82996033919251,15549000000.0,0.7022959675863399,4.269909402146994,5086000000.0,81943600000.0,-6.524727105322553,14072000000.0,7166766313.269687
9989,サンドラッグ,プライム（内国株式）,小売業,2026-03-31,連結,3740.0,446298628160.0,0.0282204470849875,2.969322682509925,48215000000.0,0.5575028518096028,2.734170633071175,14720000000.0,423990628160.0,-6.5301750051280525,46831000000.0,23836787621.87991
6457,グローリー,プライム（内国株式）,機械,2026-03-31,連結,4877.0,287441650170.0,0.7778617257713606,7.467170354628164,75274000000.0,1.673884741079257,6.264895842707065,29580000000.0,312673650170.0,-6.563823633409943,29752000000.0,15089218343.847044
7294,ヨロズ,プライム（内国株式）,輸送用機器,2026-03-31,連結,924.0,23151407664.0,1.2511540311701863,10.306924187021117,39105000000.0,1.7399309551208286,4.925754876039769,2422000000.0,32493407664.0,-6.77130086113043,3980000000.0,1974146215.7575622
1433,ベステラ,プライム（内国株式）,建設業,2026-01-31,連結,1300.0,12086360000.0,1.1985744731348758,9.991446838809253,570700000.0,1.9444717014193094,9.628613075604493,1635552000.0,11222673000.0,-6.802013430161197,741091000.0,366384286.6850153
4825,ウェザーニューズ,プライム（内国株式）,情報・通信業,2025-05-31,連結,2144.0,50787072000.0,0.8684767191526335,8.0108603149158,0.0,0.0,8.0108603149158,4166587000.0,33816638000.0,-6.85719045867022,4517299000.0,2220098151.0604806
3382,セブン＆アイ・ホールディングス,プライム（内国株式）,小売業,2026-02-28,連結,2001.5,5213016832500.0,0.1318340200391015,3.591004120234609,1974359000000.0,1.0555881681092447,2.89452999386614,264459000000.0,6761229832500.0,-6.920574206919644,422993000000.0,206476264747.02158
8750,第一ライフグループ,プライム（内国株式）,保険業,2026-03-31,連結,1843.0,6675152888617.0,0.7744557181685392,7.446734309011235,1337337000000.0,3.2581839880299426,6.747637848550426,624258000000.0,5924901888617.0,-6.9947557381654315,,
8173,Ｊｏｓｈｉｎ,プライム（内国株式）,小売業,2026-03-31,連結,4330.0,121240000000.0,0.3056065883012668,4.633639529807601,36930000000.0,0.7126997021391822,3.718166887487346,8428000000.0,153641000000.0,-7.009343319006961,5422000000.0,2621516885.8428254
2060,フィード・ワン,プライム（内国株式）,食料品,2026-03-31,連結,1408.0,54175796224.0,0.6891816963874834,6.9350901783249,24620000000.0,0.710804224207961,4.990292009717983,5233000000.0,67702796224.0,-7.036801160595924,8091000000.0,3900432745.211461
2229,カルビー,プライム（内国株式）,食料品,2026-03-31,連結,3067.0,410762696600.0,-0.0725813052907871,2.364512168255277,36766000000.0,0.7387259968449109,2.2309483212166614,10623000000.0,401947696600.0,-7.046941015511693,26173000000.0,12603476913.753122
2804,ブルドックソース,プライム（内国株式）,食料品,2026-03-31,連結,1871.0,24713627380.0,0.243858066477929,4.263148398867574,4293779000.0,1.033262308097366,3.785049223530643,1368231000.0,24278118380.0,-7.06681329354038,613134000.0,294620996.81097233
1861,熊谷組,プライム（内国株式）,建設業,2026-03-31,連結,1297.0,224565174000.0,0.7374911802460763,7.224947081476458,49733000000.0,1.404701103894798,6.169678324189475,20301000000.0,209619174000.0,-7.0673227796135105,27092000000.0,13017439038.687351
2288,丸大食品,プライム（内国株式）,食料品,2026-03-31,連結,2271.0,60194174451.0,0.209503539418545,4.05702123651127,8581000000.0,2.2106980538398786,3.8266576008393454,3374000000.0,58979174451.0,-7.085405221516866,7504000000.0,3598588577.99394
1980,ダイダン,プライム（内国株式）,建設業,2026-03-31,連結,2760.0,380579160000.0,1.6301543757926136,12.580926254755681,3521000000.0,2.107355864811133,12.484916293856434,56694000000.0,302175160000.0,-7.13686687528467,34479000000.0,16443262296.17172
5110,住友ゴム工業,プライム（内国株式）,ゴム製品,2025-12-31,連結,2223.5,584876110500.0,1.222627945101585,10.13576767060951,322051000000.0,0.8474744683295502,6.8374826381571,87610000000.0,808285110500.0,-7.198101777186189,82584000000.0,39125915305.79929
2462,ライク,プライム（内国株式）,サービス業,2025-05-31,連結,1542.0,31556721600.0,0.3148355570007266,4.689013342004359,9146478000.0,0.9563003376818924,3.8502297154132608,1863028000.0,31926143600.0,-7.225623980065138,2951067000.0,1393989460.7617762
7575,日本ライフライン,プライム（内国株式）,卸売業,2026-03-31,連結,1584.0,112939200000.0,0.3135722418337536,4.681433451002521,2900000000.0,0.8206896551724139,4.584780875640232,7421000000.0,103345200000.0,-7.27630824772591,12606000000.0,5922218794.07691
8032,日本紙パルプ商事,プライム（内国株式）,卸売業,2026-03-31,連結,1216.0,146182060160.0,0.76958163483034,7.41748980898204,77095000000.0,2.744795382320514,5.804062184284178,18340000000.0,197997060160.0,-7.295884434690198,10848000000.0,5085572215.373232
9928,ミロク情報サービス,プライム（内国株式）,情報・通信業,2026-03-31,連結,2070.0,66874012020.0,0.6060666827701465,6.436400096620879,5452000000.0,0.706162876008804,6.004449648168972,5688000000.0,58572012020.0,-7.456071685199034,6677000000.0,3076526650.878838
2607,不二製油,プライム（内国株式）,食料品,2026-03-31,連結,4596.0,402467124000.0,0.2817052507106822,4.490231504264093,0.0,0.0,4.490231504264093,25615000000.0,355656124000.0,-7.586792853451324,29822000000.0,13548062463.626562
3843,フリービット,プライム（内国株式）,情報・通信業,2025-04-30,連結,1786.0,41817404000.0,0.8201997908288778,7.721198744973267,20923683000.0,0.37318955749807525,5.2706926687903914,3623505000.0,42063551000.0,-7.643403882846672,5883783000.0,2656659098.6555243
2384,ＳＢＳホールディングス,プライム（内国株式）,陸運業,2025-12-31,連結,5170.0,205343094000.0,0.591971922950793,6.351831537704758,96340000000.0,1.0993356861116879,4.674490445656437,21458000000.0,281244094000.0,-7.739759758663095,21295000000.0,9515321266.149982
9672,東京都競馬,プライム（内国株式）,サービス業,2025-12-31,連結,5060.0,145550161240.0,0.4928980577020648,5.757388346212389,7466600000.0,0.6977499799105349,5.510498426966381,12694747000.0,138773338240.0,-7.812045308344801,15414135000.0,6833779400.12374
7744,ノーリツ鋼機,プライム（内国株式）,精密機器,2025-12-31,連結,2015.0,219270115740.0,0.9481176790002336,8.488706074001401,0.0,0.0,8.488706074001401,16967000000.0,121871115740.0,-7.831975469531666,20815000000.0,9208294644.128063
4097,高圧ガス工業,プライム（内国株式）,化学,2026-03-31,連結,1212.0,67359324000.0,0.5891413158747779,6.334847895248667,6915000000.0,0.8604483007953724,5.825176838590587,4695000000.0,48246324000.0,-7.874611298963768,5871000000.0,2585267062.472763
2307,クロスキャット,プライム（内国株式）,情報・通信業,2026-03-31,連結,1050.0,17855957700.0,1.0812393027354297,9.287435816412579,700000000.0,0.6158,8.96030933931952,2264414000.0,15251621700.0,-8.058951670946952,2014029000.0,869281091.8164423
3662,エイチームホールディングス,プライム（内国株式）,情報・通信業,2025-07-31,連結,975.0,18340856625.0,0.850683071067498,7.904098426404988,34000000.0,2.0588235294117645,7.893282595263896,1607000000.0,12073856625.0,-8.143317557103186,845000000.0,361380130.10866004
1961,三機工業,プライム（内国株式）,建設業,2026-03-31,連結,2440.0,130933220640.0,0.6586130363978087,6.751678218386852,6131000000.0,1.381503832979938,6.511465717975047,10800000000.0,97280220640.0,-8.150200617596576,27991000000.0,11961910119.622215
9202,ＡＮＡホールディングス,プライム（内国株式）,空運業,2026-03-31,連結,3068.0,1485812645148.0,1.0416531004184904,9.049918602510942,974654000000.0,1.6222064445433968,6.107611142303028,181159000000.0,1724081645148.0,-8.251070863681159,217437000000.0,91905920152.834
5563,新日本電工,プライム（内国株式）,鉄鋼,2025-12-31,連結,446.0,61274156000.0,1.2953323432969073,10.571994059781442,9978000000.0,4.033874523952695,9.656409740782038,10483000000.0,65244156000.0,-8.251127899104633,5161000000.0,2181429587.798061
4507,塩野義製薬,プライム（内国株式）,医薬品,2026-03-31,連結,2912.5,2591053767937.5,0.478870412761595,5.67322247656957,660000000000.0,0.01643939393939394,4.524832723266759,195304000000.0,2539656767937.5,-8.258489089498095,166725000000.0,70414096240.95175
4078,堺化学工業,プライム（内国株式）,化学,2026-03-31,連結,3915.0,62640000000.0,1.2291147785540455,10.174688671324272,13000000000.0,0.8723076923076922,8.575918804491703,8748000000.0,60196000000.0,-8.32353144791323,6452000000.0,2705659336.1633973
9025,鴻池運輸,プライム（内国株式）,陸運業,2026-03-31,連結,2932.0,166984559944.0,0.3628467167080905,4.977080300248543,45007000000.0,0.9067478392250093,4.112925835223243,10495000000.0,151054559944.0,-8.327765354226718,22785000000.0,9550524288.213795
4053,Ｓｕｎ　Ａｓｔｅｒｉｓｋ,プライム（内国株式）,情報・通信業,2025-12-31,連結,466.0,18227627280.0,0.6247286608567272,6.548371965140363,1777000000.0,0.9848058525604951,6.054163458094665,1271000000.0,12109627280.0,-8.348916719454518,1052000000.0,439938292.6611728
8174,日本瓦斯,プライム（内国株式）,小売業,2026-03-31,連結,2996.0,338029692000.0,0.1712204577075323,3.8273227462451938,43012000000.0,0.5321770668650609,3.45536658255721,20266000000.0,357255692000.0,-8.393682548192622,21278000000.0,8854928408.876389
8766,東京海上ホールディングス,プライム（内国株式）,保険業,2026-03-31,連結,7693.0,14878262000000.0,0.45388287823093,5.52329726938558,0.0,0.0,5.52329726938558,1206090000000.0,12545856000000.0,-8.403444756258521,,
9932,杉本商事,プライム（内国株式）,卸売業,2026-03-31,連結,1329.0,30298542000.0,0.8511849646934927,7.907109788160956,2300000000.0,0.5390608695652174,7.387254866036826,3101278000.0,24298016000.0,-8.415059280997756,2047772000.0,850202322.2109427
3183,ウイン・パートナーズ,プライム（内国株式）,卸売業,2026-03-31,連結,1268.0,38678197080.0,0.392333133350184,5.153998800101103,0.0,0.0,5.153998800101103,2514209000.0,27746454080.0,-8.553879582181507,3020761000.0,1235290834.6695547
9531,東京瓦斯,プライム（内国株式）,電気・ガス業,2026-03-31,連結,6136.0,2277014376000.0,0.1449330738234205,3.669598442940523,1199652000000.0,1.1026447669824249,2.7838502064895243,142993000000.0,3289623376000.0,-8.621287277352446,197677000000.0,80242878384.75728
9302,三井倉庫ホールディングス,プライム（内国株式）,倉庫・運輸関連業,2026-03-31,連結,3358.0,261894133948.0,0.159695753985488,3.7581745239129276,79690000000.0,0.8661061613753293,3.0834683390943263,14780000000.0,293886133948.0,-8.679570853544421,22111000000.0,8918417964.06347
4714,リソー教育グループ,プライム（内国株式）,サービス業,2026-02-28,連結,211.0,36251099549.0,-0.1276627613434857,2.0340234319390857,0.0,0.0,2.0340234319390857,745193000.0,28169968549.0,-8.711788119902891,2704189000.0,1086886126.9923844
8999,グランディハウス,プライム（内国株式）,不動産業,2026-03-31,連結,576.0,17754163200.0,0.3644098028990689,4.986458817394413,34690050000.0,0.8555020820091063,2.253972486598377,1350368000.0,42521578200.0,-8.732057769313812,1892909000.0,759123305.1093218
6459,大和冷機工業,プライム（内国株式）,機械,2025-12-31,個別,1663.0,86005371000.0,0.5508929589281615,6.105357753568969,0.0,0.0,6.105357753568969,2957669000.0,26794750000.0,-8.895000752378163,7477522000.0,2945640810.7890944
8014,蝶理,プライム（内国株式）,卸売業,2026-03-31,連結,4255.0,107664265000.0,0.7599258469294035,7.359555081576421,469000000.0,13.582089552238806,7.386543711455863,10566000000.0,79935265000.0,-8.902697261653797,13056000000.0,5138842705.770448
9434,ソフトバンク,プライム（内国株式）,情報・通信業,2026-03-31,連結,237.6999969482422,11402941805291.105,0.1539301257471413,3.723580754482848,0.0,0.0,3.723580754482848,648457000000.0,9964142805291.105,-8.906582676502733,1042576000000.0,410183012625.7833
7921,ＴＡＫＡＲＡ　＆　ＣＯＭＰＡＮＹ,プライム（内国株式）,その他製品,2025-05-31,連結,4395.0,57808722735.0,0.3396165031199259,4.837699018719555,208890000.0,0.6025180717123845,4.822450425985118,3396622000.0,38976125735.0,-8.928741226359488,4048821000.0,1589066128.3785777
2181,パーソルホールディングス,プライム（内国株式）,サービス業,2026-03-31,連結,298.8999938964844,681024805393.5242,0.4066655965556465,5.239993579333879,32634000000.0,2.5911625911625906,5.118868540569288,58468000000.0,628640805393.5242,-8.961281879622412,66512000000.0,26011257404.694366
6809,ＴＯＡ,プライム（内国株式）,電気機器,2026-03-31,連結,1705.0,59225962675.0,0.8561910454966134,7.93714627297968,204000000.0,23.33333333333333,7.989995408650319,4770000000.0,33437962675.0,-8.974832290644214,4656000000.0,1818142209.3922617
9692,シーイーシー,プライム（内国株式）,情報・通信業,2026-01-31,連結,2555.0,89854751000.0,0.2870809121623322,4.522485472973993,367000000.0,0.762942779291553,4.507192573498107,5303000000.0,65021751000.0,-9.003769535558476,7338000000.0,2856352005.0891013
8892,エスコン,プライム（内国株式）,不動産業,2026-03-31,連結,1125.0,110903497875.0,0.2762985928342859,4.457791557005716,369768000000.0,1.0296456156292595,1.8206086284257954,9187000000.0,418618497875.0,-9.026930302421581,26101000000.0,10134110604.409218
8771,イー・ギャランティ,プライム（内国株式）,その他金融業,2026-03-31,連結,1802.0,81694511534.0,0.0524494982018398,3.1146969892110388,0.0,0.0,3.1146969892110388,3857090000.0,72980900534.0,-9.07033088267784,5201333000.0,2009882952.1136374
2198,アイ・ケイ・ケイホールディングス,プライム（内国株式）,サービス業,2025-10-31,連結,789.0,23635915200.0,0.1441229177524763,3.6647375065148573,2394798000.0,0.558936494852593,3.3790071081972743,1220819000.0,20728694200.0,-9.113579908817254,1820634000.0,700184710.266447
7414,小野建,プライム（内国株式）,卸売業,2026-03-31,連結,1457.0,36604211000.0,0.4881953539842176,5.729172123905306,60048000000.0,0.46163069544364504,2.4565586531563977,3433000000.0,90543211000.0,-9.126020272549146,4740000000.0,1820429316.849414
4481,ベース,プライム（内国株式）,情報・通信業,2025-12-31,連結,3390.0,63749628000.0,0.328665847402293,4.771995084413758,0.0,0.0,4.771995084413758,4459890000.0,50809619000.0,-9.149775024284972,5749844000.0,2202501094.89242
7818,トランザクション,プライム（内国株式）,その他製品,2025-08-31,連結,1197.0,34444153800.0,0.8270942311296798,7.762565386778079,434606000.0,0.3698062152846486,7.670448077822441,3945216000.0,28267746800.0,-9.185301631851422,5706383000.0,2177320518.9455767
7128,ユニソルホールディングス,プライム（内国株式）,卸売業,2025-12-31,連結,2810.0,68277380000.0,0.4874658000428083,5.72479480025685,873000000.0,0.8018327605956471,5.662644080902536,4364000000.0,41358380000.0,-9.26351241833318,3380000000.0,1278604819.222698
9795,ステップ,プライム（内国株式）,サービス業,2025-09-30,個別,2314.0,38574380000.0,0.4203828301761689,5.322296981057013,104164000.0,0.5450059521523751,5.309431405177662,3099215000.0,31098904000.0,-9.353685929711192,3780121000.0,1415817230.524168
4544,Ｈ．Ｕ．グループホールディングス,プライム（内国株式）,サービス業,2026-03-31,連結,3648.0,209731990656.0,0.2444789039943033,4.266873423965819,55281000000.0,0.86865288254554,3.5580137213329692,13957000000.0,216908990656.0,-9.389920942465075,4780000000.0,1783170989.1822557
4751,サイバーエージェント,プライム（内国株式）,サービス業,2025-09-30,連結,1335.5,676804155800.0,0.8505173730118412,7.903104238071047,53018000000.0,0.5650911011354635,7.370033575030414,68809000000.0,503671155800.0,-9.391490862998337,71702000000.0,26743676852.932606
3391,ツルハホールディングス,プライム（内国株式）,小売業,2026-02-28,連結,2343.5,1064673118065.0,0.0610869309826199,3.166521585895719,140253000000.0,1.2527361268564665,2.9437575940107386,51282000000.0,1003617118065.0,-9.513123317389255,63037000000.0,23198051945.84195
2664,カワチ薬品,プライム（内国株式）,小売業,2026-03-15,連結,3710.0,91204488200.0,0.1932498039803211,3.959498823881926,16114000000.0,0.3040834057341442,3.4106338050395033,4349000000.0,69206488200.0,-9.699148254647266,6779000000.0,2443903769.400527
2433,博報堂ＤＹホールディングス,プライム（内国株式）,サービス業,2026-03-31,連結,1360.5,495089536278.0,1.1241415856436012,9.544849513861607,125478000000.0,0.8708299462854044,7.790973322032022,56916000000.0,387490536278.0,-9.715899051804271,44675000000.0,16075975587.805836
8012,長瀬産業,プライム（内国株式）,卸売業,2026-03-31,連結,1153.5,126779206747.5,0.9870571635297584,8.72234298117855,125175000000.0,1.8722588376273217,5.3191083468454075,21288000000.0,206564206747.5,-9.749603761250064,44727000000.0,16034703831.35428
8876,リログループ,プライム（内国株式）,サービス業,2026-03-31,連結,2179.0,333422299800.0,0.061248071720549,3.167488430323294,50635000000.0,0.04838550409795596,2.756258708217593,15411000000.0,320659299800.0,-9.823346518662996,30815000000.0,10957294012.393452
2681,ゲオホールディングス,プライム（内国株式）,小売業,2026-03-31,連結,2398.0,95400957696.0,0.1473645534013678,3.6841873204082067,118649000000.0,0.5941053021938658,1.9713388558463998,3444000000.0,122302957696.0,-9.9098142473866,14239000000.0,5014808042.898887
212A,フィットイージー,プライム（内国株式）,サービス業,2025-10-31,個別,2962.0,48932980500.0,-0.2699202833450629,1.1804782999296224,312169000.0,1.4129205654629382,1.1819517703186049,256305000.0,45971016500.0,-9.911964307102632,2311797000.0,813993376.700842
9534,北海道瓦斯,プライム（内国株式）,電気・ガス業,2026-03-31,連結,845.0,74942205000.0,0.6284988917444397,6.5709933504666385,40480000000.0,0.6692193675889327,4.501167957450715,9482000000.0,105623205000.0,-10.158948038782006,16437000000.0,5630809570.863609
7164,全国保証,プライム（内国株式）,その他金融業,2026-03-31,連結,3222.0,443809814760.0,0.2078167150197936,4.046900290118762,30000000000.0,1.8199999999999998,3.9059006598400963,32297000000.0,418285814760.0,-10.21304778797621,41382000000.0,14091063586.14457
7820,ニホンフラッシュ,プライム（内国株式）,その他製品,2026-03-31,連結,711.0,17817660000.0,0.265472035171636,4.392832211029816,2339963000.0,1.3136575236446044,4.035391512837476,1174144000.0,14566574000.0,-10.286231570646892,1745676000.0,589596147.7003747
2726,パルグループホールディングス,プライム（内国株式）,小売業,2026-02-28,連結,1488.0,275410944000.0,0.3265482399710338,4.759289439826203,12418000000.0,0.8906426155580607,4.5923817772536655,17756000000.0,191564944000.0,-10.288371694488768,27144000000.0,9165607183.643803
9505,北陸電力,プライム（内国株式）,電気・ガス業,2026-03-31,連結,994.5,209177163000.0,0.5713302743570797,6.227981646142478,982211000000.0,0.6067739009235286,1.5937136115025794,20433000000.0,1098404163000.0,-10.403851715568852,87459000000.0,29153983650.074448
7947,エフピコ,プライム（内国株式）,化学,2026-03-31,連結,2774.0,234591632000.0,0.0228913371320284,2.93734802279217,60900000000.0,0.37816091954022985,2.409906709029203,11449000000.0,270013632000.0,-10.571020078751308,21614000000.0,7071603739.383581
2753,あみやき亭,プライム（内国株式）,小売業,2026-03-31,連結,1405.0,28867692000.0,0.359462389121791,4.956774334730746,1033000000.0,0.47434656340755077,4.801916785354401,2049000000.0,20605692000.0,-10.580371654504455,2209000000.0,721978592.8905036
9274,ＫＰＰグループホールディングス,プライム（内国株式）,卸売業,2026-03-31,連結,1105.0,74304620000.0,0.93523230387138,8.41139382322828,83741000000.0,2.616400568419293,5.34089727830056,16271000000.0,145415620000.0,-10.731571303432336,10075000000.0,3237605720.1076884
2730,エディオン,プライム（内国株式）,小売業,2026-03-31,連結,2540.0,284492700000.0,0.0450550936967149,3.070330562180289,67331000000.0,0.6279425524646893,2.6029134237607883,16581000000.0,342865700000.0,-10.737854124438423,25782000000.0,8279227861.126885
6050,イー・ガーディアン,プライム（内国株式）,サービス業,2025-09-30,連結,1794.0,21408727704.0,0.2885679679261738,4.531407807557042,0.0,0.0,4.531407807557042,993262000.0,10422348704.0,-10.78779487128278,1504176000.0,480331864.4560515
8282,ケーズホールディングス,プライム（内国株式）,小売業,2026-03-31,連結,1945.0,326760000000.0,0.1437770398308795,3.662662238985277,42500000000.0,1.352235294117647,3.396743522750444,24822000000.0,358402000000.0,-10.824294807143492,26799000000.0,8522835624.981329
9769,学究社,プライム（内国株式）,サービス業,2026-03-31,連結,2629.0,28835807924.0,0.1958009687085871,3.9748058122515224,1161773000.0,1.1828816817054622,3.8666776908161764,2142043000.0,26579755924.0,-10.831528378038586,2904030000.0,922814321.7945236
3395,サンマルクホールディングス,プライム（内国株式）,小売業,2026-03-31,連結,2518.0,57765717498.0,0.408695807294456,5.252174843766736,20554061000.0,0.8671133164390239,4.1013694680371735,5487709000.0,63446810498.0,-10.895167553795664,5149389000.0,1624681666.6221964
7201,日産自動車,プライム（内国株式）,輸送用機器,2026-03-31,連結,321.0,1192193358000.0,1.4785949700216854,11.671569820130113,8301670000000.0,0.9597767678069593,2.3049118353439413,295474000000.0,7229062358000.0,-10.908605505929275,58005000000.0,18273553056.54591
4559,ゼリア新薬工業,プライム（内国株式）,医薬品,2026-03-31,連結,2040.0,102243147600.0,0.2378178923005948,4.226907353803568,39103930000.0,0.8982710944910139,3.3060339867010002,7707621000.0,113712050600.0,-10.949265336946794,12374444000.0,3880616820.4779177
6118,アイダエンジニアリング,プライム（内国株式）,機械,2026-03-31,連結,1318.0,78634543678.0,0.7205869561911986,7.1235217371471915,4251000000.0,1.9101387908727356,6.856139876316193,6760000000.0,46223543678.0,-11.234177361472192,5690000000.0,1728104849.6416516
8074,ＹＵＡＳＡ,プライム（内国株式）,卸売業,2026-03-31,連結,6440.0,142324000000.0,0.6453408985525285,6.672045391315171,4797000000.0,2.7725661872003333,6.544899696668323,13981000000.0,98636000000.0,-11.364945195843996,16740000000.0,5009687425.166468
8133,伊藤忠エネクス,プライム（内国株式）,卸売業,2026-03-31,連結,2243.0,262164083000.0,0.4394915311871504,5.436949187122902,2226000000.0,10.18867924528302,5.476955797769733,29553000000.0,242466083000.0,-11.51282949406634,24146000000.0,7106377566.995153
4044,セントラル硝子,プライム（内国株式）,化学,2026-03-31,連結,4475.0,116350000000.0,0.8149374128960339,7.689624477376204,24836000000.0,0.7046223224351746,6.4608941959027195,17097000000.0,119108000000.0,-11.691933940822247,10029000000.0,2892420092.910716
9601,松竹,プライム（内国株式）,情報・通信業,2026-02-28,連結,10660.0,148577555620.0,0.0559709058084831,3.1358254348508985,64698000000.0,0.9899842344431049,2.484875851902235,9684000000.0,194581555620.0,-11.731502910294372,6173000000.0,1772366766.387052
8267,イオン,プライム（内国株式）,小売業,2026-02-28,連結,1358.5,3781424146500.0,0.7356942809803356,7.214165685882014,3791119000000.0,0.94861701782508,4.077380574017173,583547000000.0,6309420146500.0,-11.747747229793953,270459000000.0,77510303975.20723
7522,ワタミ,プライム（内国株式）,小売業,2026-03-31,連結,964.0,41148224320.0,0.2075362625945121,4.045217575567072,28009000000.0,1.3470670141740155,2.952453951561954,3457000000.0,54453224320.0,-11.780184747653328,4837000000.0,1381139439.126161
3962,チェンジホールディングス,プライム（内国株式）,情報・通信業,2026-03-31,連結,1028.0,75920228136.0,0.1330693964934793,3.5984163789608754,21782000000.0,1.6582499311358,3.1658704035743206,5082000000.0,71521228136.0,-12.042473794826586,11225000000.0,3111117498.0230894
9991,ジェコス,プライム（内国株式）,卸売業,2026-03-31,連結,1777.0,60055040642.0,0.8196124456765976,7.717674674059586,2909000000.0,1.708490890340323,7.440044530749201,8710000000.0,52472040642.0,-12.044000094106039,8012000000.0,2220218116.178289
2742,ハローズ,プライム（内国株式）,小売業,2026-02-28,個別,3950.0,84867330000.0,0.6777960658644155,6.866776395186493,9886000000.0,0.67974914019826,6.221258697361902,10023000000.0,70054330000.0,-12.097613111737177,12473000000.0,3435402302.2129397
7466,ＳＰＫ,プライム（内国株式）,卸売業,2026-03-31,連結,1454.0,15198662000.0,0.8045684684596088,7.627410810757653,8324000000.0,0.5382027871215762,5.118742038968699,1682000000.0,14044662000.0,-12.1005388587695,3587000000.0,987628249.0126891
3676,デジタルハーツホールディングス,プライム（内国株式）,情報・通信業,2026-03-31,連結,1058.0,25276466400.0,0.3691980061979018,5.015188037187411,5672900000.0,0.6166105519222972,4.208945676886282,2370160000.0,23817215400.0,-12.212877368988535,2626166000.0,713888391.0849397
9729,トーカイ,プライム（内国株式）,サービス業,2026-03-31,連結,2567.0,84947538782.0,0.3640422643631499,4.984253586178899,3040000000.0,0.9210526315789472,4.8438685831094555,7424000000.0,64570538782.0,-12.25277873160196,9382000000.0,2538803872.817889
2410,キャリアデザインセンター,プライム（内国株式）,サービス業,2025-09-30,個別,2967.0,16312331607.0,0.4998425478816139,5.799055287289683,0.0,0.0,5.799055287289683,1710775000.0,12477208607.0,-12.360660428699404,1582805000.0,423075985.88617486
9305,ヤマタネ,プライム（内国株式）,卸売業,2026-03-31,連結,2102.0,47690936924.0,0.2732368344098367,4.43942100645902,73373000000.0,0.9597535878320362,2.330505304608061,5512000000.0,113087936924.0,-12.505728930747766,5864000000.0,1541665432.8180082
9433,ＫＤＤＩ,プライム（内国株式）,情報・通信業,2026-03-31,連結,2922.0,12236890319028.0,0.1992071488427688,3.995242893056613,4868056000000.0,0.43917736361290827,2.98318908042674,1105104000000.0,16026139319028.0,-12.519801950014736,1099125000000.0,288499232414.7202
5852,アーレスティ,プライム（内国株式）,非鉄金属,2026-03-31,連結,688.0,17575648000.0,1.260401806523031,10.362410839138185,39434000000.0,1.3473145001775115,4.126601261247524,4571000000.0,45284648000.0,-12.62188252781758,3739000000.0,970023605.2488202
4116,大日精化工業,プライム（内国株式）,化学,2026-03-31,連結,1383.0,25050431130.0,1.1272845392603312,9.563707235561989,18517000000.0,1.1492142355673165,5.9873851334857955,3111000000.0,21577431130.0,-12.652199352938315,7610000000.0,1967453148.596311
5076,インフロニア・ホールディングス,プライム（内国株式）,建設業,2026-03-31,連結,2858.0,785507010000.0,1.054570750150786,9.127424500904716,573307000000.0,0.9190363976019827,5.664164390464598,138392000000.0,997833010000.0,-12.787737317611686,75805000000.0,19296271193.729862
6418,日本金銭機械,プライム（内国株式）,機械,2026-03-31,連結,1255.0,37239177005.0,1.1871165327518487,9.922699196511093,9120000000.0,0.7626315789473684,8.120686691777218,4629384000.0,24620985005.0,-12.845228141318016,2497095000.0,631461343.0706501
7239,タチエス,プライム（内国株式）,輸送用機器,2026-03-31,連結,2355.0,82994910000.0,1.1107768152152475,9.464660891291484,4055000000.0,6.594327990135635,9.330953689133699,8926000000.0,42472910000.0,-12.915651457602312,11604000000.0,2910776053.9608603
4064,日本カーバイド工業,プライム（内国株式）,化学,2026-03-31,連結,3350.0,31555857650.0,1.095723869695696,9.374343218174175,6854000000.0,1.256200758681062,7.925711230927907,4630000000.0,24567857650.0,-13.16730727480015,4095000000.0,997899018.1146021
5288,アジアパイルホールディングス,プライム（内国株式）,ガラス・土石製品,2026-03-31,連結,1565.0,59609285000.0,0.9260540575353232,8.356324345211938,15780000000.0,3.242712294043092,7.285975977172045,9678000000.0,54145285000.0,-13.365622822273476,10883000000.0,2592096733.525357
5021,コスモエネルギーホールディングス,プライム（内国株式）,石油・石炭製品,2026-03-31,連結,4192.0,691854898624.0,0.5936992366585218,6.362195419951131,494767000000.0,0.7654107893210339,4.028592488339976,116195000000.0,1104851898624.0,-13.395254790199578,144790000000.0,34368094319.76044
9790,福井コンピュータホールディングス,プライム（内国株式）,情報・通信業,2026-03-31,連結,3140.0,64998000000.0,0.4167554370965004,5.300532622579002,0.0,0.0,5.300532622579002,6000000000.0,43513000000.0,-13.483884497156568,7263000000.0,1706420900.6786213
7609,ダイトロン,プライム（内国株式）,卸売業,2025-12-31,連結,3990.0,42427062510.0,1.4615625706005262,11.569375423603159,258408000.0,7.1143695241633385,11.542405844711139,5635150000.0,22040833510.0,-13.613050057357395,7010903000.0,1622764002.169228
9247,ＴＲＥホールディングス,プライム（内国株式）,サービス業,2026-03-31,連結,1921.0,101063810000.0,0.4084854621600279,5.2509127729601675,52861000000.0,0.7071375872571459,3.690485314310406,12016000000.0,120704810000.0,-13.827364110023604,22336000000.0,5043118540.147638
4506,住友ファーマ,プライム（内国株式）,医薬品,2026-03-31,連結,1485.0,590881500000.0,0.1552634176561571,3.7315805059369422,179056000000.0,2.026237601644178,3.3349874330303164,65115000000.0,725627500000.0,-13.921857534879395,107338000000.0,23970790926.685295
8060,キヤノンマーケティングジャパン,プライム（内国株式）,卸売業,2025-12-31,連結,3688.0,409662936736.0,0.4259498798790953,5.355699279274571,2798000000.0,1.7762687634024301,5.331417594170848,36197000000.0,252387936736.0,-13.925558838191293,58188000000.0,12988994935.271595
9948,アークス,プライム（内国株式）,小売業,2026-02-28,連結,3780.0,217913220000.0,0.2663199158880721,4.397919495328432,24149000000.0,0.5217607354341794,4.011219919109201,16602000000.0,150932220000.0,-13.973663171042311,17632000000.0,3913955458.13853
3284,フージャースホールディングス,プライム（内国株式）,不動産業,2026-03-31,連結,1334.0,55716877850.0,0.4708380324475877,5.625028194685526,104549000000.0,1.4462118241207471,2.8989889492318994,9399000000.0,122568877850.0,-14.037974619100119,13800000000.0,3040503316.1801023
3880,大王製紙,プライム（内国株式）,パルプ・紙,2026-03-31,連結,983.0,166139706258.0,0.5860376598121778,6.3162259588730665,396944000000.0,1.1407906404933694,2.667819915176214,32507000000.0,467346706258.0,-14.147061213974805,24032000000.0,5228072167.200921
7280,ミツバ,プライム（内国株式）,電気機器,2026-03-31,連結,1344.0,62030976000.0,2.4415495165994807,17.449297099596883,137687000000.0,1.404199379752627,6.387692060337944,16965000000.0,99090976000.0,-14.256475253977547,23908000000.0,5135190655.764106
4396,システムサポートホールディングス,プライム（内国株式）,情報・通信業,2025-06-30,連結,1412.0,14684800000.0,0.8839951995767245,8.103971197460346,1817270000.0,1.2004930472632023,7.343734224886071,2175838000.0,11382524000.0,-14.262220974800039,2218649000.0,476223576.9859057
9603,エイチ・アイ・エス,プライム（内国株式）,サービス業,2025-10-31,連結,1185.0,94635209160.0,0.5284240504920852,5.970544302952511,166540000000.0,0.8511468716224331,2.7061286221694063,11144000000.0,154811209160.0,-14.306863811359955,11627000000.0,2482721735.2678313
8601,大和証券グループ本社,プライム（内国株式）,証券、商品先物取引業,2026-03-31,連結,1863.0,2923751214000.0,1.0681530695478696,9.208918417287219,4915689000000.0,0.053856132883915143,3.4682739659924477,395263000000.0,4066816214000.0,-14.321333519364138,207333000000.0,44197267112.60804
2749,ＪＰホールディングス,プライム（内国株式）,サービス業,2026-03-31,連結,665.0,58419851000.0,0.461456483679183,5.568738902075098,5293941000.0,0.4712028335789915,5.145187668584077,5931023000.0,41094474000.0,-14.412843336601473,6533894000.0,1378028093.3764687
1964,中外炉工業,プライム（内国株式）,建設業,2026-03-31,連結,4060.0,31668000000.0,0.9825011488007558,8.695006892804535,4445000000.0,1.1653543307086613,7.768213061261431,5109000000.0,25336000000.0,-14.424503158524454,2879000000.0,606367558.2143792
8125,ワキタ,プライム（内国株式）,卸売業,2026-02-28,連結,1928.0,100296488000.0,0.0840645385783175,3.3043872314699048,424000000.0,36.65094339622642,3.444765223024679,8341000000.0,83450488000.0,-14.719755271419727,5282000000.0,1074688933.1503778
5535,ミガロホールディングス,プライム（内国株式）,不動産業,2026-03-31,連結,293.0,18938084300.0,0.536796161299617,6.020776967797702,35535961000.0,1.2173051968398998,2.8872482464167444,3641602000.0,44518232300.0,-14.779451545737615,3061249000.0,618503134.4781858
3088,マツキヨココカラ＆カンパニー,プライム（内国株式）,小売業,2026-03-31,連結,2625.0,1076971875000.0,-0.1215655312044026,2.070606812773584,2187000000.0,1.5043438500228623,2.0694592365193127,48723000000.0,959488875000.0,-14.818701039373765,84935000000.0,17081628648.512398
8136,サンリオ,プライム（内国株式）,卸売業,2026-03-31,連結,1268.0,323857728204.0,0.7408806804969241,7.245284082981544,6686000000.0,1.9368830391863596,7.137909577430768,45679000000.0,233868728204.0,-14.901909391239371,77859000000.0,15506257027.02033
1882,東亜道路工業,プライム（内国株式）,建設業,2026-03-31,連結,1628.0,82042620440.0,0.2945649643012051,4.56738978580723,4632000000.0,0.816062176165803,4.366914151767533,9437000000.0,72765620440.0,-14.946746531412607,5788000000.0,1146668367.4755285
3863,日本製紙,プライム（内国株式）,パルプ・紙,2026-03-31,連結,1396.0,162291829232.0,0.0941196616913688,3.3647179701482126,828252000000.0,0.9480085770997233,1.3439649967405285,14408000000.0,783132829232.0,-15.087289824903744,25205000000.0,4911495238.923557
1379,ホクト,プライム（内国株式）,水産・農林業,2026-03-31,連結,2116.0,70587644000.0,0.1166011873586228,3.4996071241517366,20197000000.0,0.5476060801109076,2.842870891463611,5965000000.0,71923644000.0,-15.130996027264759,7031000000.0,1363038587.8670413
8059,第一実業,プライム（内国株式）,卸売業,2026-03-31,連結,3790.0,124156610000.0,0.7223604046299361,7.134162427779617,7000000000.0,0.37,6.77315022264213,15222000000.0,79327610000.0,-15.226033990308268,13696000000.0,2625540737.6232615
2733,あらた,プライム（内国株式）,卸売業,2026-03-31,連結,2738.0,98725226912.0,0.2302781784195656,4.181669070517394,48728000000.0,0.9725414546051551,3.1211675559490097,10196000000.0,108830226912.0,-15.234188712826263,13207000000.0,2529364434.150383
4072,電算システムホールディングス,プライム（内国株式）,情報・通信業,2025-12-31,連結,3090.0,33366873690.0,0.783533889822575,7.50120333893545,629000000.0,2.448330683624801,7.4077138487351935,3490000000.0,16414873690.0,-15.762086475584042,3624000000.0,652024931.8210987
6194,アトラエ,プライム（内国株式）,サービス業,2025-09-30,個別,898.0,20498772618.0,0.0788230376975196,3.2729382261851176,500000000.0,0.7243599999999999,3.212254245446155,1758065000.0,16838179618.0,-16.066490907518823,1853356000.0,321597491.9345656
9535,広島ガス,プライム（内国株式）,電気・ガス業,2026-03-31,連結,428.0,29419619612.0,0.1503215157115014,3.7019290942690084,33882000000.0,0.34708694882238356,1.9062600060412165,2354000000.0,46937619612.0,-16.100127176576834,1584000000.0,273758871.8252225
9715,トランス・コスモス,プライム（内国株式）,サービス業,2026-03-31,連結,3725.0,163390107100.0,0.512454190661485,5.874725143968909,4358000000.0,0.6746213859568609,5.739629418781937,16026000000.0,88847107100.0,-16.162965673255243,16558000000.0,2840317887.69198
6183,ベルシステム２４ホールディングス,プライム（内国株式）,サービス業,2026-02-28,連結,1386.0,103288455270.0,0.3318499839527307,4.791099903716384,0.0,0.0,4.791099903716384,15080000000.0,96094455270.0,-16.28462051401322,12652000000.0,2139004438.746888
3116,トヨタ紡織,プライム（内国株式）,輸送用機器,2026-03-31,連結,2248.5,421966411893.0,1.3229039817558288,10.737423890534973,189335000000.0,0.7608735838592969,7.647442229172366,74939000000.0,332794411893.0,-16.296892949855984,53948000000.0,9107331427.37375
3678,メディアドゥ,プライム（内国株式）,情報・通信業,2026-02-28,連結,1272.0,19340981328.0,1.0534292247896606,9.120575348737963,2701000000.0,0.9070714550166605,8.114101670767827,1898000000.0,8027981328.0,-16.418786656932777,2453000000.0,408116602.8946719
2461,ファンコミュニケーションズ,プライム（内国株式）,サービス業,2025-12-31,連結,398.0,26391550742.0,0.3360763021583997,4.816457812950398,0.0,0.0,4.816457812950398,1908266000.0,11693138742.0,-16.730189013325575,1965023000.0,314951315.4613214
1808,長谷工コーポレーション,プライム（内国株式）,建設業,2026-03-31,連結,2880.5,842488343308.5,0.4851523428086933,5.710914056852159,425000000000.0,0.7816941176470588,4.058103216246049,137414000000.0,979354343308.5,-16.736068205439874,98743000000.0,15815228306.721895
7613,シークス,プライム（内国株式）,卸売業,2025-12-31,連結,1645.0,82908000000.0,1.3797394472909923,11.078436683745952,39747000000.0,1.5885475633381134,8.00318803616656,22199000000.0,92862000000.0,-16.745622033763148,8853000000.0,1416319607.5607114
6454,マックス,プライム（内国株式）,機械,2026-03-31,連結,1866.0,86838836916.0,0.6778892521063422,6.867335512638053,875000000.0,2.0,6.818780817925098,11037000000.0,51443836916.0,-16.795263320758995,17571000000.0,2794325434.8327694
6440,ＪＵＫＩ,プライム（内国株式）,機械,2025-12-31,連結,697.0,20822302763.0,1.1057848127698595,9.434708876619158,65566000000.0,1.9953939541835706,3.7885032376154326,9936000000.0,73266302763.0,-17.105887969377235,2662000000.0,407797809.0999986
2326,デジタルアーツ,プライム（内国株式）,情報・通信業,2026-03-31,連結,4730.0,66849090000.0,0.4501727428196965,5.501036456918179,0.0,0.0,5.501036456918179,8287000000.0,43766090000.0,-17.28342707718023,4791000000.0,718375474.6265795
2395,新日本科学,プライム（内国株式）,サービス業,2026-03-31,連結,1385.0,57660874000.0,-0.0798519515991385,2.320888290405169,40791021000.0,0.5031774026935977,1.5677663419391556,3023002000.0,80080794000.0,-17.33965179124028,2653906000.0,395237224.23620147
7725,インターアクション,プライム（内国株式）,精密機器,2025-05-31,連結,1828.0,21040645600.0,0.9832651932599858,8.699591159559915,748182000.0,0.6998297205760096,8.424896365382835,3275737000.0,12718354600.0,-17.40396103018311,1418807000.0,209659973.9799236
1898,世紀東急工業,プライム（内国株式）,建設業,2026-03-31,連結,1501.0,56173424000.0,0.586625467272765,6.3197528036365895,6605000000.0,0.9220287660862981,5.751851206297674,9598000000.0,48341424000.0,-17.471899328356074,6417000000.0,940482116.1805351
7347,マーキュリアホールディングス,プライム（内国株式）,証券、商品先物取引業,2025-12-31,連結,809.0,17433869100.0,0.4207747395622516,5.32464843737351,684500000.0,0.9462527392257122,5.159235544036318,2381814000.0,12885822100.0,-17.63317088688991,2515202000.0,361490044.97576934
2153,Ｅ・Ｊホールディングス,プライム（内国株式）,サービス業,2025-05-31,連結,1871.0,30083659320.0,0.6524156435657684,6.71449386139461,7363000000.0,0.5514056770338177,5.502668317394426,3349000000.0,17209659320.0,-17.656734234184672,4481000000.0,642178581.9633492
6419,マースグループホールディングス,プライム（内国株式）,機械,2026-03-31,連結,3195.0,72590400000.0,0.260388339644057,4.362330037864342,0.0,0.0,4.362330037864342,5496688000.0,33627082000.0,-17.822188933838408,8795106000.0,1235340750.1571887
8848,レオパレス２１,プライム（内国株式）,不動産業,2026-03-31,連結,634.0,212019110000.0,0.5515214040950766,6.109128424570459,30000000000.0,2.0999999999999996,5.612168276518044,37469000000.0,186095110000.0,-17.924179022589477,35966000000.0,4989356028.0778475
6310,井関農機,プライム（内国株式）,機械,2025-12-31,連結,1817.0,41763732281.0,1.4472381512396977,11.483428907438185,54995000000.0,1.7692517501591054,5.962158008465616,17668000000.0,83918732281.0,-17.928829943583928,4225000000.0,585777874.1772002
3668,コロプラ,プライム（内国株式）,情報・通信業,2025-09-30,連結,440.0,57301538360.0,0.5265446073897353,5.959267644338412,333000000.0,1.6816816816816815,5.934552670191012,2532000000.0,11986538360.0,-18.024375893555085,1002000000.0,137314069.8190175
4931,新日本製薬,プライム（内国株式）,化学,2025-09-30,連結,2107.0,46048906400.0,0.1997729623343559,3.998637774006135,76000000.0,0.9210526315789472,3.9935668375191082,4494000000.0,29006906400.0,-18.116774490652958,4782000000.0,647976104.3003186
3360,シップヘルスケアホールディングス,プライム（内国株式）,卸売業,2026-03-31,連結,2365.0,223138066910.0,-0.0090452998740309,2.7457282007558144,30368000000.0,0.98195468914647,2.534442235676453,16914000000.0,174902066910.0,-18.266392016238324,24482000000.0,3257268793.6961656
4933,Ｉ－ｎｅ,プライム（内国株式）,化学,2025-12-31,連結,1477.0,26277705790.0,0.3037303796389962,4.622382277833977,6642000000.0,0.6639566395663956,3.823715872456808,3769000000.0,24388705790.0,-18.561856429514417,3880000000.0,497863601.81991935
2931,ユーグレナ,プライム（内国株式）,食料品,2025-12-31,連結,355.0,48492737300.0,-0.043346520205439,2.539920878767366,22854000000.0,1.3813774393979172,2.168812783774641,4491000000.0,55443737300.0,-18.659843344155487,3123000000.0,395933299.5390802
5949,ユニプレス,プライム（内国株式）,輸送用機器,2026-03-31,連結,1335.0,60081638955.0,1.2542077155083051,10.32524629304983,50427000000.0,2.244630852519484,6.637921947434159,13829000000.0,57716638955.0,-18.738761742748096,13603000000.0,1707926024.6660907
5410,合同製鐵,プライム（内国株式）,鉄鋼,2026-03-31,連結,3050.0,52292250000.0,0.7569638537218303,7.341783122330981,54006000000.0,0.9384142502684886,4.088480840265124,13369000000.0,79794250000.0,-18.826141072342534,9813000000.0,1218887779.5351012
1885,東亜建設工業,プライム（内国株式）,建設業,2026-03-31,連結,2134.0,187745052000.0,1.0143649947859408,8.886189968715644,25135000000.0,1.7489556395464492,8.04348825393183,44806000000.0,163649052000.0,-18.904281542975315,24199000000.0,2976985209.0364676
7419,ノジマ,プライム（内国株式）,小売業,2026-03-31,連結,1273.0,391750087008.0,0.0724181450736432,3.234508870441859,63538000000.0,1.6018760426831187,3.0066658243128876,45674000000.0,358988087008.0,-19.05403747947025,58071000000.0,7013119201.396418
1766,東建コーポレーション,プライム（内国株式）,建設業,2026-04-30,連結,13690.0,184431680000.0,0.5694369995853285,6.216621997511971,0.0,0.0,6.216621997511971,16122000000.0,67591680000.0,-19.329700753304518,22373000000.0,2611324853.876298
1663,Ｋ＆Ｏエナジーグループ,プライム（内国株式）,鉱業,2025-12-31,連結,1962.0,55595351682.0,1.1768775322320189,9.861265193392114,877000000.0,1.0376282782212087,9.72423655293138,8365000000.0,26615351682.0,-19.3348601345055,10594000000.0,1235716598.4482868
9438,エムティーアイ,プライム（内国株式）,情報・通信業,2025-09-30,連結,613.0,37046777600.0,0.3826780508402144,5.096068305041286,1693750000.0,0.7649062730627306,4.9067083209076765,4297660000.0,20923971600.0,-19.572237355777993,2946195000.0,333673228.8718517
1814,大末建設,プライム（内国株式）,建設業,2026-03-31,連結,3710.0,39377940000.0,0.993686558250828,8.762119349504967,2753000000.0,1.5510352342898654,8.29091897825317,9144000000.0,31354940000.0,-19.659290529254275,6579000000.0,737083199.0755304
3431,宮地エンジニアリンググループ,プライム（内国株式）,金属製品,2026-03-31,連結,1621.0,44864417000.0,0.3323130524800763,4.793878314880457,300000000.0,11.433333333333332,4.837980212742569,6906000000.0,32794417000.0,-20.052052871615217,4525000000.0,482716061.4614037
3916,デジタル・インフォメーション・テクノロジー,プライム（内国株式）,情報・通信業,2025-06-30,連結,970.0,15036765400.0,0.5144975398328766,5.8869852389972595,8500000.0,12.51764705882353,5.8907313095364024,2357892000.0,9707512400.0,-20.131256055445895,3013992000.0,318354241.76601875
9533,東邦瓦斯,プライム（内国株式）,電気・ガス業,2026-03-31,連結,1224.0,112076784000.0,0.3740565257885865,5.044339154731519,153440000000.0,0.5693430656934307,2.4582751419118845,24954000000.0,222528784000.0,-20.204769866948443,31784000000.0,3326426010.9363823
9413,テレビ東京ホールディングス,プライム（内国株式）,情報・通信業,2026-03-31,連結,3445.0,95009655000.0,0.4378764446979554,5.427258668187732,5564000000.0,0.7296908698777858,5.16737682109968,12382000000.0,55417655000.0,-20.2141947960457,11402000000.0,1191893249.1666646
8194,ライフコーポレーション,プライム（内国株式）,小売業,2026-02-28,連結,2691.0,243539805600.0,0.5568440776593655,6.141064465956193,29524000000.0,0.8985909768324075,5.574241679051876,58093000000.0,246471805600.0,-20.23093408253855,26006000000.0,2712805291.301492
3034,クオールホールディングス,プライム（内国株式）,小売業,2026-03-31,連結,2527.0,98307337695.0,0.1491648779570502,3.694989267742301,37481000000.0,0.6835463301406045,2.86375519668551,15610000000.0,114800337695.0,-20.365238076583463,14811000000.0,1519187023.911055
7846,パイロットコーポレーション,プライム（内国株式）,その他製品,2025-12-31,連結,2071.5,84735121800.0,0.185494689789956,3.912968138739736,4748000000.0,1.2236731255265372,3.7702733772485666,9143000000.0,50902121800.0,-20.54314983285737,16649000000.0,1669942819.2116587
4008,住友精化,プライム（内国株式）,化学,2026-03-31,連結,1541.0,21560131000.0,1.1620007549830436,9.772004529898261,17478000000.0,1.1214097722851584,5.898993929735005,5270000000.0,21049131000.0,-20.567918492820542,14464000000.0,1446264900.5058103
8070,東京産業,プライム（内国株式）,卸売業,2026-03-31,連結,959.0,27502668074.0,0.6049279220395043,6.429567532237026,10054000000.0,1.6083150984682713,5.138907991470463,4288000000.0,18184668074.0,-21.026455250341964,3426000000.0,323298490.9164085
3154,メディアスホールディングス,プライム（内国株式）,卸売業,2025-06-30,連結,800.0,17790573600.0,0.6745016989838354,6.847010193903012,21227995000.0,0.5729924093160941,3.433640023242211,4275068000.0,24698201600.0,-21.084583712113297,1875749000.0,175708690.3418968
4689,ＬＩＮＥヤフー,プライム（内国株式）,情報・通信業,2026-03-31,連結,554.0,3813871176000.0,0.095987334822327,3.375924008933962,0.0,0.0,3.375924008933962,489104000000.0,2745839176000.0,-21.60684708657091,341322000000.0,29918898450.046444
1963,日揮ホールディングス,プライム（内国株式）,建設業,2026-03-31,連結,2276.0,556010868000.0,0.9410294297189362,8.446176578313617,35182000000.0,2.415439713489852,8.08728628064137,62309000000.0,190722868000.0,-21.873084143081773,35399000000.0,2999147310.7482734
6464,ツバキ・ナカシマ,プライム（内国株式）,機械,2025-12-31,連結,333.0,13852666800.0,1.1183835444714902,9.510301266828941,92844000000.0,1.1392227823014949,2.2260586177655477,8637000000.0,72063666800.0,-22.20495396704783,-22336000000.0,-1813530325.3066137
1414,ショーボンドホールディングス,プライム（内国株式）,建設業,2025-06-30,連結,1271.5,69608496370.0,0.2532475851756138,4.319485511053683,0.0,0.0,4.319485511053683,8525000000.0,37085496370.0,-22.34362420723986,20794000000.0,1658476118.1568696
9519,レノバ,プライム（内国株式）,電気・ガス業,2026-03-31,連結,905.0,82583331500.0,-0.1261723595607195,2.0429658426356827,332120000000.0,1.3324701914970492,1.4739571134252134,22818000000.0,391622331500.0,-22.62187415494383,8283000000.0,637337873.7750573
8278,フジ,プライム（内国株式）,小売業,2026-02-28,連結,2092.0,181704747768.0,-0.071663322943555,2.3700200623386696,38571000000.0,0.8203054108008608,2.0986599855706163,21391000000.0,181332747768.0,-22.858653674091105,11217000000.0,837045106.9324926
5911,横河ブリッジホールディングス,プライム（内国株式）,金属製品,2026-03-31,連結,2990.0,129060360000.0,0.7412265540436963,7.247359324262177,58075000000.0,0.4809298321136461,5.147486842885456,38429000000.0,142647360000.0,-22.93005281967549,13500000000.0,998123732.3873562
3333,あさひ,プライム（内国株式）,小売業,2026-02-20,個別,1329.0,34874023200.0,0.0052934541032144,2.8317607246192864,0.0,0.0,2.8317607246192864,4045760000.0,22604048200.0,-23.561023829646473,3937894000.0,268171509.2124394
1852,淺沼組,プライム（内国株式）,建設業,2026-03-31,連結,918.0,74161548000.0,0.4256690228869823,5.354014137321894,14221000000.0,1.5406792771253779,4.740437857004035,17553000000.0,64735548000.0,-23.770779272826488,7211000000.0,477760561.6721197
4996,クミアイ化学工業,プライム（内国株式）,化学,2025-10-31,連結,778.0,103617628136.0,0.2489165887223253,4.293499532333952,51106000000.0,0.8505850585058505,3.156287399841828,26760000000.0,132878628136.0,-23.776428395765688,10567000000.0,699591708.6493529
8078,阪和興業,プライム（内国株式）,卸売業,2026-03-31,連結,1883.0,79712361120.0,1.1846763537676266,9.908058122605759,341875000000.0,1.5508007312614258,3.130963659727417,67243000000.0,336082361120.0,-23.78214563402575,58444000000.0,3866402994.4987526
7874,レック,プライム（内国株式）,化学,2026-03-31,連結,959.0,36600561060.0,0.1714820874306205,3.828892524583723,44900000000.0,0.48797327394209344,1.9883251419447847,6913000000.0,57322561060.0,-23.849619665453396,4136000000.0,271207251.7058459
3038,神戸物産,プライム（内国株式）,卸売業,2025-10-31,連結,2870.0,785232000000.0,-0.2395637743788362,1.3626173537269826,30134000000.0,0.05342802150394903,1.3142328106663095,32861000000.0,684868000000.0,-24.05021672678353,39878000000.0,2546822970.3671727
8142,トーホー,プライム（内国株式）,卸売業,2026-01-31,連結,1411.0,15537932000.0,0.5608086559088252,6.164851935452951,18520000000.0,0.6576673866090712,3.1701587214143343,5155000000.0,22907932000.0,-25.07426013860491,7853000000.0,437870814.1316045
4784,ＧＭＯインターネット,プライム（内国株式）,サービス業,2025-12-31,連結,582.0,159874543296.0,-0.2245479752236251,1.4527121486582493,5504000000.0,1.627906976744186,1.4585428466107588,11726000000.0,151549543296.0,-25.331296799684853,8224000000.0,443066781.0636813
4516,日本新薬,プライム（内国株式）,医薬品,2026-03-31,連結,3592.0,252343330528.0,-0.1831195950059219,1.7012824299644684,0.0,0.0,1.7012824299644684,19754000000.0,175751330528.0,-25.632293871459545,35496000000.0,1836636769.0377865
2491,バリューコマース,プライム（内国株式）,サービス業,2025-12-31,連結,489.0,16856319000.0,0.1497448099050687,3.6984688594304123,0.0,0.0,3.6984688594304123,1552000000.0,5830319000.0,-25.753901171971616,1971000000.0,100328198.79093029
8129,東邦ホールディングス,プライム（内国株式）,卸売業,2026-03-31,連結,3957.0,288963652494.0,-0.2653873368767988,1.207675978739207,7509000000.0,0.5220402184045811,1.1903103334392349,8028000000.0,213186652494.0,-25.776407546667002,16601000000.0,842469050.2044487
2935,ピックルスホールディングス,プライム（内国株式）,食料品,2026-02-28,連結,1180.0,15172440000.0,0.4388182216689819,5.432909330013891,3151000000.0,0.48873373532211994,4.582681572623698,3777000000.0,12109440000.0,-26.111954767119084,2085000000.0,101122507.55321279
9405,朝日放送グループホールディングス,プライム（内国株式）,情報・通信業,2026-03-31,連結,854.0,35725382000.0,0.0713968357217909,3.228381014330745,13801000000.0,0.5630026809651474,2.4856478508467132,3869000000.0,18940382000.0,-26.491157781780405,4763000000.0,219420099.23230737
6535,アイモバイル,プライム（内国株式）,サービス業,2025-07-31,連結,511.0,29713213068.0,0.3672898021923793,5.003738813154276,0.0,0.0,5.003738813154276,4210000000.0,12217213068.0,-26.91386036056259,4133000000.0,179727957.46800748
3245,ディア・ライフ,プライム（内国株式）,不動産業,2025-09-30,連結,1167.0,52394565600.0,0.5843697756791176,6.306218654074706,14096000000.0,1.7182179341657204,5.333562495050589,14133000000.0,39326565600.0,-27.076557327224037,7726000000.0,328568811.1299081
2220,亀田製菓,プライム（内国株式）,食料品,2026-03-31,連結,1398.0,31200564000.0,-0.0647077129948332,2.4117537220310004,47225000000.0,0.5751191106405505,1.3057996797634308,4142000000.0,59824564000.0,-27.283026953907775,7528000000.0,311198528.4388391
7649,スギホールディングス,プライム（内国株式）,小売業,2026-02-28,連結,1321.0,250980110994.0,0.2970756895494419,4.582454137296651,94040000000.0,0.6557847724372607,3.5121861288390255,71849000000.0,233870110994.0,-28.146388882437577,48568000000.0,1781706693.9149415
7236,ティラド,プライム（内国株式）,輸送用機器,2026-03-31,連結,1550.0,9145000000.0,2.088937146431078,15.333622878586468,19500000000.0,0.8866666666666666,5.498899676197355,5177000000.0,13085000000.0,-28.44234291744222,11249000000.0,395981633.4263526
3632,グリーホールディングス,プライム（内国株式）,情報・通信業,2025-06-30,連結,421.0,75674623700.0,-0.2315015362649863,1.410990782410082,16700000000.0,0.7964071856287426,1.299882929894431,669000000.0,8473623700.0,-28.496972959410417,4860000000.0,169777661.47693136
7868,広済堂ホールディングス,プライム（内国株式）,その他製品,2026-03-31,連結,556.0,91373065020.0,-0.1091024705527073,2.1453851766837557,15882000000.0,1.2208789824959072,2.008487144191272,17452000000.0,84832065020.0,-29.085192308870067,6740000000.0,216784981.4112415
5408,中山製鋼所,プライム（内国株式）,鉄鋼,2026-03-31,連結,641.0,40433639000.0,0.3885055689237439,5.131033413542463,8515000000.0,1.5619495008807986,4.510163249689407,10009000000.0,25723639000.0,-29.647709237666074,4911000000.0,145865426.46467325
6417,ＳＡＮＫＹＯ,プライム（内国株式）,機械,2026-03-31,連結,2021.5,464945000000.0,-0.2300230337304339,1.4198617976173964,0.0,0.0,1.4198617976173964,34887000000.0,272506000000.0,-30.286768267146392,62484000000.0,1694029558.5797837
3443,川田テクノロジーズ,プライム（内国株式）,金属製品,2026-03-31,連結,1409.0,24621161890.0,1.097971803980886,9.387830823885317,16402000000.0,1.6686989391537617,6.301545044333306,11571000000.0,23546161890.0,-31.40459006728672,8598000000.0,198311545.47379988
3612,ワールド,プライム（内国株式）,繊維製品,2026-02-28,連結,1656.0,61038504000.0,0.7218761186729822,7.131256712037893,0.0,0.0,7.131256712037893,22251000000.0,42929504000.0,-31.62357551059981,16028000000.0,358049609.9059889
2501,サッポロホールディングス,プライム（内国株式）,食料品,2025-12-31,連結,1932.0,152230008000.0,-0.2634071922972327,1.2195568462166038,170588000000.0,1.115318779750041,1.1644739114306422,22092000000.0,300458008000.0,-31.985155862673064,24437000000.0,517708100.6565603
6191,エアトリ,プライム（内国株式）,サービス業,2025-09-30,連結,828.0,18581284620.0,0.811507023857242,7.669042143143452,0.0,0.0,7.669042143143452,3602000000.0,6469284620.0,-32.62604753177997,3099000000.0,59723030.180305876
9201,日本航空,プライム（内国株式）,空運業,2026-03-31,連結,3062.0,1338531866000.0,0.9864194685721484,8.71851681143289,0.0,0.0,8.71851681143289,192455000000.0,328346866000.0,-32.876119425646976,207349000000.0,3850104395.376969
3661,エムアップホールディングス,プライム（内国株式）,情報・通信業,2026-03-31,連結,844.0,61605902944.0,-0.2489750253067221,1.3061498481596672,0.0,0.0,1.3061498481596672,6810000000.0,45222902944.0,-33.676307255213324,5003000000.0,82398155.46171837
9602,東宝,プライム（内国株式）,情報・通信業,2026-02-28,連結,1564.5,275352000000.0,-0.2092444389630293,1.544533366221824,1620000000.0,5.0555555555555545,1.5650692180289405,44891000000.0,190289000000.0,-33.98167800706339,67889000000.0,1067687669.1593716
8273,イズミ,プライム（内国株式）,小売業,2026-02-28,連結,1043.0,74746803600.0,0.0239806487770179,2.9438838926621074,118511000000.0,0.7070229767700889,1.5721792625507105,42744000000.0,165169803600.0,-34.80947658940662,27236000000.0,377561762.95263016
4301,アミューズ,プライム（内国株式）,サービス業,2026-03-31,連結,1917.0,35701287840.0,0.6421268273895715,6.652760964337428,185000000.0,0.7567567567567568,6.622366046276647,5720000000.0,9573287840.0,-35.05455652846853,6123000000.0,81743104.2162518
4641,アルプス技研,プライム（内国株式）,サービス業,2025-12-31,連結,877.0,18194242000.0,0.372085205204325,5.03251123122595,210734000.0,0.8819174883976957,4.98498760382208,3129943000.0,5179398000.0,-36.88034953531471,5397487000.0,54179807.45715452
6196,ストライクグループ,プライム（内国株式）,サービス業,2025-09-30,個別,1350.0,25924050000.0,0.4551300459248835,5.530780275549301,0.0,0.0,5.530780275549301,3603407000.0,5774766000.0,-36.9784794472695,6332319000.0,62582305.61464843
9612,ラックランド,プライム（内国株式）,サービス業,2025-12-31,連結,1244.0,14140174800.0,0.3957852242070439,5.1747113452422635,2323000000.0,1.657339647008179,4.678400363049584,4223000000.0,5126174800.0,-43.7579264136278,4033000000.0,12771486.978114227
